collection	ranker	recall	precision
curated	QOV	1.0	0.42877564148381103
curated	QOV	1.0	0.42978936810431295
curated	QOV	1.0	0.4318934485241181
curated	QOV	1.0	0.4340496346139932
curated	QOV	1.0	0.4363543788187373
curated	QOV	0.9998333055509252	0.4389958281490156
curated	QOV	0.9998333055509252	0.4427221730144671
curated	QOV	0.9998333055509252	0.44541809000445565
curated	QOV	0.9998333055509252	0.44828101644245144
curated	QOV	0.9998333055509252	0.45203104981535913
curated	QOV	0.9998333055509252	0.45580971198419334
curated	QOV	0.9994999166527755	0.45914694846466036
curated	QOV	0.9994999166527755	0.4618702819288245
curated	QOV	0.9994999166527755	0.4646981322173138
curated	QOV	0.9994999166527755	0.46756082345601996
curated	QOV	0.9994999166527755	0.47090237964344617
curated	QOV	0.9994999166527755	0.47451725229503006
curated	QOV	0.9994999166527755	0.477426546699578
curated	QOV	0.9994999166527755	0.48033325322438514
curated	QOV	0.9994999166527755	0.4833534864973801
curated	QOV	0.9994999166527755	0.48621472591631526
curated	QOV	0.9994999166527755	0.4890701468189233
curated	QOV	0.9994999166527755	0.49252505339247576
curated	QOV	0.9994999166527755	0.49488279960382964
curated	QOV	0.9994999166527755	0.4980480106321123
curated	QOV	0.9994999166527755	0.5010445391493273
curated	QOV	0.9994999166527755	0.503315705531772
curated	QOV	0.9994999166527755	0.5057781526781948
curated	QOV	0.9994999166527755	0.5089550971903913
curated	QOV	0.9994999166527755	0.5114731723961443
curated	QOV	0.9994999166527755	0.5140162880411487
curated	QOV	0.9993332222037006	0.5166767215375334
curated	QOV	0.9993332222037006	0.5194974003466204
curated	QOV	0.9993332222037006	0.5215764746824431
curated	QOV	0.9993332222037006	0.5243134511107224
curated	QOV	0.9993332222037006	0.5269866385372715
curated	QOV	0.9993332222037006	0.5291729190572866
curated	QOV	0.9993332222037006	0.5317073170731708
curated	QOV	0.9993332222037006	0.5339330245814037
curated	QOV	0.9993332222037006	0.535937779367066
curated	QOV	0.9993332222037006	0.537909376401974
curated	QOV	0.9993332222037006	0.5400414377083146
curated	QOV	0.9993332222037006	0.5417005511882172
curated	QOV	0.9993332222037006	0.5437148557953927
curated	QOV	0.9993332222037006	0.5458932799125842
curated	QOV	0.9993332222037006	0.5479389452518051
curated	QOV	0.9993332222037006	0.5501009359515507
curated	QOV	0.9993332222037006	0.5519749562655373
curated	QOV	0.9993332222037006	0.5534527326440177
curated	QOV	0.9993332222037006	0.5551439948143346
curated	QOV	0.9993332222037006	0.5573115180812495
curated	QOV	0.9993332222037006	0.558974358974359
curated	QOV	0.9993332222037006	0.5605947260145876
curated	QOV	0.9993332222037006	0.5618556701030928
curated	QOV	0.9993332222037006	0.5627522763540787
curated	QOV	0.9993332222037006	0.5642884036144579
curated	QOV	0.9993332222037006	0.5659397715472482
curated	QOV	0.9993332222037006	0.5669566862114621
curated	QOV	0.9993332222037006	0.5683003128258602
curated	QOV	0.9993332222037006	0.569812755441498
curated	QOV	0.9993332222037006	0.5714421885425602
curated	QOV	0.9993332222037006	0.5725883476599809
curated	QOV	0.9993332222037006	0.573903886655179
curated	QOV	0.9993332222037006	0.5750047957030501
curated	QOV	0.9993332222037006	0.5764977401673238
curated	QOV	0.9993332222037006	0.578054189567062
curated	QOV	0.9993332222037006	0.5790592098908529
curated	QOV	0.9993332222037006	0.5800116099071208
curated	QOV	0.9993332222037006	0.5810234541577826
curated	QOV	0.9993332222037006	0.5822649572649573
curated	QOV	0.9993332222037006	0.5837958905443568
curated	QOV	0.9993332222037006	0.5844788924636833
curated	QOV	0.9993332222037006	0.5856207873400411
curated	QOV	0.9993332222037006	0.5867671527845747
curated	QOV	0.9993332222037006	0.5876874816194491
curated	QOV	0.9993332222037006	0.588668499607227
curated	QOV	0.9993332222037006	0.5900009841551028
curated	QOV	0.9993332222037006	0.5908150192175027
curated	QOV	0.9993332222037006	0.591864942245039
curated	QOV	0.9993332222037006	0.5932706580900544
curated	QOV	0.9991665277546258	0.5944069813566045
curated	QOV	0.9991665277546258	0.5957658284464765
curated	QOV	0.9991665277546258	0.5968930491933878
curated	QOV	0.9991665277546258	0.5980245435498354
curated	QOV	0.9991665277546258	0.599220233929821
curated	QOV	0.9991665277546258	0.5999399459513562
curated	QOV	0.9991665277546258	0.6011433156152843
curated	QOV	0.9991665277546258	0.6025937468583492
curated	QOV	0.9991665277546258	0.6036253776435045
curated	QOV	0.9991665277546258	0.6044776119402985
curated	QOV	0.9991665277546258	0.6054545454545455
curated	QOV	0.9991665277546258	0.6063732928679818
curated	QOV	0.9991665277546258	0.6076642335766423
curated	QOV	0.9991665277546258	0.6085279187817259
curated	QOV	0.9991665277546258	0.609766022380468
curated	QOV	0.998999833305551	0.6104094520268893
curated	QOV	0.998999833305551	0.6112187659357471
curated	QOV	0.9988331388564761	0.6117406840224604
curated	QOV	0.9988331388564761	0.6123658661216147
curated	QOV	0.9986664444074013	0.6135804997951659
curated	QOV	0.9986664444074013	0.6143355209187858
curated	QOV	0.9986664444074013	0.6151555601191088
curated	QOV	0.9986664444074013	0.6161678494291886
curated	QOV	0.9986664444074013	0.6171199011124846
curated	QOV	0.9986664444074013	0.6176288659793815
curated	QOV	0.9986664444074013	0.6183300650221901
curated	QOV	0.9986664444074013	0.6192248062015504
curated	QOV	0.9986664444074013	0.6203789996893445
curated	QOV	0.9986664444074013	0.621537503890445
curated	QOV	0.9986664444074013	0.6227003429996881
curated	QOV	0.9986664444074013	0.6241275132826336
curated	QOV	0.9986664444074013	0.6249087305726505
curated	QOV	0.9986664444074013	0.6263460533193936
curated	QOV	0.9986664444074013	0.6275927089880579
curated	QOV	0.9986664444074013	0.6285144775493076
curated	QOV	0.9986664444074013	0.6293728332808068
curated	QOV	0.9986664444074013	0.6302335367136546
curated	QOV	0.9986664444074013	0.6314957310003162
curated	QOV	0.9986664444074013	0.6326293558606124
curated	QOV	0.9986664444074013	0.633767058076801
curated	QOV	0.9986664444074013	0.6347070664265282
curated	QOV	0.9986664444074013	0.6358522606665251
curated	QOV	0.9986664444074013	0.6365954733822123
curated	QOV	0.9986664444074013	0.637340425531915
curated	QOV	0.9986664444074013	0.638359083644113
curated	QOV	0.9986664444074013	0.6393810032017075
curated	QOV	0.9986664444074013	0.6404061998931053
curated	QOV	0.9986664444074013	0.6412287273894894
curated	QOV	0.9986664444074013	0.6428801373537933
curated	QOV	0.9986664444074013	0.6441242877109988
curated	QOV	0.9986664444074013	0.6452342487883683
curated	QOV	0.9986664444074013	0.6462086074857081
curated	QOV	0.9986664444074013	0.64683653638523
curated	QOV	0.9986664444074013	0.6481661798117494
curated	QOV	0.9986664444074013	0.6490790899241603
curated	QOV	0.9986664444074013	0.6497126125149116
curated	QOV	0.9986664444074013	0.6507005539263604
curated	QOV	0.9986664444074013	0.6516915044055259
curated	QOV	0.9986664444074013	0.65339731704657
curated	QOV	0.9986664444074013	0.654682548355371
curated	QOV	0.9986664444074013	0.6555421818579713
curated	QOV	0.9986664444074013	0.656835873259511
curated	QOV	0.9986664444074013	0.6571240539651201
curated	QOV	0.9986664444074013	0.6579901153212521
curated	QOV	0.9986664444074013	0.6587135788894998
curated	QOV	0.9986664444074013	0.6598017621145374
curated	QOV	0.9986664444074013	0.660529217199559
curated	QOV	0.9986664444074013	0.6617695791450348
curated	QOV	0.9986664444074013	0.6630146082337317
curated	QOV	0.9986664444074013	0.6642643308570795
curated	QOV	0.9984997499583264	0.6652598844957797
curated	QOV	0.9984997499583264	0.6662217773328885
curated	QOV	0.9984997499583264	0.6665924771867349
curated	QOV	0.9984997499583264	0.6669635898006904
curated	QOV	0.9984997499583264	0.6680049068807851
curated	QOV	0.9984997499583264	0.6686760437597679
curated	QOV	0.9984997499583264	0.669124218051832
curated	QOV	0.9984997499583264	0.6709229390681004
curated	QOV	0.9983330555092516	0.6719398631212835
curated	QOV	0.9981663610601766	0.6725822756374256
curated	QOV	0.9981663610601766	0.6737931810509733
curated	QOV	0.9981663610601766	0.6742483954509627
curated	QOV	0.9981663610601766	0.6750845546786922
curated	QOV	0.9979996666111018	0.6758099108251495
curated	QOV	0.9979996666111018	0.6768030748360842
curated	QOV	0.9979996666111018	0.6775690357627886
curated	QOV	0.9979996666111018	0.6784904805077062
curated	QOV	0.9979996666111018	0.6793373425621241
curated	QOV	0.9979996666111018	0.679954571266326
curated	QOV	0.9979996666111018	0.680882520186512
curated	QOV	0.9979996666111018	0.6820460241512873
curated	QOV	0.9979996666111018	0.6825903545775852
curated	QOV	0.9979996666111018	0.6831355545413054
curated	QOV	0.9979996666111018	0.6832914859621091
curated	QOV	0.9979996666111018	0.6839940591797098
curated	QOV	0.9979996666111018	0.6842285714285714
curated	QOV	0.9979996666111018	0.6843067779174763
curated	QOV	0.9979996666111018	0.6851682307164111
curated	QOV	0.9979996666111018	0.6856390288593679
curated	QOV	0.9979996666111018	0.6861104744441898
curated	QOV	0.997832972162027	0.6867041413330274
curated	QOV	0.997832972162027	0.6870982552800735
curated	QOV	0.997832972162027	0.6876507754164274
curated	QOV	0.997832972162027	0.6882041848700851
curated	QOV	0.997832972162027	0.6888377445339471
curated	QOV	0.997832972162027	0.6893930669123575
curated	QOV	0.997832972162027	0.6901083698409038
curated	QOV	0.997832972162027	0.6908251586843623
curated	QOV	0.997832972162027	0.691543438077634
curated	QOV	0.997832972162027	0.6921031333102092
curated	QOV	0.997832972162027	0.692583593659609
curated	QOV	0.997832972162027	0.6935465183640366
curated	QOV	0.997832972162027	0.6940289855072463
curated	QOV	0.997832972162027	0.6945927129264331
curated	QOV	0.997832972162027	0.6953996282527881
curated	QOV	0.997832972162027	0.6958846779818647
curated	QOV	0.997832972162027	0.696289403280214
curated	QOV	0.997832972162027	0.6968568102444703
curated	QOV	0.997832972162027	0.6973438956197577
curated	QOV	0.997832972162027	0.697831662392166
curated	QOV	0.997832972162027	0.6982386562463548
curated	QOV	0.997832972162027	0.6990540698353381
curated	QOV	0.997832972162027	0.699707773232028
curated	QOV	0.997832972162027	0.7008547008547008
curated	QOV	0.997832972162027	0.7017584994138335
curated	QOV	0.997832972162027	0.7023348586178576
curated	QOV	0.997832972162027	0.7029121653358384
curated	QOV	0.997832972162027	0.7035731076633757
curated	QOV	0.997832972162027	0.7045668549905838
curated	QOV	0.997832972162027	0.7051478383790788
curated	QOV	0.997832972162027	0.7061460422319217
curated	QOV	0.9976662777129521	0.707028942705257
curated	QOV	0.9976662777129521	0.7078651685393258
curated	QOV	0.9976662777129521	0.708619464835425
curated	QOV	0.9976662777129521	0.7093753703923196
curated	QOV	0.9976662777129521	0.7103014478993591
curated	QOV	0.9976662777129521	0.7108076009501187
curated	QOV	0.9976662777129521	0.711568184520271
curated	QOV	0.9976662777129521	0.7121608757734412
curated	QOV	0.9976662777129521	0.7127545551982851
curated	QOV	0.9976662777129521	0.7135193133047211
curated	QOV	0.9976662777129521	0.7143709715922655
curated	QOV	0.9976662777129521	0.7148829431438127
curated	QOV	0.9974995832638773	0.7163893212019634
curated	QOV	0.9973328888148024	0.7176442365359242
curated	QOV	0.9973328888148024	0.7182472989195678
curated	QOV	0.9973328888148024	0.7187650168188371
curated	QOV	0.9973328888148024	0.7193699651316581
curated	QOV	0.9973328888148024	0.7201492537313433
curated	QOV	0.9973328888148024	0.7207565353571859
curated	QOV	0.9973328888148024	0.7212778782399035
curated	QOV	0.9973328888148024	0.722235634958957
curated	QOV	0.9973328888148024	0.723195938595431
curated	QOV	0.9973328888148024	0.7239835430784124
curated	QOV	0.9973328888148024	0.7248606736127938
curated	QOV	0.9973328888148024	0.7258279752517287
curated	QOV	0.9973328888148024	0.7262685117747026
curated	QOV	0.9973328888148024	0.7271511910549344
curated	QOV	0.9973328888148024	0.7297231369679229
curated	QOV	0.9973328888148024	0.7303466796875
curated	QOV	0.9973328888148024	0.7315075192566328
curated	QOV	0.9973328888148024	0.7324926542605289
curated	QOV	0.9973328888148024	0.7331209410611444
curated	QOV	0.9973328888148024	0.7336603310852238
curated	QOV	0.9973328888148024	0.7343807536516509
curated	QOV	0.9973328888148024	0.7351025924560757
curated	QOV	0.9973328888148024	0.7361880152577827
curated	QOV	0.9973328888148024	0.7370041882237004
curated	QOV	0.9973328888148024	0.7384596395951617
curated	QOV	0.9973328888148024	0.7390982087708462
curated	QOV	0.9973328888148024	0.7401039089559623
curated	QOV	0.9973328888148024	0.7429529367937414
curated	QOV	0.9973328888148024	0.743691733996271
curated	QOV	0.9973328888148024	0.7442467968652817
curated	QOV	0.9973328888148024	0.7450809464508095
curated	QOV	0.9973328888148024	0.7459169679591073
curated	QOV	0.9973328888148024	0.7469413233458178
curated	QOV	0.9973328888148024	0.748062015503876
curated	QOV	0.9973328888148024	0.7492798998121478
curated	QOV	0.9973328888148024	0.7508785140562249
curated	QOV	0.9971661943657276	0.7519798868636078
curated	QOV	0.9971661943657276	0.753210778141526
curated	QOV	0.9971661943657276	0.7539702546004537
curated	QOV	0.9971661943657276	0.7552076757985103
curated	QOV	0.9971661943657276	0.7564491654021245
curated	QOV	0.9971661943657276	0.7574069384654343
curated	QOV	0.9971661943657276	0.758751902587519
curated	QOV	0.9971661943657276	0.7599085365853658
curated	QOV	0.9971661943657276	0.7608750953955736
curated	QOV	0.9971661943657276	0.7631075392269422
curated	QOV	0.9971661943657276	0.7643751597239969
curated	QOV	0.9971661943657276	0.7657450076804916
curated	QOV	0.9971661943657276	0.7666282199154172
curated	QOV	0.9971661943657276	0.767316572601334
curated	QOV	0.9971661943657276	0.7682034159496597
curated	QOV	0.9971661943657276	0.7690923116482387
curated	QOV	0.9971661943657276	0.7701815372730784
curated	QOV	0.9971661943657276	0.7713733075435203
curated	QOV	0.9971661943657276	0.7730679762212458
curated	QOV	0.9971661943657276	0.7764797507788161
curated	QOV	0.9971661943657276	0.7781969558995707
curated	QOV	0.9971661943657276	0.7804305283757339
curated	QOV	0.9971661943657276	0.7821652719665272
curated	QOV	0.9971661943657276	0.7833944473546359
curated	QOV	0.9971661943657276	0.7852454712522972
curated	QOV	0.9971661943657276	0.7874160852968277
curated	QOV	0.9971661943657276	0.7889738855183329
curated	QOV	0.9971661943657276	0.7903289734443123
curated	QOV	0.9971661943657276	0.7910605659878339
curated	QOV	0.9971661943657276	0.7924228374619154
curated	QOV	0.9971661943657276	0.7935791987264527
curated	QOV	0.9971661943657276	0.7942113648433351
curated	QOV	0.9971661943657276	0.7949501661129568
curated	QOV	0.9971661943657276	0.7959020755721128
curated	QOV	0.9971661943657276	0.7971748400852878
curated	QOV	0.9971661943657276	0.7988782051282052
curated	QOV	0.9971661943657276	0.8008032128514057
curated	QOV	0.9971661943657276	0.8016617528812651
curated	QOV	0.9971661943657276	0.8028452556703798
curated	QOV	0.9971661943657276	0.803924203736057
curated	QOV	0.9971661943657276	0.8050060557125555
curated	QOV	0.9971661943657276	0.8060908233391726
curated	QOV	0.9971661943657276	0.808050790220181
curated	QOV	0.9971661943657276	0.8094722598105548
curated	QOV	0.9971661943657276	0.8102397399431126
curated	QOV	0.9971661943657276	0.8106789537877761
curated	QOV	0.9971661943657276	0.8116689280868385
curated	QOV	0.9971661943657276	0.8127717391304348
curated	QOV	0.9971661943657276	0.8133242692046228
curated	QOV	0.9971661943657276	0.8146534114122294
curated	QOV	0.9971661943657276	0.8156531224434143
curated	QOV	0.9971661943657276	0.8172131147540984
curated	QOV	0.9971661943657276	0.8183310533515732
curated	QOV	0.9971661943657276	0.8197889543648075
curated	QOV	0.9969994999166528	0.820551515982988
curated	QOV	0.9969994999166528	0.8217917010167628
curated	QOV	0.9968328054675779	0.8236914600550964
curated	QOV	0.9968328054675779	0.8244864194126569
curated	QOV	0.9966661110185031	0.8257146802927773
curated	QOV	0.9966661110185031	0.8270853506709088
curated	QOV	0.9966661110185031	0.8276578073089701
curated	QOV	0.9966661110185031	0.8286902286902287
curated	QOV	0.9966661110185031	0.8300708038317368
curated	QOV	0.9966661110185031	0.8308782657031685
curated	QOV	0.9964994165694282	0.8317796020592737
curated	QOV	0.9964994165694282	0.8325905292479109
curated	QOV	0.9964994165694282	0.8330546265328874
curated	QOV	0.9961660276712786	0.8341708542713567
curated	QOV	0.9961660276712786	0.8353368744758177
curated	QOV	0.9961660276712786	0.8360380526021265
curated	QOV	0.9961660276712786	0.8370920296960359
curated	QOV	0.9961660276712786	0.8376787216148024
curated	QOV	0.9961660276712786	0.8390901432181971
curated	QOV	0.9961660276712786	0.8396796402978783
curated	QOV	0.9961660276712786	0.8412162162162162
curated	QOV	0.9961660276712786	0.842520795150148
curated	QOV	0.9961660276712786	0.843829426715617
curated	QOV	0.9961660276712786	0.8446643109540636
curated	QOV	0.9961660276712786	0.8456204895995472
curated	QOV	0.9961660276712786	0.8464589235127479
curated	QOV	0.9961660276712786	0.8485020587817691
curated	QOV	0.9961660276712786	0.8491048593350383
curated	QOV	0.9961660276712786	0.8497085169913267
curated	QOV	0.9961660276712786	0.8503130335799659
curated	QOV	0.9961660276712786	0.8509184109354977
curated	QOV	0.9961660276712786	0.8516460025651988
curated	QOV	0.9961660276712786	0.8524964336661911
curated	QOV	0.9961660276712786	0.8533485649007568
curated	QOV	0.9961660276712786	0.8542024013722127
curated	QOV	0.9961660276712786	0.8557926392667907
curated	QOV	0.9961660276712786	0.8565285939515551
curated	QOV	0.9961660276712786	0.8575118381403358
curated	QOV	0.9961660276712786	0.8583740304510198
curated	QOV	0.9959993332222037	0.8587237711986203
curated	QOV	0.9959993332222037	0.8597122302158273
curated	QOV	0.9959993332222037	0.8607029674445404
curated	QOV	0.9958326387731289	0.8621734738057439
curated	QOV	0.9958326387731289	0.8630453626119619
curated	QOV	0.9958326387731289	0.8637941006362059
curated	QOV	0.9958326387731289	0.8642939814814815
curated	QOV	0.995665944324054	0.8650253439536568
curated	QOV	0.995665944324054	0.8675381263616557
curated	QOV	0.995665944324054	0.868673647469459
curated	QOV	0.995665944324054	0.869305777907146
curated	QOV	0.995665944324054	0.8700655498907501
curated	QOV	0.995665944324054	0.870826651115323
curated	QOV	0.995665944324054	0.8733733001900863
curated	QOV	0.9954992498749792	0.8738659642961663
curated	QOV	0.9953325554259043	0.8747436273073542
curated	QOV	0.9953325554259043	0.875128242708486
curated	QOV	0.9953325554259043	0.8757700205338809
curated	QOV	0.9951658609768295	0.8763945977686436
curated	QOV	0.9951658609768295	0.8769095182138661
curated	QOV	0.9951658609768295	0.8779411764705882
curated	QOV	0.9951658609768295	0.8784579164214243
curated	QOV	0.9951658609768295	0.8792341678939617
curated	QOV	0.9951658609768295	0.8798820928518791
curated	QOV	0.9949991665277547	0.8803834808259587
curated	QOV	0.9949991665277547	0.8814235085646781
curated	QOV	0.9949991665277547	0.8823355506282335
curated	QOV	0.9949991665277547	0.8827270038450162
curated	QOV	0.994665777629605	0.8837381516587678
curated	QOV	0.99449908318053	0.8842448495627686
curated	QOV	0.9943323887314552	0.884752299021062
curated	QOV	0.9943323887314552	0.8854089357280689
curated	QOV	0.9943323887314552	0.8863298662704309
curated	QOV	0.9941656942823804	0.8868401486988847
curated	QOV	0.9941656942823804	0.8876320881083495
curated	QOV	0.9939989998333055	0.8881441763479297
curated	QOV	0.9939989998333055	0.8890711197256598
curated	QOV	0.9939989998333055	0.8896016708936297
curated	QOV	0.9938323053842307	0.8905153099327857
curated	QOV	0.9938323053842307	0.8911808669656204
curated	QOV	0.9936656109351558	0.8911645985947078
curated	QOV	0.993498916486081	0.8924827792752321
curated	QOV	0.993498916486081	0.8932853717026379
curated	QOV	0.9933322220370062	0.8936712657468506
curated	QOV	0.9933322220370062	0.8940735183795949
curated	QOV	0.9933322220370062	0.8947447447447447
curated	QOV	0.9931655275879313	0.8954012623985572
curated	QOV	0.9929988331388565	0.8953855403577333
curated	QOV	0.9929988331388565	0.8957894736842106
curated	QOV	0.9929988331388565	0.8963286187180258
curated	QOV	0.9929988331388565	0.8971385542168675
curated	QOV	0.9929988331388565	0.8979499547784142
curated	QOV	0.9929988331388565	0.8986272439281943
curated	QOV	0.9929988331388565	0.8991698113207547
curated	QOV	0.9929988331388565	0.8993055555555556
curated	QOV	0.9929988331388565	0.8999848919776401
curated	QOV	0.9928321386897816	0.9006502343868138
curated	QOV	0.9928321386897816	0.9007864488808227
curated	QOV	0.9928321386897816	0.9017411052233156
curated	QOV	0.9928321386897816	0.9024242424242425
curated	QOV	0.9928321386897816	0.9032453745829542
curated	QOV	0.9928321386897816	0.9040680024286581
curated	QOV	0.9928321386897816	0.9058555133079847
curated	QOV	0.9928321386897816	0.9061311425528678
curated	QOV	0.9928321386897816	0.9068209500609014
curated	QOV	0.9928321386897816	0.9073735527117611
curated	QOV	0.9928321386897816	0.9079268292682927
curated	QOV	0.9928321386897816	0.9082037206465385
curated	QOV	0.9926654442407068	0.9084668192219679
curated	QOV	0.9926654442407068	0.9086054317973756
curated	QOV	0.9926654442407068	0.9091603053435114
curated	QOV	0.9926654442407068	0.9098548510313216
curated	QOV	0.9926654442407068	0.9106897079064077
curated	QOV	0.9926654442407068	0.9109683340982102
curated	QOV	0.9924987497916319	0.9123505976095617
curated	QOV	0.9924987497916319	0.9133302653781254
curated	QOV	0.9924987497916319	0.9138910207214122
curated	QOV	0.9924987497916319	0.9140313171630334
curated	QOV	0.9924987497916319	0.9143120393120393
curated	QOV	0.9924987497916319	0.9144524650591307
curated	QOV	0.9921653608934823	0.914847832769751
curated	QOV	0.9921653608934823	0.914988470407379
curated	QOV	0.9921653608934823	0.915129151291513
curated	QOV	0.9921653608934823	0.9156923076923077
curated	QOV	0.9921653608934823	0.9163972286374134
curated	QOV	0.9921653608934823	0.9172445677300046
curated	QOV	0.9921653608934823	0.917951881554596
curated	QOV	0.9921653608934823	0.9183767937046752
curated	QOV	0.9921653608934823	0.9190858554663373
curated	QOV	0.9921653608934823	0.9199381761978361
curated	QOV	0.9921653608934823	0.9202226345083488
curated	QOV	0.9919986664444074	0.9203526136715126
curated	QOV	0.9919986664444074	0.9206373762376238
curated	QOV	0.9918319719953326	0.9209100758396533
curated	QOV	0.9916652775462577	0.9210404087320019
curated	QOV	0.9916652775462577	0.9216111541440744
curated	QOV	0.9914985830971829	0.9217418255075159
curated	QOV	0.9913318886481081	0.9224445478517139
curated	QOV	0.9913318886481081	0.9228739913097455
curated	QOV	0.9911651941990332	0.9232919254658385
curated	QOV	0.9911651941990332	0.9234353160428638
curated	QOV	0.9911651941990332	0.9237222308528817
curated	QOV	0.9909984997499584	0.9239975132110662
curated	QOV	0.9909984997499584	0.9242848258706468
curated	QOV	0.9908318053008834	0.9245605848498989
curated	QOV	0.9908318053008834	0.9249922191098662
curated	QOV	0.9908318053008834	0.925280199252802
curated	QOV	0.9908318053008834	0.9255683587667394
curated	QOV	0.9908318053008834	0.9257125058402118
curated	QOV	0.9908318053008834	0.9261452165783733
curated	QOV	0.9908318053008834	0.92643391521197
curated	QOV	0.9908318053008834	0.9268673007952596
curated	QOV	0.9908318053008834	0.9270118527760449
curated	QOV	0.9908318053008834	0.9271564498518172
curated	QOV	0.9908318053008834	0.9275905118601748
curated	QOV	0.9904984164027338	0.9281474539206498
curated	QOV	0.9904984164027338	0.9284375
curated	QOV	0.9904984164027338	0.9285825910298484
curated	QOV	0.9903317219536589	0.9288617886178862
curated	QOV	0.9903317219536589	0.9291523303096653
curated	QOV	0.9899983330555092	0.9291301627033792
curated	QOV	0.9899983330555092	0.9292755437333751
curated	QOV	0.9899983330555092	0.9294209702660406
curated	QOV	0.9899983330555092	0.9297119599248591
curated	QOV	0.9898316386064344	0.9297009550649757
curated	QOV	0.9898316386064344	0.929846539304729
curated	QOV	0.9898316386064344	0.9304293324976496
curated	QOV	0.9896649441573595	0.9304184297132111
curated	QOV	0.9896649441573595	0.930564263322884
curated	QOV	0.9896649441573595	0.9308560677328316
curated	QOV	0.9894982497082847	0.9311372549019608
curated	QOV	0.9893315552592099	0.9314187068424357
curated	QOV	0.989164860810135	0.9318467336683417
curated	QOV	0.9888314719119853	0.9318253220232485
curated	QOV	0.9888314719119853	0.9321181646763043
curated	QOV	0.9886647774629105	0.9322540081735303
curated	QOV	0.9884980830138357	0.932683233721296
curated	QOV	0.9883313885647608	0.9331129996852376
curated	QOV	0.9879979996666111	0.9336798991808444
curated	QOV	0.9876646107684615	0.9341005833201955
curated	QOV	0.9876646107684615	0.934247871333964
curated	QOV	0.9874979163193865	0.934384858044164
curated	QOV	0.9873312218703117	0.9345219312085832
curated	QOV	0.9873312218703117	0.9348169191919192
curated	QOV	0.9873312218703117	0.9349644830307814
curated	QOV	0.986997832972162	0.9349439444181272
curated	QOV	0.986997832972162	0.9350915982312066
curated	QOV	0.9868311385230871	0.935376836783062
curated	QOV	0.9866644440740123	0.9355144618302513
curated	QOV	0.9864977496249375	0.9355042680999052
curated	QOV	0.9863310551758626	0.9356419987349779
curated	QOV	0.9863310551758626	0.9360860623319095
curated	QOV	0.9863310551758626	0.9363823389776863
curated	QOV	0.9859976662777129	0.936658749010293
curated	QOV	0.9859976662777129	0.9368070953436807
curated	QOV	0.9859976662777129	0.9371039290240811
curated	QOV	0.9858309718286381	0.9370939629218824
curated	QOV	0.9856642773795633	0.9372325249643366
curated	QOV	0.9856642773795633	0.9373811033608117
curated	QOV	0.9854975829304884	0.9375198223913733
curated	QOV	0.9853308884814136	0.9378073933047755
curated	QOV	0.9853308884814136	0.9379562043795621
curated	QOV	0.9853308884814136	0.9385519212448397
curated	QOV	0.9851641940323387	0.9389895138226882
curated	QOV	0.9849974995832639	0.9389798188463372
curated	QOV	0.9849974995832639	0.9391290527654164
curated	QOV	0.9848308051341891	0.9391193768876173
curated	QOV	0.9846641106851142	0.9391096979332273
curated	QOV	0.9844974162360394	0.9395482023544385
curated	QOV	0.9843307217869645	0.9398376571701417
curated	QOV	0.9843307217869645	0.9402866242038217
curated	QOV	0.9843307217869645	0.9404363752189839
curated	QOV	0.9841640273378897	0.9407265774378585
curated	QOV	0.9841640273378897	0.9408764940239044
curated	QOV	0.9839973328888149	0.9410170572293958
curated	QOV	0.9839973328888149	0.9416174828521295
curated	QOV	0.9839973328888149	0.9420683051388445
curated	QOV	0.9839973328888149	0.942218675179569
curated	QOV	0.98383063843974	0.9422094508301405
curated	QOV	0.9836639439906651	0.9422002235350471
curated	QOV	0.9834972495415902	0.9423414789969653
curated	QOV	0.9833305550925154	0.942332268370607
curated	QOV	0.9833305550925154	0.9427840818283523
curated	QOV	0.9829971661943657	0.942765787370104
curated	QOV	0.9828304717452909	0.9430582213691618
curated	QOV	0.9828304717452909	0.9432090865461527
curated	QOV	0.9828304717452909	0.94336
curated	QOV	0.9824970828471412	0.9434928765807588
curated	QOV	0.9821636939489915	0.9437770302739068
curated	QOV	0.9821636939489915	0.9439282281320089
curated	QOV	0.9819969994999167	0.944221830421542
curated	QOV	0.9819969994999167	0.9445246111912778
curated	QOV	0.9819969994999167	0.9446760744066709
curated	QOV	0.9814969161526921	0.944801026957638
curated	QOV	0.9814969161526921	0.9449526560744663
curated	QOV	0.9813302217036173	0.9449438202247191
curated	QOV	0.9813302217036173	0.9450955209503933
curated	QOV	0.9811635272545425	0.945694087403599
curated	QOV	0.9808301383563928	0.945676631308261
curated	QOV	0.9806634439073179	0.9459720212252773
curated	QOV	0.9803300550091681	0.9464113292565175
curated	QOV	0.9798299716619436	0.9465378421900161
curated	QOV	0.9791631938656443	0.9466559226430298
curated	QOV	0.9791631938656443	0.9468085106382979
curated	QOV	0.9789964994165694	0.9467999355150734
curated	QOV	0.9788298049674946	0.9470967741935484
curated	QOV	0.9786631105184197	0.947088240038716
curated	QOV	0.9784964160693449	0.947385409941898
curated	QOV	0.9779963327221204	0.9479722087574729
curated	QOV	0.9776629438239707	0.9481086323957323
curated	QOV	0.977329554925821	0.9482451884198609
curated	QOV	0.9771628604767462	0.9482368165642187
curated	QOV	0.9769961660276713	0.9483818770226538
curated	QOV	0.9768294715785965	0.9491415613864593
curated	QOV	0.9763293882313719	0.9492706645056727
curated	QOV	0.9758293048841473	0.9493999351281219
curated	QOV	0.9756626104350725	0.9493917274939173
curated	QOV	0.9754959159859977	0.9493835171966256
curated	QOV	0.9753292215369228	0.9496834929394579
curated	QOV	0.9753292215369228	0.9499918817989933
curated	QOV	0.9753292215369228	0.950300471008608
curated	QOV	0.975162527087848	0.9506012349691257
curated	QOV	0.9748291381896983	0.9505851755526658
curated	QOV	0.9743290548424738	0.9507156798959011
curated	QOV	0.9741623603933989	0.951171875
curated	QOV	0.9734955825970996	0.9511400651465798
curated	QOV	0.9731621936989499	0.9512791266090924
curated	QOV	0.9728288048008001	0.9512632436837816
curated	QOV	0.9723287214535756	0.9515497553017944
curated	QOV	0.9719953325554259	0.9518445968005224
curated	QOV	0.971828638106351	0.9521476400457293
curated	QOV	0.9716619436572762	0.9521398235870631
curated	QOV	0.9714952492082014	0.9521320045744159
curated	QOV	0.9713285547591265	0.9521241830065359
curated	QOV	0.9703283880646775	0.9522329461802715
curated	QOV	0.969828304717453	0.9522094926350245
curated	QOV	0.969661610268378	0.9523575638506876
curated	QOV	0.9693282213702283	0.9523419587291189
curated	QOV	0.968661443573929	0.952466808719882
curated	QOV	0.9684947491248541	0.9526151828168552
curated	QOV	0.9678279713285548	0.9528967667815526
curated	QOV	0.9673278879813302	0.9528735632183908
curated	QOV	0.9673278879813302	0.9530300541960913
curated	QOV	0.9668278046341057	0.9530069010844562
curated	QOV	0.9666611101850309	0.9529991783073131
curated	QOV	0.9663277212868812	0.9529837251356239
curated	QOV	0.9658276379396566	0.9531172890278006
curated	QOV	0.965327554592432	0.9530941408821593
curated	QOV	0.9648274712452075	0.9530709698666228
curated	QOV	0.9644940823470578	0.9533695831273686
curated	QOV	0.9634939156526088	0.953480699439129
curated	QOV	0.9633272212035339	0.953787753754745
curated	QOV	0.9628271378563094	0.9543952412425645
curated	QOV	0.9616602767127854	0.9543424317617866
curated	QOV	0.9613268878146358	0.9544852697782191
curated	QOV	0.9608268044674112	0.9546207353428288
curated	QOV	0.9606601100183364	0.954613218486003
curated	QOV	0.9603267211201867	0.9547563805104409
curated	QOV	0.9601600266711119	0.9552238805970149
curated	QOV	0.959993332222037	0.9552164538066015
curated	QOV	0.9596599433238873	0.9552015928322548
curated	QOV	0.9594932488748125	0.9553526970954357
curated	QOV	0.9591598599766628	0.9553378714926116
curated	QOV	0.9583263877312885	0.9554595313279043
curated	QOV	0.9573262210368395	0.9555740432612313
curated	QOV	0.9568261376896149	0.9555518561678042
curated	QOV	0.9564927487914653	0.9556962025316456
curated	QOV	0.9563260543423904	0.9558480506497834
curated	QOV	0.9561593598933156	0.9558406932177971
curated	QOV	0.9551591931988664	0.955955955955956
curated	QOV	0.9546591098516419	0.9572121009526993
curated	QOV	0.9544924154025671	0.9576852316440876
curated	QOV	0.9539923320553425	0.9579845999330432
curated	QOV	0.9536589431571929	0.9579705291359678
curated	QOV	0.953492248708118	0.9581239530988275
curated	QOV	0.9523253875645941	0.9580747945664934
curated	QOV	0.9518253042173695	0.9580536912751678
curated	QOV	0.951325220870145	0.9583543240973972
curated	QOV	0.9508251375229205	0.9583333333333334
curated	QOV	0.9504917486247708	0.9583193277310924
curated	QOV	0.9498249708284714	0.9584524810765349
curated	QOV	0.9494915819303217	0.9584384990745415
curated	QOV	0.9488248041340224	0.9584105068193298
curated	QOV	0.948158026337723	0.9585439838220424
curated	QOV	0.9474912485414235	0.9586776859504132
curated	QOV	0.9471578596432739	0.9591492234976368
curated	QOV	0.946991165194199	0.9591423265237211
curated	QOV	0.9461576929488248	0.9591078066914498
curated	QOV	0.9456576096016003	0.959249239093676
curated	QOV	0.9453242207034506	0.9592354533152909
curated	QOV	0.9448241373562261	0.95921475715011
curated	QOV	0.9444907484580763	0.9595258255715495
curated	QOV	0.9433238873145524	0.9594777890810444
curated	QOV	0.9429904984164027	0.9594640434192673
curated	QOV	0.9421570261710285	0.9595925297113752
curated	QOV	0.9414902483747292	0.9595650696568128
curated	QOV	0.9409901650275045	0.9598707702771637
curated	QOV	0.94049008168028	0.9598502892140184
curated	QOV	0.9399899983330555	0.959993190330269
curated	QOV	0.9386564427404568	0.9599386293897034
curated	QOV	0.9384897482913819	0.9602592529421797
curated	QOV	0.9381563593932322	0.9602456918614571
curated	QOV	0.9371561926987831	0.9602049530315969
curated	QOV	0.936156026004334	0.9604925602873269
curated	QOV	0.9354892482080347	0.9611234800479534
curated	QOV	0.9343223870645108	0.961241639512948
curated	QOV	0.9333222203700616	0.9612017167381974
curated	QOV	0.9323220536756126	0.9613269164661395
curated	QOV	0.9309884980830139	0.9612736660929432
curated	QOV	0.9303217202867144	0.9612469858766793
curated	QOV	0.9291548591431905	0.9613659882718179
curated	QOV	0.9276546091015169	0.96147201105736
curated	QOV	0.926487747957993	0.9615916955017301
curated	QOV	0.9256542757126188	0.9617249740214756
curated	QOV	0.9244874145690949	0.961845300034686
curated	QOV	0.9234872478746458	0.9618055555555556
curated	QOV	0.9223203867311218	0.9622608695652174
curated	QOV	0.9216536089348225	0.9627372453421557
curated	QOV	0.9191531921986997	0.9626396648044693
curated	QOV	0.9181530255042507	0.9626004893393918
curated	QOV	0.9169861643607268	0.9628916506213898
curated	QOV	0.9158193032172028	0.9630148992112182
curated	QOV	0.9148191365227538	0.9629759606948588
curated	QOV	0.9128188031338557	0.9628978371724987
curated	QOV	0.9116519419903317	0.9630216587427364
curated	QOV	0.9104850808468078	0.9629760225669958
curated	QOV	0.9084847474579096	0.9644310741461688
curated	QOV	0.906984497416236	0.9645452933876972
curated	QOV	0.9064844140690115	0.9646975341493702
curated	QOV	0.904984164027338	0.9648125111071619
curated	QOV	0.903817302883814	0.9651121395514418
curated	QOV	0.9028171361893649	0.9650748396293657
curated	QOV	0.9013168861476912	0.9651910032131381
curated	QOV	0.8998166361060177	0.965480236093722
curated	QOV	0.8988164694115686	0.9659620207810821
curated	QOV	0.8961493582263711	0.9658641753503413
curated	QOV	0.8948158026337723	0.9666846749504773
curated	QOV	0.8926487747957993	0.9669555796316359
curated	QOV	0.8906484414069011	0.9668838219326819
curated	QOV	0.8889814969161527	0.9675253991291727
curated	QOV	0.887481246874479	0.9676481279534714
curated	QOV	0.8856476079346558	0.9679358717434869
curated	QOV	0.8841473578929822	0.9678832116788321
curated	QOV	0.8818136356059343	0.9679780420860018
curated	QOV	0.8803133855642608	0.9684577296900788
curated	QOV	0.8791465244207368	0.9684171869261844
curated	QOV	0.8764794132355392	0.9685024866457911
curated	QOV	0.8738123020503418	0.9685883222468589
curated	QOV	0.8721453575595932	0.9687094982410664
curated	QOV	0.8693115519253208	0.9687906371911573
curated	QOV	0.8668111351891982	0.9694258016405667
curated	QOV	0.8644774129021504	0.9693457943925233
curated	QOV	0.8623103850641773	0.9727341105678826
curated	QOV	0.8596432738789799	0.9750425411230856
curated	QOV	0.8559759959993333	0.9756792703781113
curated	QOV	0.8536422737122854	0.9761723217689668
curated	QOV	0.8514752458743123	0.9762996941896025
curated	QOV	0.8491415235872646	0.9764232317423807
curated	QOV	0.8473078846474412	0.97637341529005
curated	QOV	0.8438073012168695	0.9770314611078942
curated	QOV	0.8401400233372228	0.9782608695652174
curated	QOV	0.8369728288048008	0.9783710054559626
curated	QOV	0.8338056342723787	0.9792482380579484
curated	QOV	0.8294715785964327	0.9791420700511609
curated	QOV	0.8261376896149358	0.9794466403162055
curated	QOV	0.822637106184364	0.9795553791186979
curated	QOV	0.8183030505084181	0.9798403193612775
curated	QOV	0.815135855975996	0.9799599198396793
curated	QOV	0.8131355225870979	0.9799116110887907
curated	QOV	0.8094682447074513	0.9800201816347124
curated	QOV	0.80530088348058	0.9803165584415584
curated	QOV	0.8021336889481581	0.980240374821756
curated	QOV	0.798966494415736	0.9803640826344856
curated	QOV	0.7954659109851642	0.9810855263157895
curated	QOV	0.7912985497582931	0.9811905746176106
curated	QOV	0.7871311885314219	0.9812967581047382
curated	QOV	0.7827971328554759	0.9814002089864159
curated	QOV	0.7791298549758293	0.9813142977115263
curated	QOV	0.7759626604434072	0.981239460370995
curated	QOV	0.7702950491748625	0.9815208156329651
curated	QOV	0.7669611601933656	0.9814419795221843
curated	QOV	0.7641273545590932	0.9813744380218369
curated	QOV	0.7569594932488748	0.9818378378378378
curated	QOV	0.7522920486747792	0.9821545157780196
curated	QOV	0.7474579096516086	0.9822562979189485
curated	QOV	0.7431238539756626	0.9821546596166556
curated	QOV	0.7386231038506418	0.9824833702882484
curated	QOV	0.7332888814802467	0.9825776189412553
curated	QOV	0.726454409068178	0.9826381059751973
curated	QOV	0.722120353392232	0.9825357223860286
curated	QOV	0.7166194365727622	0.9824040219378428
curated	QOV	0.711285214202367	0.9829532365814329
curated	QOV	0.7067844640773462	0.9830744261534895
curated	QOV	0.7006167694615769	0.9831578947368421
curated	QOV	0.6949491581930322	0.9834866713847605
curated	QOV	0.6891148524754126	0.9838172298905283
curated	QOV	0.682113685614269	0.9841269841269841
curated	QOV	0.6769461576929489	0.9844848484848485
curated	QOV	0.6701116852808802	0.9852941176470589
curated	QOV	0.6629438239706618	0.9856257744733581
curated	QOV	0.6544424070678446	0.9856891790107959
curated	QOV	0.6479413235539256	0.9857976160284048
curated	QOV	0.6391065177529588	0.9861111111111112
curated	QOV	0.6307717952992166	0.986444212721585
curated	QOV	0.6221036839473245	0.9870404654853213
curated	QOV	0.615102517086181	0.9876873661670236
curated	QOV	0.6039339889981664	0.9874625238484601
curated	QOV	0.592432072012002	0.9874965268130036
curated	QOV	0.5840973495582598	0.988155668358714
curated	QOV	0.5702617102850475	0.9878717874675137
curated	QOV	0.5569261543590598	0.9878769958604376
curated	QOV	0.5444240706784464	0.9879007864488808
curated	QOV	0.5302550425070846	0.9881950916433675
curated	QOV	0.5157526254375729	0.9881826892366656
curated	QOV	0.4999166527754626	0.9878129117259552
curated	QOV	0.47874645774295715	0.9883000688231246
curated	QOV	0.45957659609934987	0.9881720430107527
curated	QOV	0.4377396232705451	0.9887048192771084
curated	QOV	0.4137356226037673	0.9892387405340773
curated	QOV	0.38523087181196863	0.9897216274089936
curated	QOV	0.3552258709784964	0.9897816999535531
curated	QOV	0.32705450908484746	0.9899091826437941
curated	QOV	0.2920486747791299	0.9903900508762012
curated	QOV	0.2577096182697116	0.9916613213598461
curated	QOV	0.21853642273712284	0.9916792738275341
curated	QOV	0.18219703283880648	0.9918330308529946
curated	QOV	0.14285714285714285	0.9918981481481481
curated	QOV	0.10685114185697617	0.990726429675425
curated	QOV	0.06801133522253709	0.9951219512195122
curated	QOV	0.038673112185364227	0.9914529914529915
curated	QOV	0.015669278213035504	0.9894736842105263
curated	QOV	0.004167361226871145	1.0
curated	QOV	0.0	1.0
curated	geNomad	1.0	0.42877564148381103
curated	geNomad	1.0	0.42905163782005434
curated	geNomad	1.0	0.4300358422939068
curated	geNomad	1.0	0.43251622206200435
curated	geNomad	1.0	0.4357838151968618
curated	geNomad	1.0	0.4386516525299795
curated	geNomad	1.0	0.44351619103947953
curated	geNomad	0.9998333055509252	0.4460474455268833
curated	geNomad	0.9998333055509252	0.44828101644245144
curated	geNomad	0.9998333055509252	0.4505370690302712
curated	geNomad	0.9998333055509252	0.4519969856819894
curated	geNomad	0.9998333055509252	0.4532950423216445
curated	geNomad	0.9998333055509252	0.4544283657852868
curated	geNomad	0.9998333055509252	0.4554635887311109
curated	geNomad	0.9998333055509252	0.45619105567386675
curated	geNomad	0.9998333055509252	0.4565730379843191
curated	geNomad	0.9998333055509252	0.4573389248951582
curated	geNomad	0.9998333055509252	0.4579325087799664
curated	geNomad	0.9998333055509252	0.45842250076429225
curated	geNomad	0.9998333055509252	0.45898377716559535
curated	geNomad	0.9998333055509252	0.4595464296659516
curated	geNomad	0.9998333055509252	0.4599340541369527
curated	geNomad	0.9998333055509252	0.4604283411376372
curated	geNomad	0.9998333055509252	0.46071126814655505
curated	geNomad	0.9998333055509252	0.46124269455552136
curated	geNomad	0.9998333055509252	0.46159766045867323
curated	geNomad	0.9998333055509252	0.4620599337493259
curated	geNomad	0.9998333055509252	0.4624874701210579
curated	geNomad	0.9998333055509252	0.4629157984101258
curated	geNomad	0.9998333055509252	0.4633091302332767
curated	geNomad	0.9998333055509252	0.4637389825266739
curated	geNomad	0.9998333055509252	0.46406189555125726
curated	geNomad	0.9998333055509252	0.4644571782561561
curated	geNomad	0.9998333055509252	0.4648531349298613
curated	geNomad	0.9998333055509252	0.46506939598356206
curated	geNomad	0.9998333055509252	0.4654663976408505
curated	geNomad	0.9998333055509252	0.4659364561485279
curated	geNomad	0.9998333055509252	0.4663349401337273
curated	geNomad	0.9998333055509252	0.4666251750427882
curated	geNomad	0.9998333055509252	0.4669521214480343
curated	geNomad	0.9998333055509252	0.4672431253408117
curated	geNomad	0.9998333055509252	0.4676438484328707
curated	geNomad	0.9998333055509252	0.4679722243894827
curated	geNomad	0.9998333055509252	0.4682279469164715
curated	geNomad	0.9998333055509252	0.4684839490744357
curated	geNomad	0.9998333055509252	0.4687402313222882
curated	geNomad	0.9998333055509252	0.4690701493704544
curated	geNomad	0.9998333055509252	0.46929035286753773
curated	geNomad	0.9998333055509252	0.4694740137758297
curated	geNomad	0.9998333055509252	0.4696945967110415
curated	geNomad	0.9998333055509252	0.46998902993261243
curated	geNomad	0.9998333055509252	0.47028383252313
curated	geNomad	0.9998333055509252	0.47061592781482936
curated	geNomad	0.9998333055509252	0.47083758536776826
curated	geNomad	0.9998333055509252	0.47109644989004085
curated	geNomad	0.9998333055509252	0.47131856042747133
curated	geNomad	0.9998333055509252	0.471726307510814
curated	geNomad	0.9998333055509252	0.4719490125108191
curated	geNomad	0.9998333055509252	0.4723206551696984
curated	geNomad	0.9998333055509252	0.47273013871374525
curated	geNomad	0.9998333055509252	0.4730283911671924
curated	geNomad	0.9998333055509252	0.47343910332307204
curated	geNomad	0.9998333055509252	0.4736634288873095
curated	geNomad	0.9998333055509252	0.473962860529435
curated	geNomad	0.9998333055509252	0.4742626709891674
curated	geNomad	0.9998333055509252	0.4745253164556962
curated	geNomad	0.9998333055509252	0.47482583913869536
curated	geNomad	0.9998333055509252	0.47508910891089107
curated	geNomad	0.9998333055509252	0.47546571541815297
curated	geNomad	0.9998333055509252	0.47584291947639823
curated	geNomad	0.9998333055509252	0.4761073186220035
curated	geNomad	0.9996666111018503	0.47648180518035915
curated	geNomad	0.9996666111018503	0.4768227717261668
curated	geNomad	0.9996666111018503	0.47720219622821675
curated	geNomad	0.9996666111018503	0.47758222505375486
curated	geNomad	0.9996666111018503	0.47800095648015306
curated	geNomad	0.9996666111018503	0.47880239520958084
curated	geNomad	0.9996666111018503	0.48029793368572804
curated	geNomad	0.9996666111018503	0.48079852481359736
curated	geNomad	0.9994999166527755	0.481413087113609
curated	geNomad	0.9994999166527755	0.48195482678241297
curated	geNomad	0.9994999166527755	0.48234253076984956
curated	geNomad	0.9994999166527755	0.48284747946529233
curated	geNomad	0.9994999166527755	0.48319767910387623
curated	geNomad	0.9994999166527755	0.4837434449374748
curated	geNomad	0.9994999166527755	0.48429044503674984
curated	geNomad	0.9994999166527755	0.4851917786049523
curated	geNomad	0.9994999166527755	0.48617530203519016
curated	geNomad	0.9994999166527755	0.48668831168831167
curated	geNomad	0.9994999166527755	0.48755895267523175
curated	geNomad	0.9994999166527755	0.4878366284273045
curated	geNomad	0.9994999166527755	0.4886715566422168
curated	geNomad	0.9994999166527755	0.48954931417374264
curated	geNomad	0.9994999166527755	0.49035001635590447
curated	geNomad	0.9994999166527755	0.49103267545655555
curated	geNomad	0.9994999166527755	0.4915962941706977
curated	geNomad	0.9994999166527755	0.4923228508087692
curated	geNomad	0.9994999166527755	0.4930921052631579
curated	geNomad	0.9993332222037006	0.4940662600955991
curated	geNomad	0.998999833305551	0.4948802642444261
curated	geNomad	0.998999833305551	0.49553497602116753
curated	geNomad	0.998999833305551	0.4964791649407671
curated	geNomad	0.998999833305551	0.4972618652505808
curated	geNomad	0.998999833305551	0.4979228979727484
curated	geNomad	0.998999833305551	0.4989177489177489
curated	geNomad	0.998999833305551	0.4999582881454909
curated	geNomad	0.998999833305551	0.5010869565217392
curated	geNomad	0.998999833305551	0.5022628226617499
curated	geNomad	0.998999833305551	0.5031061114842176
curated	geNomad	0.998999833305551	0.5041642130058046
curated	geNomad	0.9988331388564761	0.5048445530373241
curated	geNomad	0.9988331388564761	0.5058247509707918
curated	geNomad	0.9988331388564761	0.506723044397463
curated	geNomad	0.9988331388564761	0.5078396474277481
curated	geNomad	0.9986664444074013	0.5086170303081756
curated	geNomad	0.9984997499583264	0.5097872340425532
curated	geNomad	0.9984997499583264	0.5110049479610987
curated	geNomad	0.9984997499583264	0.5121846943138093
curated	geNomad	0.9983330555092516	0.5133281906231251
curated	geNomad	0.9983330555092516	0.5142538210544393
curated	geNomad	0.9983330555092516	0.5159372846312887
curated	geNomad	0.9983330555092516	0.5172294671387857
curated	geNomad	0.997832972162027	0.5180441367373432
curated	geNomad	0.997832972162027	0.5194376952447067
curated	geNomad	0.997832972162027	0.5201598887730274
curated	geNomad	0.9976662777129521	0.5214777380848654
curated	geNomad	0.9974995832638773	0.5220729366602687
curated	geNomad	0.9973328888148024	0.5234928690174119
curated	geNomad	0.9973328888148024	0.5245484832544275
curated	geNomad	0.9973328888148024	0.5257469244288225
curated	geNomad	0.9973328888148024	0.5266725352112676
curated	geNomad	0.9971661943657276	0.5279788172992056
curated	geNomad	0.9971661943657276	0.5289592360067203
curated	geNomad	0.9971661943657276	0.5299902542748295
curated	geNomad	0.9969994999166528	0.5311722912966252
curated	geNomad	0.9968328054675779	0.5324548125723444
curated	geNomad	0.9968328054675779	0.5336426914153132
curated	geNomad	0.9968328054675779	0.534835882300331
curated	geNomad	0.9968328054675779	0.5357942836663382
curated	geNomad	0.9966661110185031	0.537052007545136
curated	geNomad	0.9966661110185031	0.538309174394526
curated	geNomad	0.9966661110185031	0.5394748714247045
curated	geNomad	0.9964994165694282	0.5410444384107159
curated	geNomad	0.9964994165694282	0.5423698058428598
curated	geNomad	0.9963327221203534	0.5433636363636364
curated	geNomad	0.9959993332222037	0.5445183632552629
curated	geNomad	0.9959993332222037	0.5454628446229688
curated	geNomad	0.9959993332222037	0.5467105865129472
curated	geNomad	0.9959993332222037	0.5478635613423803
curated	geNomad	0.9959993332222037	0.5495263496735032
curated	geNomad	0.9959993332222037	0.5509451360073767
curated	geNomad	0.9959993332222037	0.5521160598780263
curated	geNomad	0.9959993332222037	0.5530871054336758
curated	geNomad	0.9959993332222037	0.5541129555782249
curated	geNomad	0.9959993332222037	0.5554006320877487
curated	geNomad	0.9959993332222037	0.5566424445686603
curated	geNomad	0.995665944324054	0.5582242990654206
curated	geNomad	0.9954992498749792	0.5593331460147981
curated	geNomad	0.9954992498749792	0.5609091762937917
curated	geNomad	0.9953325554259043	0.562505887894489
curated	geNomad	0.9951658609768295	0.5636329305135952
curated	geNomad	0.9951658609768295	0.5647526251064232
curated	geNomad	0.9948324720786798	0.565419232591189
curated	geNomad	0.9948324720786798	0.5674082525194905
curated	geNomad	0.9948324720786798	0.5688143347312238
curated	geNomad	0.9948324720786798	0.5702818920210224
curated	geNomad	0.994665777629605	0.5722094361334867
curated	geNomad	0.994665777629605	0.5736948370349005
curated	geNomad	0.9941656942823804	0.5765661252900232
curated	geNomad	0.9941656942823804	0.577850983431838
curated	geNomad	0.9939989998333055	0.5791569541569541
curated	geNomad	0.9939989998333055	0.5800583657587549
curated	geNomad	0.993498916486081	0.5814066920300458
curated	geNomad	0.993498916486081	0.58265715123668
curated	geNomad	0.993498916486081	0.5843137254901961
curated	geNomad	0.9933322220370062	0.5852484777057553
curated	geNomad	0.9933322220370062	0.5870935960591133
curated	geNomad	0.9933322220370062	0.5884850878925538
curated	geNomad	0.9931655275879313	0.5895507619236098
curated	geNomad	0.9929988331388565	0.591324200913242
curated	geNomad	0.9926654442407068	0.5924783603621531
curated	geNomad	0.9926654442407068	0.5937188434695913
curated	geNomad	0.9926654442407068	0.5947862564922094
curated	geNomad	0.9923320553425571	0.5961942914371557
curated	geNomad	0.9921653608934823	0.5970508576587421
curated	geNomad	0.9921653608934823	0.5981909547738693
curated	geNomad	0.9919986664444074	0.5989934574735782
curated	geNomad	0.9918319719953326	0.6005248284214776
curated	geNomad	0.9918319719953326	0.6017394822006472
curated	geNomad	0.9916652775462577	0.6037142277247818
curated	geNomad	0.9914985830971829	0.6048403498067928
curated	geNomad	0.9914985830971829	0.605826033815441
curated	geNomad	0.9914985830971829	0.6070626658501735
curated	geNomad	0.9913318886481081	0.6087001023541453
curated	geNomad	0.9911651941990332	0.6094086297017526
curated	geNomad	0.9911651941990332	0.6106603676697134
curated	geNomad	0.9911651941990332	0.6119172584130904
curated	geNomad	0.9911651941990332	0.6128001648974544
curated	geNomad	0.9906651108518086	0.6135659715052654
curated	geNomad	0.9906651108518086	0.6146447409246044
curated	geNomad	0.9904984164027338	0.6159427801389032
curated	geNomad	0.9903317219536589	0.6169903416761865
curated	geNomad	0.9903317219536589	0.618403247631935
curated	geNomad	0.9901650275045841	0.6199770378874856
curated	geNomad	0.9898316386064344	0.6209348530795775
curated	geNomad	0.9898316386064344	0.622366628236034
curated	geNomad	0.9898316386064344	0.6235430011550982
curated	geNomad	0.9896649441573595	0.6247500789224455
curated	geNomad	0.9896649441573595	0.6264640709085153
curated	geNomad	0.9896649441573595	0.6274571972098922
curated	geNomad	0.9896649441573595	0.6284534772943792
curated	geNomad	0.9896649441573595	0.6295864262990456
curated	geNomad	0.9896649441573595	0.6303216902006582
curated	geNomad	0.9894982497082847	0.631287886844624
curated	geNomad	0.9894982497082847	0.6322292043881137
curated	geNomad	0.989164860810135	0.6327575175943698
curated	geNomad	0.9889981663610602	0.633596753524135
curated	geNomad	0.9888314719119853	0.6343706555448615
curated	geNomad	0.9883313885647608	0.6351365827530798
curated	geNomad	0.988164694115686	0.6359150396910535
curated	geNomad	0.988164694115686	0.6376250403355921
curated	geNomad	0.9878313052175363	0.6387840896841651
curated	geNomad	0.9876646107684615	0.6399179177016956
curated	geNomad	0.9876646107684615	0.6408869659275284
curated	geNomad	0.9874979163193865	0.6421680216802168
curated	geNomad	0.9874979163193865	0.6431440668765607
curated	geNomad	0.9873312218703117	0.6440843845150065
curated	geNomad	0.9873312218703117	0.6450664343280331
curated	geNomad	0.9871645274212368	0.6460833515164739
curated	geNomad	0.9871645274212368	0.6469303036923749
curated	geNomad	0.9868311385230871	0.6486960333114179
curated	geNomad	0.9864977496249375	0.6494019532535937
curated	geNomad	0.9863310551758626	0.6506487794149989
curated	geNomad	0.9861643607267878	0.6520445277196076
curated	geNomad	0.9861643607267878	0.6530522132685727
curated	geNomad	0.9859976662777129	0.6539524599226092
curated	geNomad	0.9858309718286381	0.6550005537711817
curated	geNomad	0.9858309718286381	0.6560177481974487
curated	geNomad	0.9858309718286381	0.6571841315701744
curated	geNomad	0.9856642773795633	0.6591973244147157
curated	geNomad	0.9856642773795633	0.6603752512843422
curated	geNomad	0.9853308884814136	0.6611856823266219
curated	geNomad	0.9853308884814136	0.6626681614349775
curated	geNomad	0.9849974995832639	0.663932584269663
curated	geNomad	0.9848308051341891	0.6649409116488464
curated	geNomad	0.9844974162360394	0.6665161945604333
curated	geNomad	0.9844974162360394	0.6678728938143164
curated	geNomad	0.9843307217869645	0.6696529825357224
curated	geNomad	0.9839973328888149	0.6703384056325232
curated	geNomad	0.9839973328888149	0.671329466621176
curated	geNomad	0.9839973328888149	0.672400045563276
curated	geNomad	0.98383063843974	0.6733599543639475
curated	geNomad	0.98383063843974	0.6742831029361361
curated	geNomad	0.9836639439906651	0.6754807692307693
curated	geNomad	0.9834972495415902	0.6762177650429799
curated	geNomad	0.9834972495415902	0.67691601652134
curated	geNomad	0.9831638606434405	0.6780089665478791
curated	geNomad	0.9829971661943657	0.6792996198594632
curated	geNomad	0.982663777296216	0.6802446342026309
curated	geNomad	0.982663777296216	0.6811091854419411
curated	geNomad	0.982663777296216	0.682528655783258
curated	geNomad	0.9821636939489915	0.6836853098166628
curated	geNomad	0.981663610601767	0.6844490934449093
curated	geNomad	0.981663610601767	0.6851657940663176
curated	geNomad	0.9813302217036173	0.6864505597014925
curated	geNomad	0.9811635272545425	0.6876971608832808
curated	geNomad	0.9811635272545425	0.6890657925544369
curated	geNomad	0.9811635272545425	0.6906019007391764
curated	geNomad	0.9809968328054676	0.6923529411764706
curated	geNomad	0.9809968328054676	0.6936586515794436
curated	geNomad	0.9809968328054676	0.6943952802359882
curated	geNomad	0.9808301383563928	0.695179584120983
curated	geNomad	0.9806634439073179	0.6965427421264504
curated	geNomad	0.9806634439073179	0.6976992409867173
curated	geNomad	0.9806634439073179	0.698610616316352
curated	geNomad	0.9806634439073179	0.6992749316533936
curated	geNomad	0.9803300550091681	0.7002024050482201
curated	geNomad	0.9803300550091681	0.7012042446643615
curated	geNomad	0.9801633605600933	0.702089552238806
curated	geNomad	0.9801633605600933	0.703012912482066
curated	geNomad	0.9799966661110185	0.7037347378501316
curated	geNomad	0.9798299716619436	0.7042051036300467
curated	geNomad	0.9798299716619436	0.7058117195004803
curated	geNomad	0.9798299716619436	0.7066602548689589
curated	geNomad	0.9798299716619436	0.7075108329321136
curated	geNomad	0.9796632772128688	0.7081576093505242
curated	geNomad	0.9796632772128688	0.7092686459087618
curated	geNomad	0.9794965827637939	0.7102622990450864
curated	geNomad	0.9791631938656443	0.7115687462144155
curated	geNomad	0.9788298049674946	0.7124484348459111
curated	geNomad	0.9788298049674946	0.7133138969873664
curated	geNomad	0.9786631105184197	0.7142335766423358
curated	geNomad	0.9783297216202701	0.7149470093799488
curated	geNomad	0.9781630271711952	0.7154352596927579
curated	geNomad	0.9781630271711952	0.71630859375
curated	geNomad	0.9779963327221204	0.7175003057355999
curated	geNomad	0.9779963327221204	0.7186428221460068
curated	geNomad	0.9779963327221204	0.7210274056777682
curated	geNomad	0.9776629438239707	0.7218461538461538
curated	geNomad	0.9774962493748958	0.7225234105470675
curated	geNomad	0.9774962493748958	0.7234147545028374
curated	geNomad	0.977329554925821	0.7243637262169508
curated	geNomad	0.977329554925821	0.7251700680272108
curated	geNomad	0.977329554925821	0.7262479871175523
curated	geNomad	0.9771628604767462	0.7266641874302715
curated	geNomad	0.9771628604767462	0.727656405163853
curated	geNomad	0.9769961660276713	0.7282554671968191
curated	geNomad	0.9769961660276713	0.729342956694873
curated	geNomad	0.9769961660276713	0.7302516820333915
curated	geNomad	0.9769961660276713	0.7307068944021943
curated	geNomad	0.9764960826804467	0.7314271444624797
curated	geNomad	0.9763293882313719	0.7326745058794095
curated	geNomad	0.9759959993332222	0.7338012282240882
curated	geNomad	0.9758293048841473	0.7345043914680051
curated	geNomad	0.975162527087848	0.7352941176470589
curated	geNomad	0.975162527087848	0.7376119026604463
curated	geNomad	0.975162527087848	0.7382635032811711
curated	geNomad	0.975162527087848	0.7391029690461149
curated	geNomad	0.9749958326387731	0.7404734776553994
curated	geNomad	0.9748291381896983	0.7413793103448276
curated	geNomad	0.9748291381896983	0.7419436691195128
curated	geNomad	0.9746624437406234	0.7427591463414634
curated	geNomad	0.9744957492915486	0.7435766980412108
curated	geNomad	0.9743290548424738	0.7439226167748505
curated	geNomad	0.9743290548424738	0.7450605481198216
curated	geNomad	0.9741623603933989	0.7455983669303393
curated	geNomad	0.9741623603933989	0.7464554860135394
curated	geNomad	0.9738289714952492	0.7471543675661849
curated	geNomad	0.9734955825970996	0.7482383087764254
curated	geNomad	0.9733288881480247	0.7491660251475494
curated	geNomad	0.9729954992498749	0.7494863893168978
curated	geNomad	0.9728288048008001	0.7500321295463308
curated	geNomad	0.9728288048008001	0.751093951093951
curated	geNomad	0.9726621103517253	0.7518361035948976
curated	geNomad	0.9724954159026504	0.7526770739259451
curated	geNomad	0.9724954159026504	0.7533574380165289
curated	geNomad	0.9721620270045007	0.7541704383809646
curated	geNomad	0.971828638106351	0.755377040684115
curated	geNomad	0.9716619436572762	0.7560311284046692
curated	geNomad	0.9716619436572762	0.7569146864043631
curated	geNomad	0.9709951658609768	0.757181853633173
curated	geNomad	0.9706617769628272	0.7575126837517887
curated	geNomad	0.9706617769628272	0.7584006251628028
curated	geNomad	0.9706617769628272	0.7596868884540118
curated	geNomad	0.9703283880646775	0.7603187042842215
curated	geNomad	0.9699949991665278	0.761250654107797
curated	geNomad	0.9699949991665278	0.7620481927710844
curated	geNomad	0.969661610268378	0.7626851973252917
curated	geNomad	0.969661610268378	0.7633858267716536
curated	geNomad	0.969661610268378	0.7641881240147136
curated	geNomad	0.9694949158193032	0.7651624786212341
curated	geNomad	0.9688281380230038	0.7664512725834103
curated	geNomad	0.9688281380230038	0.7671594508975713
curated	geNomad	0.9684947491248541	0.767706131078224
curated	geNomad	0.9683280546757793	0.768487895224236
curated	geNomad	0.9683280546757793	0.7694039735099337
curated	geNomad	0.9681613602267044	0.7698833510074231
curated	geNomad	0.9679946657776296	0.7705679405520169
curated	geNomad	0.9679946657776296	0.7715918150411906
curated	geNomad	0.9674945824304051	0.7736603572380698
curated	geNomad	0.9674945824304051	0.7743829219479653
curated	geNomad	0.9674945824304051	0.7754175016700067
curated	geNomad	0.9673278879813302	0.7760096282428457
curated	geNomad	0.9671611935322554	0.776914836636315
curated	geNomad	0.9669944990831806	0.7774055213079604
curated	geNomad	0.9669944990831806	0.7780311158798283
curated	geNomad	0.966494415735956	0.7784640171858217
curated	geNomad	0.9661610268378062	0.7792417316482926
curated	geNomad	0.9659943323887314	0.7801561658589122
curated	geNomad	0.9654942490415069	0.7809087232034515
curated	geNomad	0.965327554592432	0.7817224622030238
curated	geNomad	0.9651608601433572	0.782538180835248
curated	geNomad	0.9651608601433572	0.7838093948829024
curated	geNomad	0.9651608601433572	0.7847655191108701
curated	geNomad	0.9649941656942824	0.7852685838307107
curated	geNomad	0.9648274712452075	0.7861994023363217
curated	geNomad	0.9646607767961327	0.7867047308319739
curated	geNomad	0.9641606934489082	0.7891936144085141
curated	geNomad	0.9641606934489082	0.7909202789552852
curated	geNomad	0.9641606934489082	0.7914614121510674
curated	geNomad	0.9636606101016836	0.7919178082191781
curated	geNomad	0.9634939156526088	0.7925407925407926
curated	geNomad	0.9629938323053843	0.793108182317408
curated	geNomad	0.9629938323053843	0.7946354883081156
curated	geNomad	0.9623270545090848	0.7948506126944789
curated	geNomad	0.96216036006001	0.7953699875981811
curated	geNomad	0.9618269711618603	0.7959718581873362
curated	geNomad	0.9616602767127854	0.7966031483015742
curated	geNomad	0.9611601933655609	0.7971795935296557
curated	geNomad	0.9611601933655609	0.7980622837370243
curated	geNomad	0.9609934989164861	0.7986977001939596
curated	geNomad	0.9608268044674112	0.7996670366259712
curated	geNomad	0.9606601100183364	0.8003055131231773
curated	geNomad	0.9604934155692615	0.8008339124391939
curated	geNomad	0.9604934155692615	0.8015022951731813
curated	geNomad	0.9603267211201867	0.8022559532098593
curated	geNomad	0.9598266377729622	0.8032924107142857
curated	geNomad	0.9596599433238873	0.8039379974863846
curated	geNomad	0.9594932488748125	0.8046973297916958
curated	geNomad	0.958993165527588	0.804953127186232
curated	geNomad	0.9583263877312885	0.8050693180226859
curated	geNomad	0.957826304384064	0.8054387440426128
curated	geNomad	0.957826304384064	0.8064561403508772
curated	geNomad	0.957826304384064	0.8073626528031473
curated	geNomad	0.957826304384064	0.8081575246132208
curated	geNomad	0.957826304384064	0.8092957746478874
curated	geNomad	0.9576596099349892	0.8099534752572959
curated	geNomad	0.9576596099349892	0.8106391985325243
curated	geNomad	0.9573262210368395	0.8111581920903955
curated	geNomad	0.9573262210368395	0.8121906378164333
curated	geNomad	0.9569928321386898	0.8129425092041914
curated	geNomad	0.9569928321386898	0.8138644740572725
curated	geNomad	0.9569928321386898	0.8147885325007096
curated	geNomad	0.9568261376896149	0.8155726058539358
curated	geNomad	0.9568261376896149	0.8162684869169511
curated	geNomad	0.9568261376896149	0.8168492955742137
curated	geNomad	0.9566594432405401	0.8175213675213675
curated	geNomad	0.9566594432405401	0.8183373734493085
curated	geNomad	0.9561593598933156	0.8188436830835117
curated	geNomad	0.9559926654442407	0.819519862817948
curated	geNomad	0.9558259709951659	0.8201973966528394
curated	geNomad	0.9556592765460911	0.8206412825651302
curated	geNomad	0.9551591931988664	0.8212698867708184
curated	geNomad	0.9551591931988664	0.8218588640275387
curated	geNomad	0.9551591931988664	0.8226848528356066
curated	geNomad	0.9548258043007168	0.823698590739143
curated	geNomad	0.9544924154025671	0.8240034537343502
curated	geNomad	0.9544924154025671	0.8250720461095101
curated	geNomad	0.9544924154025671	0.8259050915909418
curated	geNomad	0.9541590265044174	0.8264510539994224
curated	geNomad	0.9539923320553425	0.8273818129246784
curated	geNomad	0.9539923320553425	0.8279803240740741
curated	geNomad	0.9536589431571929	0.8286500579374276
curated	geNomad	0.9533255542590432	0.8290808930124673
curated	geNomad	0.9531588598099683	0.829537211664007
curated	geNomad	0.9528254709118187	0.8300900377577694
curated	geNomad	0.9528254709118187	0.8310555394009886
curated	geNomad	0.952492082013669	0.8333090272714014
curated	geNomad	0.952492082013669	0.8341605839416059
curated	geNomad	0.9521586931155193	0.8345996493278784
curated	geNomad	0.9519919986664445	0.8350636057903202
curated	geNomad	0.9514919153192198	0.8357247437774524
curated	geNomad	0.951325220870145	0.8364355855195662
curated	geNomad	0.9509918319719953	0.8371239911958914
curated	geNomad	0.9509918319719953	0.8378616536936407
curated	geNomad	0.9506584430738456	0.8383066294281935
curated	geNomad	0.9504917486247708	0.839022954679223
curated	geNomad	0.9501583597266211	0.8398408722557831
curated	geNomad	0.9498249708284714	0.8406609619356742
curated	geNomad	0.9494915819303217	0.8414832323829221
curated	geNomad	0.9493248874812469	0.8422064477965099
curated	geNomad	0.9491581930321721	0.8431808085295425
curated	geNomad	0.9488248041340224	0.8438843587842847
curated	geNomad	0.9488248041340224	0.8446357026265024
curated	geNomad	0.9484914152358727	0.8452168746286394
curated	geNomad	0.9483247207867977	0.8459479553903346
curated	geNomad	0.948158026337723	0.8468066100937919
curated	geNomad	0.948158026337723	0.8476900149031297
curated	geNomad	0.9478246374395732	0.8485300701387852
curated	geNomad	0.9476579429904984	0.8492680011951
curated	geNomad	0.9474912485414235	0.8497533263567051
curated	geNomad	0.9471578596432739	0.850216968427353
curated	geNomad	0.946991165194199	0.8514688249400479
curated	geNomad	0.9468244707451242	0.8522130532633159
curated	geNomad	0.9463243873978997	0.8524024024024024
curated	geNomad	0.9461576929488248	0.8530207394048692
curated	geNomad	0.9461576929488248	0.8539190612306303
curated	geNomad	0.9458243040506751	0.8545180722891567
curated	geNomad	0.9454909151525254	0.8551183476556611
curated	geNomad	0.9453242207034506	0.8561292270531401
curated	geNomad	0.9449908318053009	0.8564737875812056
curated	geNomad	0.9448241373562261	0.8569700635016632
curated	geNomad	0.9446574429071511	0.8574670903313664
curated	geNomad	0.9441573595599266	0.8583118654341567
curated	geNomad	0.9441573595599266	0.8593536640873919
curated	geNomad	0.9438239706617769	0.8597023990282417
curated	geNomad	0.9434905817636273	0.8600516638808692
curated	geNomad	0.9433238873145524	0.8606844106463878
curated	geNomad	0.9429904984164027	0.8612971985383678
curated	geNomad	0.9423237206201034	0.8616064624295077
curated	geNomad	0.9418236372728788	0.8620689655172413
curated	geNomad	0.9409901650275045	0.8622269741866504
curated	geNomad	0.9408234705784297	0.8627331091409355
curated	geNomad	0.9408234705784297	0.8635250917992656
curated	geNomad	0.94049008168028	0.8641445856945934
curated	geNomad	0.9401566927821303	0.8648980217758012
curated	geNomad	0.9396566094349058	0.8652340752110514
curated	geNomad	0.9391565260876813	0.8661029976940815
curated	geNomad	0.9389898316386064	0.8668821175746384
curated	geNomad	0.9388231371895316	0.8673956568612352
curated	geNomad	0.9384897482913819	0.8682911782850092
curated	geNomad	0.9379896649441574	0.868766404199475
curated	geNomad	0.9378229704950826	0.8694174007108638
curated	geNomad	0.9373228871478579	0.8700293981123317
curated	geNomad	0.9366561093515586	0.8703531598513011
curated	geNomad	0.9363227204534089	0.8709877500387657
curated	geNomad	0.9359893315552592	0.8713531967721911
curated	geNomad	0.9354892482080347	0.8715639074390433
curated	geNomad	0.935155859309885	0.8722014925373134
curated	geNomad	0.9348224704117353	0.8727046374105197
curated	geNomad	0.9343223870645108	0.8730529595015576
curated	geNomad	0.9343223870645108	0.8738696601184908
curated	geNomad	0.933988998166361	0.8743757802746567
curated	geNomad	0.9338223037172863	0.8749023895049196
curated	geNomad	0.9338223037172863	0.8759968725566849
curated	geNomad	0.9333222203700616	0.8763499765221474
curated	geNomad	0.9331555259209868	0.8768796992481203
curated	geNomad	0.9326554425737623	0.8772342427093133
curated	geNomad	0.9323220536756126	0.8777463904582549
curated	geNomad	0.9319886647774629	0.8781215643160044
curated	geNomad	0.9309884980830139	0.8782827488598837
curated	geNomad	0.9304884147357892	0.8789167060305464
curated	geNomad	0.9303217202867144	0.8797288776796973
curated	geNomad	0.9303217202867144	0.8804227796182363
curated	geNomad	0.9301550258376396	0.8809598989580044
curated	geNomad	0.9294882480413402	0.8811630847029077
curated	geNomad	0.9294882480413402	0.8821389020724569
curated	geNomad	0.9289881646941157	0.8823622545915136
curated	geNomad	0.928654775795966	0.88274441451434
curated	geNomad	0.9284880813468912	0.8834258524980174
curated	geNomad	0.9283213868978163	0.8841085886648674
curated	geNomad	0.9281546924487415	0.8850739151168335
curated	geNomad	0.9278213035505918	0.8854597518294623
curated	geNomad	0.9278213035505918	0.8863057324840764
curated	geNomad	0.9273212202033673	0.8870993461967788
curated	geNomad	0.9271545257542924	0.8877893056664007
curated	geNomad	0.9268211368561426	0.8883208180220482
curated	geNomad	0.926487747957993	0.8889955214331414
curated	geNomad	0.9259876646107684	0.8893691962856228
curated	geNomad	0.9249874979163194	0.8898332264271969
curated	geNomad	0.9244874145690949	0.8903515813132123
curated	geNomad	0.92432072012002	0.8909061696658098
curated	geNomad	0.9241540256709452	0.8917484317194788
curated	geNomad	0.9238206367727955	0.8921442369607212
curated	geNomad	0.9234872478746458	0.8926844988720593
curated	geNomad	0.9229871645274212	0.8929204966940816
curated	geNomad	0.9224870811801967	0.8933010492332526
curated	geNomad	0.9219869978329721	0.893682339634836
curated	geNomad	0.9213202200366728	0.8939026362607149
curated	geNomad	0.9209868311385231	0.8943023632243444
curated	geNomad	0.9203200533422237	0.8949586642891879
curated	geNomad	0.9198199699949992	0.8953431770241765
curated	geNomad	0.9194865810968494	0.8957453718739851
curated	geNomad	0.9188198033005501	0.8961144529344822
curated	geNomad	0.9186531088514752	0.8966807679791734
curated	geNomad	0.9181530255042507	0.8970684039087948
curated	geNomad	0.9176529421570262	0.8974567981741115
curated	geNomad	0.9171528588098017	0.8978459530026109
curated	geNomad	0.9166527754625771	0.8982358706305129
curated	geNomad	0.9159859976662778	0.8989039751349582
curated	geNomad	0.9158193032172028	0.8996233830031112
curated	geNomad	0.9151525254209035	0.9
curated	geNomad	0.9148191365227538	0.9004101722723544
curated	geNomad	0.9144857476246041	0.9008210180623973
curated	geNomad	0.9138189698283047	0.902238314680711
curated	geNomad	0.913485580930155	0.9026519519024873
curated	geNomad	0.9128188031338557	0.9031832426191654
curated	geNomad	0.9119853308884814	0.90355078447564
curated	geNomad	0.9116519419903317	0.9041163828732022
curated	geNomad	0.9109851641940323	0.9045018205892089
curated	geNomad	0.9104850808468078	0.9047540168958091
curated	geNomad	0.9096516086014336	0.9046750663129973
curated	geNomad	0.9093182197032839	0.9052439429140392
curated	geNomad	0.9086514419069845	0.9053313403089188
curated	geNomad	0.9083180530088348	0.905751329787234
curated	geNomad	0.9083180530088348	0.9066555740432612
curated	geNomad	0.9079846641106851	0.9070774354704413
curated	geNomad	0.9076512752125354	0.9076512752125354
curated	geNomad	0.9066511085180864	0.9080133555926544
curated	geNomad	0.9061510251708618	0.9082706766917293
curated	geNomad	0.9053175529254875	0.9086498243265853
curated	geNomad	0.904984164027338	0.9092279350192598
curated	geNomad	0.9044840806801133	0.909639564124057
curated	geNomad	0.9039839973328888	0.9098993288590604
curated	geNomad	0.9033172195365894	0.9102973290777759
curated	geNomad	0.9026504417402901	0.9105431309904153
curated	geNomad	0.9019836639439907	0.9109427609427609
curated	geNomad	0.9011501916986164	0.9110212335692619
curated	geNomad	0.900483413902317	0.9111148591668072
curated	geNomad	0.8999833305550925	0.9116852414724755
curated	geNomad	0.899483247207868	0.9122569737954354
curated	geNomad	0.8986497749624938	0.9121827411167512
curated	geNomad	0.8981496916152693	0.9124470787468247
curated	geNomad	0.8974829138189698	0.912542372881356
curated	geNomad	0.8968161360226704	0.9127926705123854
curated	geNomad	0.8959826637772962	0.9131838260278627
curated	geNomad	0.8953158859809969	0.9134353741496599
curated	geNomad	0.8943157192865477	0.91396933560477
curated	geNomad	0.893982330388398	0.9147194269145489
curated	geNomad	0.8934822470411735	0.9153005464480874
curated	geNomad	0.892982163693949	0.915883056932809
curated	geNomad	0.8924820803467245	0.9164669633687094
curated	geNomad	0.8923153858976496	0.9170806921363714
curated	geNomad	0.8918153025504251	0.917509861087292
curated	geNomad	0.8909818303050508	0.9175965665236051
curated	geNomad	0.8903150525087514	0.9178553015982127
curated	geNomad	0.8898149691615269	0.9181286549707602
curated	geNomad	0.8893148858143024	0.9184024789120331
curated	geNomad	0.8889814969161527	0.9190074099603653
curated	geNomad	0.888648108018003	0.919454984477406
curated	geNomad	0.8878146357726288	0.9197029873942324
curated	geNomad	0.8873145524254042	0.9199792602834428
curated	geNomad	0.8866477746291048	0.9204014535386745
curated	geNomad	0.8863143857309551	0.9208520956009698
curated	geNomad	0.8856476079346558	0.9211165048543689
curated	geNomad	0.8848141356892816	0.9212079139187782
curated	geNomad	0.8839806634439074	0.921619742787626
curated	geNomad	0.8829804967494582	0.9220191470844212
curated	geNomad	0.8819803300550092	0.9224198047419805
curated	geNomad	0.881146857809635	0.9226741141560482
curated	geNomad	0.8803133855642608	0.9230903688166404
curated	geNomad	0.8798133022170361	0.9233729881035689
curated	geNomad	0.8793132188698116	0.9238178633975481
curated	geNomad	0.8788131355225871	0.9241016652059597
curated	geNomad	0.8784797466244374	0.9247236357255659
curated	geNomad	0.877812968828138	0.9248331577098701
curated	geNomad	0.8771461910318387	0.9249428722095272
curated	geNomad	0.8766461076846142	0.925228712174525
curated	geNomad	0.8759793298883147	0.9256649638893782
curated	geNomad	0.875645940990165	0.926291659319344
curated	geNomad	0.8749791631938656	0.927057576827976
curated	geNomad	0.8744790798466411	0.9275106082036775
curated	geNomad	0.8738123020503418	0.9276234294815077
curated	geNomad	0.8738123020503418	0.9287739192062368
curated	geNomad	0.8731455242540423	0.9288881007270793
curated	geNomad	0.8724787464577429	0.9291674063554056
curated	geNomad	0.8718119686614436	0.9292821606254442
curated	geNomad	0.8709784964160694	0.9292192779654989
curated	geNomad	0.87031171861977	0.9293342826628693
curated	geNomad	0.8698116352725455	0.9296276500979869
curated	geNomad	0.869144857476246	0.9299090422685928
curated	geNomad	0.8686447741290215	0.9305357142857142
curated	geNomad	0.8678113018836473	0.93047363717605
curated	geNomad	0.8671445240873479	0.9305903398926655
curated	geNomad	0.8666444407401234	0.93088630259624
curated	geNomad	0.8661443573928989	0.9311827956989247
curated	geNomad	0.8653108851475246	0.9311210762331839
curated	geNomad	0.8646441073512252	0.9312387791741472
curated	geNomad	0.8634772462077013	0.9313196691837469
curated	geNomad	0.862643773962327	0.9312578729530322
curated	geNomad	0.8623103850641773	0.9319041614123581
curated	geNomad	0.861643607267878	0.9323593073593074
curated	geNomad	0.8604767461243541	0.9326106594399277
curated	geNomad	0.8596432738789799	0.9328871201157742
curated	geNomad	0.8586431071845307	0.9329831552255027
curated	geNomad	0.8578096349391565	0.9334300743696717
curated	geNomad	0.8574762460410068	0.9340838932268023
curated	geNomad	0.8566427737956326	0.9341937829485548
curated	geNomad	0.8559759959993333	0.9344858962693358
curated	geNomad	0.8551425237539589	0.9345964656585899
curated	geNomad	0.8543090515085847	0.9347072770381178
curated	geNomad	0.8538089681613602	0.9355251141552512
curated	geNomad	0.852975495915986	0.9358083394294074
curated	geNomad	0.851975329221537	0.9359091741439297
curated	geNomad	0.8513085514252375	0.9367204695524578
curated	geNomad	0.8501416902817136	0.9368111682586333
curated	geNomad	0.8493082180363394	0.9369253401986024
curated	geNomad	0.8488081346891149	0.9375805560670226
curated	geNomad	0.8479746624437406	0.9382146809295463
curated	geNomad	0.8474745790965161	0.9385268598855455
curated	geNomad	0.8469744957492915	0.938839615668884
curated	geNomad	0.8461410235039173	0.9389567147613762
curated	geNomad	0.8453075512585431	0.9390740740740741
curated	geNomad	0.844307384564094	0.9391804190617468
curated	geNomad	0.8431405234205701	0.9392757660167131
curated	geNomad	0.8426404400733456	0.9395910780669146
curated	geNomad	0.8418069678279714	0.9398846082263168
curated	geNomad	0.8414735789298217	0.9405626979690702
curated	geNomad	0.8413068844807468	0.9412532637075718
curated	geNomad	0.8406401066844474	0.9413851036027627
curated	geNomad	0.839973328888148	0.9416931414688843
curated	geNomad	0.8388064677446241	0.9419692998876825
curated	geNomad	0.8378063010501751	0.9422572178477691
curated	geNomad	0.8369728288048008	0.9423798798798799
curated	geNomad	0.8363060510085014	0.9426907177752725
curated	geNomad	0.8354725787631272	0.9431689875799775
curated	geNomad	0.834639106517753	0.943293142426526
curated	geNomad	0.8339723287214535	0.9436061863447756
curated	geNomad	0.8331388564760793	0.9439093484419263
curated	geNomad	0.8323053842307051	0.9443919046718365
curated	geNomad	0.8314719119853309	0.9445180836962697
curated	geNomad	0.8308051341890315	0.9448341232227488
curated	geNomad	0.8301383563927321	0.9451508825204024
curated	geNomad	0.8293048841473579	0.9458174904942965
curated	geNomad	0.8286381063510585	0.9463163906339235
curated	geNomad	0.8276379396566095	0.9462550028587764
curated	geNomad	0.8269711618603101	0.9467557251908397
curated	geNomad	0.8261376896149358	0.9468857470385939
curated	geNomad	0.8254709118186364	0.9473885594030993
curated	geNomad	0.8246374395732622	0.9473381846036002
curated	geNomad	0.8243040506751125	0.9478627563733947
curated	geNomad	0.8234705784297383	0.9481765834932822
curated	geNomad	0.8223037172862143	0.9481068614261003
curated	geNomad	0.8213035505917653	0.9482294072363356
curated	geNomad	0.8203033838973163	0.9489008870034709
curated	geNomad	0.8191365227537923	0.9490150637311703
curated	geNomad	0.8181363560593432	0.9489559164733179
curated	geNomad	0.8169694949158193	0.9492543095099748
curated	geNomad	0.816136022670445	0.9493891797556719
curated	geNomad	0.815135855975996	0.9495145631067962
curated	geNomad	0.8143023837306218	0.9496500777604977
curated	geNomad	0.812968828138023	0.9497565725413827
curated	geNomad	0.8123020503417236	0.9500877364008579
curated	geNomad	0.8114685780963494	0.9502244778450127
curated	geNomad	0.8104684114019003	0.9503518373729476
curated	geNomad	0.8096349391565261	0.9503032674623362
curated	geNomad	0.8089681613602268	0.9506366307541626
curated	geNomad	0.8083013835639273	0.9509707785840361
curated	geNomad	0.8073012168694782	0.9509130178676615
curated	geNomad	0.8063010501750292	0.9512291052114061
curated	geNomad	0.805467577929655	0.9515557306025995
curated	geNomad	0.8044674112352058	0.9516860579767304
curated	geNomad	0.803300550091682	0.9519952587909917
curated	geNomad	0.8023003833972329	0.9521266073194856
curated	geNomad	0.8011335222537089	0.9524375743162902
curated	geNomad	0.8003000500083347	0.9523903987304106
curated	geNomad	0.7992998833138857	0.9523336643495531
curated	geNomad	0.7984664110685115	0.9524756412805727
curated	geNomad	0.7974662443740623	0.9526085225009956
curated	geNomad	0.7969661610268378	0.9531499202551834
curated	geNomad	0.7961326887814636	0.9534837292872829
curated	geNomad	0.7951325220870145	0.9534279432340595
curated	geNomad	0.7941323553925654	0.9537537537537537
curated	geNomad	0.7932988831471912	0.9540898155573376
curated	geNomad	0.7919653275545925	0.9540160642570281
curated	geNomad	0.7912985497582931	0.9541708542713568
curated	geNomad	0.7904650775129188	0.9545088566827697
curated	geNomad	0.7892982163693949	0.9546370967741935
curated	geNomad	0.788131355225871	0.9547657512116317
curated	geNomad	0.7874645774295715	0.9549221750555893
curated	geNomad	0.7864644107351225	0.9550607287449393
curated	geNomad	0.785964327387898	0.955420466058764
curated	geNomad	0.7847974662443741	0.9557450263905806
curated	geNomad	0.7837972995499249	0.956079707198048
curated	geNomad	0.7827971328554759	0.9564154786150713
curated	geNomad	0.781630271711952	0.956548347613219
curated	geNomad	0.780630105017503	0.9568859828361259
curated	geNomad	0.779463243873979	0.9570200573065902
curated	geNomad	0.7784630771795299	0.9569672131147541
curated	geNomad	0.7776296049341557	0.957119409109561
curated	geNomad	0.7757959659943324	0.9572192513368984
curated	geNomad	0.7749624937489582	0.9575695159629248
curated	geNomad	0.7739623270545091	0.9577145214521452
curated	geNomad	0.7731288548091348	0.9578686493184635
curated	geNomad	0.7721286881146858	0.9582126603227141
curated	geNomad	0.7709618269711619	0.9583506009117282
curated	geNomad	0.7699616602767128	0.9584976136127827
curated	geNomad	0.7687947991331888	0.9586364581168156
curated	geNomad	0.7671278546424404	0.9585503020204124
curated	geNomad	0.7664610768461411	0.9587155963302753
curated	geNomad	0.7652942157026171	0.9586552516182919
curated	geNomad	0.764294049008168	0.9588038477624425
curated	geNomad	0.763293882313719	0.9589528795811518
curated	geNomad	0.7626271045174196	0.9591194968553459
curated	geNomad	0.7617936322720453	0.9590766002098636
curated	geNomad	0.7604600766794466	0.9594111461619348
curated	geNomad	0.7594599099849975	0.9593598652347862
curated	geNomad	0.7584597432905484	0.9593084545646215
curated	geNomad	0.7569594932488748	0.9592310942120829
curated	geNomad	0.7557926321053509	0.9591707213877724
curated	geNomad	0.7551258543090515	0.9593392630241423
curated	geNomad	0.7541256876146024	0.9598981540420115
curated	geNomad	0.7531255209201534	0.9602550478214665
curated	geNomad	0.75129188198033	0.9603665033027914
curated	geNomad	0.7501250208368061	0.9603072983354674
curated	geNomad	0.7494582430405068	0.9604785302285836
curated	geNomad	0.7484580763460577	0.9606332905434317
curated	geNomad	0.7476246041006834	0.9612087441063009
curated	geNomad	0.7466244374062344	0.9611587982832618
curated	geNomad	0.7457909651608602	0.9615301955727488
curated	geNomad	0.7446241040173363	0.9616792249730893
curated	geNomad	0.7434572428738123	0.9620362381363244
curated	geNomad	0.7427904650775129	0.9624190064794816
curated	geNomad	0.7417902983830639	0.9627866724361748
curated	geNomad	0.7406234372395399	0.9627302275189599
curated	geNomad	0.7396232705450908	0.9630996309963099
curated	geNomad	0.7382897149524921	0.9630354424874973
curated	geNomad	0.7366227704617436	0.9629548921333624
curated	geNomad	0.7354559093182197	0.9628982976865997
curated	geNomad	0.7346224370728455	0.9630681818181818
curated	geNomad	0.733955659276546	0.9634573304157549
curated	geNomad	0.7327887981330222	0.9634012710935788
curated	geNomad	0.7324554092348725	0.9644424934152765
curated	geNomad	0.7314552425404234	0.9646076060672676
curated	geNomad	0.7302883813968994	0.964977973568282
curated	geNomad	0.7287881313552259	0.965121412803532
curated	geNomad	0.727621270211702	0.9652808491817779
curated	geNomad	0.7261210201700283	0.9652116109018392
curated	geNomad	0.7252875479246541	0.9651730257320319
curated	geNomad	0.7242873812302051	0.9651266103953798
curated	geNomad	0.7236206034339057	0.9655249110320284
curated	geNomad	0.722120353392232	0.9654557610875864
curated	geNomad	0.721120186697783	0.965625
curated	geNomad	0.7197866311051841	0.9655635062611807
curated	geNomad	0.7187864644107351	0.9663827879874496
curated	geNomad	0.7176196032672112	0.9663299663299664
curated	geNomad	0.7166194365727622	0.9662845583277141
curated	geNomad	0.7151191865310885	0.9662162162162162
curated	geNomad	0.7137856309384898	0.9661552346570397
curated	geNomad	0.7126187697949659	0.9661016949152542
curated	geNomad	0.7109518253042174	0.9660249150622876
curated	geNomad	0.7097849641606935	0.9659709618874773
curated	geNomad	0.7084514085680946	0.9659090909090909
curated	geNomad	0.7064510751791966	0.9660360155003419
curated	geNomad	0.7052842140356727	0.9662023292989267
curated	geNomad	0.7042840473412235	0.966376944190302
curated	geNomad	0.7029504917486248	0.9665367866147146
curated	geNomad	0.701616936156026	0.9664753157290471
curated	geNomad	0.7004500750125021	0.9664213431462741
curated	geNomad	0.6989498249708285	0.9663516939386956
curated	geNomad	0.6977829638273045	0.966743648960739
curated	geNomad	0.6969494915819303	0.9678240740740741
curated	geNomad	0.6954492415402567	0.9677569009510555
curated	geNomad	0.6937822970495082	0.9676819344338526
curated	geNomad	0.6924487414569095	0.9676217097600746
curated	geNomad	0.6914485747624604	0.9684800373569927
curated	geNomad	0.6899483247207868	0.9686402995553476
curated	geNomad	0.6887814635772629	0.9688159437280187
curated	geNomad	0.686447741290215	0.96939736346516
curated	geNomad	0.685447574595766	0.9693540782649693
curated	geNomad	0.6844474079013169	0.9697685403873406
curated	geNomad	0.682113685614269	0.9696682464454977
curated	geNomad	0.6809468244707452	0.9696178495134109
curated	geNomad	0.6797799633272212	0.9695672848311936
curated	geNomad	0.6784464077346224	0.969509290138161
curated	geNomad	0.6772795465910986	0.9696897374701671
curated	geNomad	0.6759459909984997	0.9698636689787132
curated	geNomad	0.6747791298549758	0.9702780441035475
curated	geNomad	0.6731121853642273	0.9702066314271984
curated	geNomad	0.6717786297716286	0.9701492537313433
curated	geNomad	0.6707784630771795	0.970106075216972
curated	geNomad	0.6697782963827305	0.9705314009661836
curated	geNomad	0.6689448241373562	0.9707305273343009
curated	geNomad	0.6677779629938323	0.9709161415414445
curated	geNomad	0.6661110185030839	0.9708454810495627
curated	geNomad	0.6651108518086347	0.9712755598831548
curated	geNomad	0.6639439906651109	0.9714634146341463
curated	geNomad	0.6622770461743623	0.9716312056737588
curated	geNomad	0.6612768794799133	0.9715895175116336
curated	geNomad	0.6602767127854643	0.9715477066470444
curated	geNomad	0.6592765460910152	0.9715057725374601
curated	geNomad	0.6574429071511919	0.9714285714285714
curated	geNomad	0.656276046007668	0.971618953603159
curated	geNomad	0.6546091015169195	0.9717891610987379
curated	geNomad	0.6534422403733956	0.9717402082300446
curated	geNomad	0.651941990331722	0.9716770186335404
curated	geNomad	0.650775129188198	0.9718695543938263
curated	geNomad	0.6499416569428238	0.9720767888307156
curated	geNomad	0.6487747957992999	0.972027972027972
curated	geNomad	0.6476079346557759	0.9722222222222222
curated	geNomad	0.6466077679613269	0.9721804511278196
curated	geNomad	0.6456076012668778	0.9721385542168675
curated	geNomad	0.6437739623270545	0.9720614145482004
curated	geNomad	0.6427737956326054	0.972019158053945
curated	geNomad	0.6414402400400067	0.9722081859525012
curated	geNomad	0.6406067677946324	0.972419028340081
curated	geNomad	0.6387731288548091	0.9723420451662015
curated	geNomad	0.636772795465911	0.9722575719012472
curated	geNomad	0.6352725454242374	0.9721938775510204
curated	geNomad	0.6336056009334889	0.9721227621483376
curated	geNomad	0.632438739789965	0.9723218862121988
curated	geNomad	0.6307717952992166	0.9722507708119219
curated	geNomad	0.6296049341556926	0.9724510813594233
curated	geNomad	0.6287714619103184	0.9729172040237297
curated	geNomad	0.6272712118686448	0.9733574754267977
curated	geNomad	0.625937656276046	0.973554576095411
curated	geNomad	0.6247707951325221	0.9735064935064935
curated	geNomad	0.623770628438073	0.9737184491282852
curated	geNomad	0.6222703783963994	0.9741649269311065
curated	geNomad	0.6212702117019503	0.9741244119184527
curated	geNomad	0.6201033505584264	0.974076983503535
curated	geNomad	0.6187697949658276	0.9740225662555759
curated	geNomad	0.6169361560260044	0.9742037378257437
curated	geNomad	0.6152692115352558	0.9741356558458696
curated	geNomad	0.6142690448408068	0.9743521946060285
curated	geNomad	0.6131021836972829	0.9743046357615894
curated	geNomad	0.6119353225537589	0.9742569002123143
curated	geNomad	0.6106017669611602	0.9742021276595745
curated	geNomad	0.6094349058176363	0.9741540101252332
curated	geNomad	0.6079346557759626	0.9740918803418803
curated	geNomad	0.6071011835305884	0.9740572345546937
curated	geNomad	0.60543423903984	0.973987664253151
curated	geNomad	0.6044340723453909	0.9742074153680816
curated	geNomad	0.6031005167527921	0.9741518578352181
curated	geNomad	0.6021003500583431	0.9741100323624595
curated	geNomad	0.6004334055675946	0.9740400216333153
curated	geNomad	0.5987664610768462	0.9739696312364425
curated	geNomad	0.5974329054842473	0.9739130434782609
curated	geNomad	0.5962660443407235	0.9743938981204031
curated	geNomad	0.5952658776462744	0.974617903930131
curated	geNomad	0.5939323220536756	0.9745623632385121
curated	geNomad	0.592432072012002	0.9747668678003292
curated	geNomad	0.591431905317553	0.9747252747252747
curated	geNomad	0.5904317386231038	0.9749518304431599
curated	geNomad	0.5892648774795799	0.974903474903475
curated	geNomad	0.5882647107851309	0.9748618784530386
curated	geNomad	0.5869311551925321	0.9748062015503876
curated	geNomad	0.5857642940490082	0.9750277469478358
curated	geNomad	0.584930821803634	0.9752640355753196
curated	geNomad	0.58376396066011	0.9752158173210804
curated	geNomad	0.5824304050675112	0.9751604800446553
curated	geNomad	0.5810968494749125	0.9751048951048951
curated	geNomad	0.5802633772295382	0.9750700280112045
curated	geNomad	0.5792632105350892	0.9753017120404154
curated	geNomad	0.5779296549424904	0.9752461322081575
curated	geNomad	0.5765960993498916	0.9751903016633775
curated	geNomad	0.5754292382063677	0.9751412429378531
curated	geNomad	0.5739289881646941	0.9756304902238595
curated	geNomad	0.572928821470245	0.9758659852356616
curated	geNomad	0.571928654775796	0.9761024182076814
curated	geNomad	0.5707617936322721	0.976054732041049
curated	geNomad	0.5692615435905984	0.9762721555174385
curated	geNomad	0.56759459909985	0.976204128440367
curated	geNomad	0.5665944324054009	0.976163124641011
curated	geNomad	0.5652608768128021	0.9761082325849165
curated	geNomad	0.5639273212202034	0.9763347763347764
curated	geNomad	0.5625937656276045	0.9765625
curated	geNomad	0.5614269044840807	0.9765149318643085
curated	geNomad	0.5604267377896316	0.9764740052279989
curated	geNomad	0.558926487747958	0.9764123471170646
curated	geNomad	0.5575929321553592	0.9763572679509632
curated	geNomad	0.5559259876646108	0.9762880562060889
curated	geNomad	0.5544257376229371	0.9762254182565306
curated	geNomad	0.5535922653775629	0.9764775066157013
curated	geNomad	0.5520920153358894	0.976703037452079
curated	geNomad	0.5509251541923654	0.9766548463356974
curated	geNomad	0.5490915152525421	0.9765787133115921
curated	geNomad	0.5477579596599433	0.9765230312035661
curated	geNomad	0.5469244874145691	0.9767788032152427
curated	geNomad	0.5454242373728955	0.9767164179104477
curated	geNomad	0.5439239873312218	0.9766536964980544
curated	geNomad	0.5430905150858476	0.9766187050359713
curated	geNomad	0.5419236539423237	0.9765695404025233
curated	geNomad	0.5407567927987998	0.9765201685731487
curated	geNomad	0.539423237206201	0.9767582251735587
curated	geNomad	0.5379229871645275	0.9766949152542372
curated	geNomad	0.5367561260210035	0.9766454352441614
curated	geNomad	0.5355892648774796	0.9765957446808511
curated	geNomad	0.5345890981830305	0.9765529841656516
curated	geNomad	0.5337556259376562	0.9768151311775473
curated	geNomad	0.5324220703450575	0.9767584097859328
curated	geNomad	0.5310885147524588	0.9770009199632015
curated	geNomad	0.5299216536089348	0.9769514443761524
curated	geNomad	0.5289214869144857	0.9769088669950738
curated	geNomad	0.5279213202200367	0.9768661320172732
curated	geNomad	0.526587764627438	0.9768089053803339
curated	geNomad	0.5257542923820637	0.9767729947352122
curated	geNomad	0.5244207367894649	0.9767153058056505
curated	geNomad	0.523253875645941	0.976664592408214
curated	geNomad	0.5220870145024171	0.9769182782283219
curated	geNomad	0.521086847807968	0.976875
curated	geNomad	0.5199199866644441	0.9771303258145363
curated	geNomad	0.5185864310718453	0.977072864321608
curated	geNomad	0.5174195699283214	0.977022348127164
curated	geNomad	0.5164194032338724	0.9769788710186061
curated	geNomad	0.5152525420903484	0.9769279393173198
curated	geNomad	0.5144190698449742	0.9768914213358658
curated	geNomad	0.5130855142523754	0.976832751507458
curated	geNomad	0.5119186531088514	0.9767811704834606
curated	geNomad	0.5104184030671779	0.9767145135566189
curated	geNomad	0.509251541923654	0.9766624040920716
curated	geNomad	0.50808468078013	0.9766100608779238
curated	geNomad	0.5072512085347558	0.9765725288831836
curated	geNomad	0.5057509584930822	0.9765046668812359
curated	geNomad	0.5045840973495582	0.9767666989351403
curated	geNomad	0.5030838473078847	0.9766990291262136
curated	geNomad	0.5020836806134356	0.9766536964980544
curated	geNomad	0.5012502083680613	0.9769330734243015
curated	geNomad	0.4999166527754626	0.9771912675138481
curated	geNomad	0.4990831805300883	0.9771540469973891
curated	geNomad	0.49791631938656444	0.977101733725875
curated	geNomad	0.4970828471411902	0.9773844641101278
curated	geNomad	0.49608268044674114	0.9773399014778326
curated	geNomad	0.4952492082013669	0.9773026315789474
curated	geNomad	0.494082347057843	0.9772502472799208
curated	geNomad	0.4930821803633939	0.977205153617443
curated	geNomad	0.4922487081180197	0.9771674387822634
curated	geNomad	0.4909151525254209	0.9771068347710683
curated	geNomad	0.48958159693282216	0.9770459081836327
curated	geNomad	0.4884147357892982	0.9769923307769256
curated	geNomad	0.487581263543924	0.9769539078156313
curated	geNomad	0.48641440240040007	0.9768998995647807
curated	geNomad	0.48558093015502585	0.9768611670020121
curated	geNomad	0.4847474579096516	0.9768223043332214
curated	geNomad	0.4835805967661277	0.9767676767676767
curated	geNomad	0.48274712452075347	0.9767284991568297
curated	geNomad	0.48158026337722953	0.9766734279918864
curated	geNomad	0.48058009668278046	0.9766260162601627
curated	geNomad	0.47974662443740623	0.9765863590091619
curated	geNomad	0.47841306884480744	0.9768550034036759
curated	geNomad	0.4770795132522087	0.9767918088737202
curated	geNomad	0.4762460410068345	0.9767521367521368
curated	geNomad	0.4752458743123854	0.9767043508050702
curated	geNomad	0.47424570761793633	0.9766563680054926
curated	geNomad	0.47324554092348725	0.9769442532690984
curated	geNomad	0.4720786797799633	0.9768885822697482
curated	geNomad	0.4709118186364394	0.9768326417704011
curated	geNomad	0.4694115685947658	0.9767603191120361
curated	geNomad	0.46857809634939157	0.9767199444058374
curated	geNomad	0.46674445740956827	0.9766306243460062
curated	geNomad	0.46557759626604434	0.9769150052465897
curated	geNomad	0.4644107351225204	0.9768583450210379
curated	geNomad	0.46307717952992167	0.9767932489451476
curated	geNomad	0.461576929488248	0.9770642201834863
curated	geNomad	0.4602433738956493	0.9769992922859165
curated	geNomad	0.45874312385397564	0.9769258075967341
curated	geNomad	0.45774295715952656	0.9772241992882562
curated	geNomad	0.4570761793632272	0.9778887303851641
curated	geNomad	0.456242707117853	0.9781987133666905
curated	geNomad	0.45457576262710453	0.9784714747039828
curated	geNomad	0.4530755125854309	0.978401727861771
curated	geNomad	0.4515752625437573	0.9783315276273022
curated	geNomad	0.4505750958493082	0.9786386676321506
curated	geNomad	0.4492415402567094	0.9785766158315178
curated	geNomad	0.44774129021503584	0.9785063752276867
curated	geNomad	0.44640773462243705	0.9784435513335769
curated	geNomad	0.445407567927988	0.9783961918711095
curated	geNomad	0.44440740123353895	0.978348623853211
curated	geNomad	0.44274045674279044	0.978268876611418
curated	geNomad	0.4414069011501917	0.9782046545991873
curated	geNomad	0.43990665110851807	0.978494623655914
curated	geNomad	0.438906484414069	0.978446674098848
curated	geNomad	0.4377396232705451	0.9783904619970194
curated	geNomad	0.4364060676779463	0.9783258594917787
curated	geNomad	0.43540590098349724	0.9782771535580524
curated	geNomad	0.4340723453908985	0.9785794813979707
curated	geNomad	0.43257209534922486	0.9785067873303167
curated	geNomad	0.43107184530755127	0.978433598183882
curated	geNomad	0.42990498416402734	0.9787476280834915
curated	geNomad	0.42807134522420404	0.9786585365853658
curated	geNomad	0.42657109518253045	0.978585086042065
curated	geNomad	0.42490415069178195	0.9785028790786948
curated	geNomad	0.4240706784464077	0.9784615384615385
curated	geNomad	0.4229038173028838	0.9784033937524104
curated	geNomad	0.4214035672612102	0.978328173374613
curated	geNomad	0.4200700116686114	0.9782608695652174
curated	geNomad	0.4187364560760127	0.9781931464174455
curated	geNomad	0.41756959493248874	0.9781335415853183
curated	geNomad	0.41573595599266544	0.9784229109454688
curated	geNomad	0.41423570595099185	0.9787317841669949
curated	geNomad	0.41323553925654277	0.9786814054480852
curated	geNomad	0.41206867811301884	0.9786223277909739
curated	geNomad	0.4112352058676446	0.978579928599762
curated	geNomad	0.4099016502750458	0.9785117389574214
curated	geNomad	0.4085680946824471	0.9788338658146964
curated	geNomad	0.40773462243707287	0.9791833466773419
curated	geNomad	0.4067344557426238	0.9791332263242376
curated	geNomad	0.405400900150025	0.9790660225442834
curated	geNomad	0.4039006501083514	0.978989898989899
curated	geNomad	0.4027337889648275	0.9789303079416531
curated	geNomad	0.40106684447407903	0.9792429792429792
curated	geNomad	0.4002333722287048	0.9792006525285482
curated	geNomad	0.39923320553425573	0.9791496320523303
curated	geNomad	0.3977329554925821	0.979072630283135
curated	geNomad	0.39639939989998335	0.9794069192751236
curated	geNomad	0.3948991498583097	0.9793303017775941
curated	geNomad	0.39373228871478577	0.9792703150912107
curated	geNomad	0.3922320386731122	0.9800083298625573
curated	geNomad	0.3903983997332889	0.980326496442026
curated	geNomad	0.3888981496916153	0.9802521008403361
curated	geNomad	0.3875645940990165	0.980185497470489
curated	geNomad	0.3862310385064177	0.9801184433164128
curated	geNomad	0.3843973995665944	0.9804421768707483
curated	geNomad	0.3830638439739957	0.9807938540332907
curated	geNomad	0.3812302050341724	0.9811239811239811
curated	geNomad	0.37972995499249873	0.9810508182601206
curated	geNomad	0.3775629271545258	0.9813691507798961
curated	geNomad	0.37639606601100184	0.9813124728378966
curated	geNomad	0.37539589931655276	0.9812636165577342
curated	geNomad	0.3743957326221037	0.981214504150284
curated	geNomad	0.3725620936822804	0.9811237928007024
curated	geNomad	0.3712285380896816	0.981057268722467
curated	geNomad	0.36906151025170864	0.9809481612760301
curated	geNomad	0.36806134355725956	0.9808973789426921
curated	geNomad	0.3668944824137356	0.9808377896613191
curated	geNomad	0.36539423237206203	0.9807606263982103
curated	geNomad	0.36439406567761295	0.9807088380439659
curated	geNomad	0.3620603433905651	0.98058690744921
curated	geNomad	0.3597266211035173	0.9804634257155839
curated	geNomad	0.3577262877146191	0.9803563270899954
curated	geNomad	0.35572595432572096	0.9802480477721636
curated	geNomad	0.3542257042840473	0.9801660516605166
curated	geNomad	0.3528921486914486	0.9810009267840594
curated	geNomad	0.35122520420070014	0.9809124767225326
curated	geNomad	0.3500583430571762	0.9813084112149533
curated	geNomad	0.3487247874645774	0.981698732989207
curated	geNomad	0.3468911485247541	0.9816037735849057
curated	geNomad	0.34489081513585595	0.9819648789748457
curated	geNomad	0.34289048174695785	0.9823304680038204
curated	geNomad	0.34155692615435906	0.9827338129496402
curated	geNomad	0.3392232038673112	0.9826170931916949
curated	geNomad	0.3380563427237873	0.9825581395348837
curated	geNomad	0.33655609268211367	0.9824817518248176
curated	geNomad	0.3355559259876646	0.98291015625
curated	geNomad	0.3343890648441407	0.9828515433610975
curated	geNomad	0.33338889814969164	0.9837678307919331
curated	geNomad	0.331888648108018	0.9836956521739131
curated	geNomad	0.32988831471911984	0.9835984095427436
curated	geNomad	0.3278879813302217	0.9844844844844844
curated	geNomad	0.32655442573762294	0.9844221105527639
curated	geNomad	0.3250541756959493	0.9843513377082281
curated	geNomad	0.3238873145524254	0.9842958459979737
curated	geNomad	0.3222203700616769	0.9842158859470469
curated	geNomad	0.3212202033672279	0.9846704138988247
curated	geNomad	0.31971995332555425	0.9845995893223819
curated	geNomad	0.31821970328388066	0.9845281072717896
curated	geNomad	0.3158859809968328	0.9849272349272349
curated	geNomad	0.3140523420570095	0.9848405645582854
curated	geNomad	0.31288548091348556	0.9847848898216159
curated	geNomad	0.3107184530755126	0.9846804014791336
curated	geNomad	0.3093848974829138	0.9846153846153847
curated	geNomad	0.3080513418903151	0.9845498135322323
curated	geNomad	0.3067177862977163	0.9855382967327263
curated	geNomad	0.3052175362560427	0.9854682454251884
curated	geNomad	0.30371728621436905	0.9853975121687398
curated	geNomad	0.3023837306217703	0.9853340575774036
curated	geNomad	0.2998833138856476	0.9852135815991238
curated	geNomad	0.29821636939489915	0.9856749311294766
curated	geNomad	0.2957159526587765	0.9855555555555555
curated	geNomad	0.29421570261710284	0.9865846841811068
curated	geNomad	0.2928821470245041	0.9865244244806288
curated	geNomad	0.2903817302883814	0.986409966024915
curated	geNomad	0.2883813968994832	0.9863169897377423
curated	geNomad	0.2867144524087348	0.9873708381171068
curated	geNomad	0.2838806467744624	0.9872463768115942
curated	geNomad	0.28188031338556424	0.9871570344424986
curated	geNomad	0.28071345224204036	0.9871043376318874
curated	geNomad	0.27887981330221706	0.9870206489675516
curated	geNomad	0.27721286881146856	0.9875296912114014
curated	geNomad	0.2752125354225704	0.988031119090365
curated	geNomad	0.2733788964827471	0.9879518072289156
curated	geNomad	0.2715452575429238	0.9878714372346877
curated	geNomad	0.26954492415402564	0.9877825290164935
curated	geNomad	0.2678779796632772	0.9877074370006146
curated	geNomad	0.2660443407234539	0.9882352941176471
curated	geNomad	0.2638773128854809	0.9881398252184769
curated	geNomad	0.26171028504750793	0.9880427942101951
curated	geNomad	0.2597099516586098	0.9879518072289156
curated	geNomad	0.2572095349224871	0.9878361075544174
curated	geNomad	0.2550425070845141	0.9877340219496449
curated	geNomad	0.2537089514919153	0.9876703439325114
curated	geNomad	0.25154192365394235	0.9882121807465619
curated	geNomad	0.24954159026504416	0.9887714663143989
curated	geNomad	0.2463743957326221	0.988628762541806
curated	geNomad	0.24304050675112518	0.9884745762711864
curated	geNomad	0.24070678446407734	0.9883641341546886
curated	geNomad	0.2390398399733289	0.9882839421088904
curated	geNomad	0.23637272878813134	0.9888423988842399
curated	geNomad	0.2328721453575596	0.9900779588944011
curated	geNomad	0.22987164527421236	0.9899497487437185
curated	geNomad	0.22687114519086515	0.9898181818181818
curated	geNomad	0.224870811801967	0.9904552129221733
curated	geNomad	0.22187031171861976	0.9903273809523809
curated	geNomad	0.21886981163527255	0.9901960784313726
curated	geNomad	0.2168694782463744	0.9908606245239908
curated	geNomad	0.21386897816302716	0.991499227202473
curated	geNomad	0.21120186697782964	0.9913928012519562
curated	geNomad	0.20770128354725786	0.9912490055688147
curated	geNomad	0.20503417236206034	0.9919354838709677
curated	geNomad	0.20170028338056342	0.9918032786885246
curated	geNomad	0.19853308884814136	0.9925
curated	geNomad	0.19336556092682114	0.9931506849315068
curated	geNomad	0.19086514419069844	0.9930615784908933
curated	geNomad	0.18753125520920153	0.9938162544169611
curated	geNomad	0.18369728288048007	0.9936880072137061
curated	geNomad	0.180530088348058	0.9944903581267218
curated	geNomad	0.17652942157026172	0.9943661971830986
curated	geNomad	0.17269544924154026	0.9942418426103646
curated	geNomad	0.16869478246374395	0.9941060903732809
curated	geNomad	0.16536089348224703	0.9949849548645938
curated	geNomad	0.16202700450075014	0.9948822927328557
curated	geNomad	0.15869311551925322	0.9947753396029259
curated	geNomad	0.15519253208868145	0.9946581196581197
curated	geNomad	0.15235872645440907	0.9956427015250545
curated	geNomad	0.14819136522753792	0.9955207166853304
curated	geNomad	0.1451908651441907	0.9954285714285714
curated	geNomad	0.140523420570095	0.9952774498229043
curated	geNomad	0.13802300383397234	0.9975903614457832
curated	geNomad	0.1335222537089515	0.9975093399750934
curated	geNomad	0.12668778129688282	0.9973753280839895
curated	geNomad	0.12068678113018837	0.9972451790633609
curated	geNomad	0.11568594765794299	0.9971264367816092
curated	geNomad	0.10951825304217369	0.9969650986342944
curated	geNomad	0.10435072512085347	0.9968152866242038
curated	geNomad	0.09751625270878479	0.9965928449744463
curated	geNomad	0.09101516919486581	0.9963503649635036
curated	geNomad	0.08501416902817137	0.9980430528375733
curated	geNomad	0.07951325220870145	0.997907949790795
curated	geNomad	0.07634605767627937	1.0
curated	geNomad	0.0716786131021837	1.0
curated	geNomad	0.06501083513918987	1.0
curated	geNomad	0.057342890481746955	1.0
curated	geNomad	0.0516752792132022	1.0
curated	geNomad	0.045007501250208366	1.0
curated	geNomad	0.035672612102017005	1.0
curated	geNomad	0.027337889648274712	1.0
curated	geNomad	0.01666944490748458	1.0
curated	geNomad	0.007001166861143524	1.0
curated	geNomad	0.002333722287047841	1.0
curated	geNomad	0.0	1.0
curated	MetaPhaPred	1.0	0.42877564148381103
curated	MetaPhaPred	1.0	0.4289595995709689
curated	MetaPhaPred	1.0	0.4300975050186407
curated	MetaPhaPred	0.9998333055509252	0.4300566430056643
curated	MetaPhaPred	0.9998333055509252	0.4320080668395275
curated	MetaPhaPred	0.9998333055509252	0.4336635095076278
curated	MetaPhaPred	0.9998333055509252	0.43511062749365254
curated	MetaPhaPred	0.9994999166527755	0.43594590664533955
curated	MetaPhaPred	0.9993332222037006	0.43590489347778666
curated	MetaPhaPred	0.9993332222037006	0.4376870847630868
curated	MetaPhaPred	0.9993332222037006	0.43906547531858797
curated	MetaPhaPred	0.9993332222037006	0.4403231729709879
curated	MetaPhaPred	0.9993332222037006	0.44116564868643754
curated	MetaPhaPred	0.9993332222037006	0.4420765430278003
curated	MetaPhaPred	0.9993332222037006	0.4427948888396484
curated	MetaPhaPred	0.9993332222037006	0.4435812060673326
curated	MetaPhaPred	0.9993332222037006	0.4443703209547106
curated	MetaPhaPred	0.9993332222037006	0.4448649450875631
curated	MetaPhaPred	0.9993332222037006	0.44665474593950233
curated	MetaPhaPred	0.9993332222037006	0.4473546750242519
curated	MetaPhaPred	0.9993332222037006	0.44805680119581465
curated	MetaPhaPred	0.9993332222037006	0.44829133328348164
curated	MetaPhaPred	0.9993332222037006	0.4487947297499626
curated	MetaPhaPred	0.9993332222037006	0.44916460627856447
curated	MetaPhaPred	0.9993332222037006	0.4498049219687875
curated	MetaPhaPred	0.9993332222037006	0.4505824877865464
curated	MetaPhaPred	0.9993332222037006	0.45126082047421906
curated	MetaPhaPred	0.9993332222037006	0.45231628187716916
curated	MetaPhaPred	0.9993332222037006	0.45299984887411215
curated	MetaPhaPred	0.9993332222037006	0.4539259483607178
curated	MetaPhaPred	0.9993332222037006	0.45454545454545453
curated	MetaPhaPred	0.9993332222037006	0.4549939283545841
curated	MetaPhaPred	0.9993332222037006	0.4553395108613094
curated	MetaPhaPred	0.9993332222037006	0.4558242092457421
curated	MetaPhaPred	0.9993332222037006	0.4562404870624049
curated	MetaPhaPred	0.9993332222037006	0.45683151718357085
curated	MetaPhaPred	0.9993332222037006	0.4574589851201831
curated	MetaPhaPred	0.9993332222037006	0.45773841337710924
curated	MetaPhaPred	0.9993332222037006	0.4579482086929952
curated	MetaPhaPred	0.9993332222037006	0.45857875009561694
curated	MetaPhaPred	0.9993332222037006	0.4590000765638159
curated	MetaPhaPred	0.9993332222037006	0.45935177381043596
curated	MetaPhaPred	0.9993332222037006	0.459950897652294
curated	MetaPhaPred	0.9993332222037006	0.4599861889050871
curated	MetaPhaPred	0.9993332222037006	0.4603393995239192
curated	MetaPhaPred	0.9993332222037006	0.46129578331794396
curated	MetaPhaPred	0.9993332222037006	0.4617932521953474
curated	MetaPhaPred	0.9993332222037006	0.46211362059662375
curated	MetaPhaPred	0.9993332222037006	0.4627556927827094
curated	MetaPhaPred	0.9993332222037006	0.46336373473488945
curated	MetaPhaPred	0.9993332222037006	0.4637221534653465
curated	MetaPhaPred	0.9993332222037006	0.46433273952443654
curated	MetaPhaPred	0.9993332222037006	0.46458462492250463
curated	MetaPhaPred	0.9993332222037006	0.46516139044072
curated	MetaPhaPred	0.9993332222037006	0.46631922837585565
curated	MetaPhaPred	0.9993332222037006	0.46755576353143036
curated	MetaPhaPred	0.9993332222037006	0.4679937548790008
curated	MetaPhaPred	0.9993332222037006	0.4685790214162889
curated	MetaPhaPred	0.9993332222037006	0.4691290398309727
curated	MetaPhaPred	0.9993332222037006	0.46938615721891636
curated	MetaPhaPred	0.9993332222037006	0.4697171511400141
curated	MetaPhaPred	0.9993332222037006	0.4702698462503922
curated	MetaPhaPred	0.9993332222037006	0.47063903281519864
curated	MetaPhaPred	0.9993332222037006	0.4712309385316774
curated	MetaPhaPred	0.9993332222037006	0.47137914766472716
curated	MetaPhaPred	0.9993332222037006	0.4714162145160022
curated	MetaPhaPred	0.9993332222037006	0.471935763205542
curated	MetaPhaPred	0.9993332222037006	0.47245645834975175
curated	MetaPhaPred	0.9993332222037006	0.4727545146281839
curated	MetaPhaPred	0.9993332222037006	0.47316495659037094
curated	MetaPhaPred	0.9993332222037006	0.4735761118571767
curated	MetaPhaPred	0.9993332222037006	0.47413793103448276
curated	MetaPhaPred	0.9993332222037006	0.4750772644425073
curated	MetaPhaPred	0.9993332222037006	0.47549175126903553
curated	MetaPhaPred	0.9993332222037006	0.4758314151916819
curated	MetaPhaPred	0.9993332222037006	0.4761715647339158
curated	MetaPhaPred	0.9993332222037006	0.47651220093792224
curated	MetaPhaPred	0.9993332222037006	0.47708101225529204
curated	MetaPhaPred	0.9993332222037006	0.4775750816537879
curated	MetaPhaPred	0.9993332222037006	0.478032054860059
curated	MetaPhaPred	0.9993332222037006	0.4789103690685413
curated	MetaPhaPred	0.9993332222037006	0.4793315743183817
curated	MetaPhaPred	0.9993332222037006	0.4798303185529054
curated	MetaPhaPred	0.9993332222037006	0.4801762114537445
curated	MetaPhaPred	0.9993332222037006	0.48063817846548545
curated	MetaPhaPred	0.9993332222037006	0.4810624297865511
curated	MetaPhaPred	0.9993332222037006	0.48148743072845557
curated	MetaPhaPred	0.9993332222037006	0.48179699429398054
curated	MetaPhaPred	0.9993332222037006	0.4823008849557522
curated	MetaPhaPred	0.9993332222037006	0.48284471649484534
curated	MetaPhaPred	0.9993332222037006	0.4833508022252681
curated	MetaPhaPred	0.9993332222037006	0.4838970054080233
curated	MetaPhaPred	0.9993332222037006	0.484170570182523
curated	MetaPhaPred	0.9993332222037006	0.48448359463390983
curated	MetaPhaPred	0.9993332222037006	0.48503236245954695
curated	MetaPhaPred	0.9993332222037006	0.4855823748582537
curated	MetaPhaPred	0.9993332222037006	0.4861336360687642
curated	MetaPhaPred	0.9993332222037006	0.4865676487298109
curated	MetaPhaPred	0.9993332222037006	0.4874380030896821
curated	MetaPhaPred	0.9993332222037006	0.48771558737390175
curated	MetaPhaPred	0.9993332222037006	0.48819218241042345
curated	MetaPhaPred	0.9993332222037006	0.4888290932811481
curated	MetaPhaPred	0.9993332222037006	0.48918808649530804
curated	MetaPhaPred	0.9993332222037006	0.48954760738200226
curated	MetaPhaPred	0.9993332222037006	0.48974756964300303
curated	MetaPhaPred	0.9993332222037006	0.49046878834983226
curated	MetaPhaPred	0.9993332222037006	0.49079001227998365
curated	MetaPhaPred	0.9993332222037006	0.4916352304412006
curated	MetaPhaPred	0.9993332222037006	0.49207912665189196
curated	MetaPhaPred	0.9993332222037006	0.492645246117183
curated	MetaPhaPred	0.9993332222037006	0.4930504153302081
curated	MetaPhaPred	0.9993332222037006	0.49361877315767805
curated	MetaPhaPred	0.9993332222037006	0.4936594202898551
curated	MetaPhaPred	0.9993332222037006	0.49414770853939993
curated	MetaPhaPred	0.9993332222037006	0.4947186004291137
curated	MetaPhaPred	0.9993332222037006	0.49512718863561284
curated	MetaPhaPred	0.9993332222037006	0.49553645230616633
curated	MetaPhaPred	0.9991665277546258	0.4959457223233493
curated	MetaPhaPred	0.9991665277546258	0.4963975155279503
curated	MetaPhaPred	0.9991665277546258	0.496973716938894
curated	MetaPhaPred	0.9991665277546258	0.49734483903086624
curated	MetaPhaPred	0.9991665277546258	0.4977991861141101
curated	MetaPhaPred	0.9991665277546258	0.4981715425531915
curated	MetaPhaPred	0.9991665277546258	0.49846153846153846
curated	MetaPhaPred	0.9991665277546258	0.4990840965861782
curated	MetaPhaPred	0.9991665277546258	0.4996665555185062
curated	MetaPhaPred	0.9991665277546258	0.500125156445557
curated	MetaPhaPred	0.9991665277546258	0.5003338898163606
curated	MetaPhaPred	0.9991665277546258	0.5007518796992482
curated	MetaPhaPred	0.9991665277546258	0.5013801756587202
curated	MetaPhaPred	0.9991665277546258	0.5016739203213927
curated	MetaPhaPred	0.9991665277546258	0.5020520981656755
curated	MetaPhaPred	0.9991665277546258	0.5025572231072357
curated	MetaPhaPred	0.9991665277546258	0.5030633655056651
curated	MetaPhaPred	0.9991665277546258	0.5035705284382088
curated	MetaPhaPred	0.9991665277546258	0.5036128381784574
curated	MetaPhaPred	0.9991665277546258	0.5039092055485498
curated	MetaPhaPred	0.9991665277546258	0.5043756311006395
curated	MetaPhaPred	0.9991665277546258	0.5047153923880094
curated	MetaPhaPred	0.9991665277546258	0.5050981713996798
curated	MetaPhaPred	0.9991665277546258	0.5056094474905103
curated	MetaPhaPred	0.9991665277546258	0.5059508736388959
curated	MetaPhaPred	0.9991665277546258	0.5064210882054748
curated	MetaPhaPred	0.9991665277546258	0.507063700194569
curated	MetaPhaPred	0.9991665277546258	0.5074070938796241
curated	MetaPhaPred	0.9991665277546258	0.507578965196037
curated	MetaPhaPred	0.9991665277546258	0.5080091533180778
curated	MetaPhaPred	0.9991665277546258	0.5080522122393626
curated	MetaPhaPred	0.9991665277546258	0.5085263425808094
curated	MetaPhaPred	0.9991665277546258	0.5090878206217089
curated	MetaPhaPred	0.9991665277546258	0.5095205712342741
curated	MetaPhaPred	0.9991665277546258	0.5103882833787466
curated	MetaPhaPred	0.9991665277546258	0.5110410094637224
curated	MetaPhaPred	0.9991665277546258	0.5115643936161134
curated	MetaPhaPred	0.9991665277546258	0.5120888509184109
curated	MetaPhaPred	0.9991665277546258	0.5124829001367989
curated	MetaPhaPred	0.9991665277546258	0.5128775562590913
curated	MetaPhaPred	0.9991665277546258	0.513272820688474
curated	MetaPhaPred	0.9991665277546258	0.5133167765693243
curated	MetaPhaPred	0.9991665277546258	0.5135806700368435
curated	MetaPhaPred	0.9991665277546258	0.5142857142857142
curated	MetaPhaPred	0.9991665277546258	0.5148599896924927
curated	MetaPhaPred	0.9991665277546258	0.5149042178507001
curated	MetaPhaPred	0.9991665277546258	0.515214027849407
curated	MetaPhaPred	0.9991665277546258	0.5156572608396421
curated	MetaPhaPred	0.9991665277546258	0.5160568230736117
curated	MetaPhaPred	0.9991665277546258	0.5162790697674419
curated	MetaPhaPred	0.9991665277546258	0.5166795965865012
curated	MetaPhaPred	0.9991665277546258	0.5170807453416149
curated	MetaPhaPred	0.9991665277546258	0.5177059941267922
curated	MetaPhaPred	0.9991665277546258	0.5182431264049802
curated	MetaPhaPred	0.9991665277546258	0.5188262788886003
curated	MetaPhaPred	0.9991665277546258	0.5193657395373018
curated	MetaPhaPred	0.9991665277546258	0.5194107452339688
curated	MetaPhaPred	0.9991665277546258	0.5195908460471568
curated	MetaPhaPred	0.9991665277546258	0.5199063231850117
curated	MetaPhaPred	0.9991665277546258	0.5204480333420162
curated	MetaPhaPred	0.9991665277546258	0.5208550573514077
curated	MetaPhaPred	0.9991665277546258	0.5217618384401114
curated	MetaPhaPred	0.9991665277546258	0.5223529411764706
curated	MetaPhaPred	0.998999833305551	0.5223568377930794
curated	MetaPhaPred	0.998999833305551	0.5226757369614512
curated	MetaPhaPred	0.998999833305551	0.5234061135371179
curated	MetaPhaPred	0.998999833305551	0.5235890267342302
curated	MetaPhaPred	0.998999833305551	0.5243678362061422
curated	MetaPhaPred	0.998999833305551	0.5248270426482179
curated	MetaPhaPred	0.9988331388564761	0.5247854265195305
curated	MetaPhaPred	0.9988331388564761	0.5259369788466602
curated	MetaPhaPred	0.9986664444074013	0.5258953651685393
curated	MetaPhaPred	0.9986664444074013	0.5264036552148318
curated	MetaPhaPred	0.9986664444074013	0.5264499121265378
curated	MetaPhaPred	0.9986664444074013	0.5270056298381421
curated	MetaPhaPred	0.9986664444074013	0.5271447426308843
curated	MetaPhaPred	0.9986664444074013	0.5274696249339672
curated	MetaPhaPred	0.9986664444074013	0.5279809641314885
curated	MetaPhaPred	0.9986664444074013	0.5283068783068783
curated	MetaPhaPred	0.9986664444074013	0.5288665254237288
curated	MetaPhaPred	0.9986664444074013	0.5292402826855124
curated	MetaPhaPred	0.9986664444074013	0.5298019101521046
curated	MetaPhaPred	0.9986664444074013	0.5302239136206744
curated	MetaPhaPred	0.9986664444074013	0.5306465899025686
curated	MetaPhaPred	0.9984997499583264	0.5306050137301799
curated	MetaPhaPred	0.9984997499583264	0.5310754499512368
curated	MetaPhaPred	0.9984997499583264	0.5313581123037346
curated	MetaPhaPred	0.9984997499583264	0.5314052519517388
curated	MetaPhaPred	0.9984997499583264	0.5321133516922804
curated	MetaPhaPred	0.9984997499583264	0.5324444444444445
curated	MetaPhaPred	0.9984997499583264	0.5329655663315241
curated	MetaPhaPred	0.9984997499583264	0.5334401994834803
curated	MetaPhaPred	0.9984997499583264	0.5338205151056056
curated	MetaPhaPred	0.9984997499583264	0.5340584878744651
curated	MetaPhaPred	0.9984997499583264	0.5347259417961079
curated	MetaPhaPred	0.9984997499583264	0.5352037169406719
curated	MetaPhaPred	0.9984997499583264	0.5357302566854485
curated	MetaPhaPred	0.9984997499583264	0.5368826745540916
curated	MetaPhaPred	0.9984997499583264	0.537219730941704
curated	MetaPhaPred	0.9984997499583264	0.5374607447285779
curated	MetaPhaPred	0.9984997499583264	0.5376537115160219
curated	MetaPhaPred	0.9983330555092516	0.5376122082585278
curated	MetaPhaPred	0.9983330555092516	0.5380468960560596
curated	MetaPhaPred	0.9983330555092516	0.5384822873583888
curated	MetaPhaPred	0.9983330555092516	0.5391124313619587
curated	MetaPhaPred	0.9983330555092516	0.5395009458607333
curated	MetaPhaPred	0.9983330555092516	0.5407674943566592
curated	MetaPhaPred	0.9983330555092516	0.5413540630931936
curated	MetaPhaPred	0.9983330555092516	0.5414030012655939
curated	MetaPhaPred	0.9983330555092516	0.5419419057098905
curated	MetaPhaPred	0.9983330555092516	0.5424327506566434
curated	MetaPhaPred	0.9981663610601766	0.5423913043478261
curated	MetaPhaPred	0.9981663610601766	0.5427354300734161
curated	MetaPhaPred	0.9981663610601766	0.5432277964256554
curated	MetaPhaPred	0.9979996666111018	0.543531547889242
curated	MetaPhaPred	0.9979996666111018	0.5438277772731401
curated	MetaPhaPred	0.9979996666111018	0.5441737865842574
curated	MetaPhaPred	0.9979996666111018	0.5448671277757554
curated	MetaPhaPred	0.9979996666111018	0.5453137808543583
curated	MetaPhaPred	0.9979996666111018	0.5457114210190502
curated	MetaPhaPred	0.9979996666111018	0.5462092874737706
curated	MetaPhaPred	0.9979996666111018	0.5469078286288481
curated	MetaPhaPred	0.9979996666111018	0.5471577408152074
curated	MetaPhaPred	0.9979996666111018	0.5479088496385102
curated	MetaPhaPred	0.9979996666111018	0.5481596777147043
curated	MetaPhaPred	0.9979996666111018	0.5482098708909441
curated	MetaPhaPred	0.997832972162027	0.5485703812316716
curated	MetaPhaPred	0.997832972162027	0.5492246995137169
curated	MetaPhaPred	0.997832972162027	0.5499310978410656
curated	MetaPhaPred	0.997832972162027	0.5503861713865391
curated	MetaPhaPred	0.997832972162027	0.5509941089837997
curated	MetaPhaPred	0.997832972162027	0.5513493598599981
curated	MetaPhaPred	0.997832972162027	0.5522649690930898
curated	MetaPhaPred	0.997832972162027	0.5528770665927774
curated	MetaPhaPred	0.997832972162027	0.5535417051969669
curated	MetaPhaPred	0.997832972162027	0.5540540540540541
curated	MetaPhaPred	0.997832972162027	0.5545673522327219
curated	MetaPhaPred	0.997832972162027	0.5553390852583727
curated	MetaPhaPred	0.997832972162027	0.555803156917363
curated	MetaPhaPred	0.997832972162027	0.5565783356578335
curated	MetaPhaPred	0.997832972162027	0.5572519083969466
curated	MetaPhaPred	0.997832972162027	0.5578751164958061
curated	MetaPhaPred	0.997832972162027	0.5585518335355043
curated	MetaPhaPred	0.997832972162027	0.5592301943198804
curated	MetaPhaPred	0.9976662777129521	0.5591890124264225
curated	MetaPhaPred	0.9976662777129521	0.5597643097643098
curated	MetaPhaPred	0.9976662777129521	0.5601834518906776
curated	MetaPhaPred	0.9976662777129521	0.56070826306914
curated	MetaPhaPred	0.9976662777129521	0.5610236220472441
curated	MetaPhaPred	0.9976662777129521	0.5614446529080676
curated	MetaPhaPred	0.9976662777129521	0.5624471384268396
curated	MetaPhaPred	0.9976662777129521	0.5627115456938698
curated	MetaPhaPred	0.9976662777129521	0.5631351147911178
curated	MetaPhaPred	0.9976662777129521	0.563188105768326
curated	MetaPhaPred	0.9976662777129521	0.5637716654107008
curated	MetaPhaPred	0.9976662777129521	0.564250023569341
curated	MetaPhaPred	0.9976662777129521	0.5646759128219644
curated	MetaPhaPred	0.9976662777129521	0.5650490936555891
curated	MetaPhaPred	0.9976662777129521	0.5654227680680208
curated	MetaPhaPred	0.9976662777129521	0.5660109703045205
curated	MetaPhaPred	0.9976662777129521	0.5666540427949252
curated	MetaPhaPred	0.9974995832638773	0.5666130101316164
curated	MetaPhaPred	0.9974995832638773	0.5669351018474657
curated	MetaPhaPred	0.9973328888148024	0.5672703138333175
curated	MetaPhaPred	0.9973328888148024	0.5677547921806795
curated	MetaPhaPred	0.9973328888148024	0.5685640976907725
curated	MetaPhaPred	0.9973328888148024	0.569104917720917
curated	MetaPhaPred	0.9973328888148024	0.5697552614036758
curated	MetaPhaPred	0.9973328888148024	0.5703527168732125
curated	MetaPhaPred	0.9973328888148024	0.5710604180586045
curated	MetaPhaPred	0.9973328888148024	0.5719885277246654
curated	MetaPhaPred	0.9973328888148024	0.5725906785338309
curated	MetaPhaPred	0.9973328888148024	0.5729745259528826
curated	MetaPhaPred	0.9971661943657276	0.5732081257186662
curated	MetaPhaPred	0.9971661943657276	0.5737579129100326
curated	MetaPhaPred	0.9971661943657276	0.5741433918802188
curated	MetaPhaPred	0.9971661943657276	0.5748606573130886
curated	MetaPhaPred	0.9971661943657276	0.575635103926097
curated	MetaPhaPred	0.9971661943657276	0.5760785824345146
curated	MetaPhaPred	0.9971661943657276	0.5761340652990465
curated	MetaPhaPred	0.9969994999166528	0.5764819277108434
curated	MetaPhaPred	0.9969994999166528	0.5770381090207429
curated	MetaPhaPred	0.9969994999166528	0.5770937861829409
curated	MetaPhaPred	0.9969994999166528	0.5775395905755117
curated	MetaPhaPred	0.9969994999166528	0.5780419445249831
curated	MetaPhaPred	0.9969994999166528	0.5788251233910772
curated	MetaPhaPred	0.9969994999166528	0.5791053446940356
curated	MetaPhaPred	0.9969994999166528	0.579498110648193
curated	MetaPhaPred	0.9969994999166528	0.5800038789759504
curated	MetaPhaPred	0.9969994999166528	0.5803415486124588
curated	MetaPhaPred	0.9968328054675779	0.5806952806370169
curated	MetaPhaPred	0.9968328054675779	0.5813162243608437
curated	MetaPhaPred	0.9968328054675779	0.5816554809843401
curated	MetaPhaPred	0.9968328054675779	0.5817686545383792
curated	MetaPhaPred	0.9968328054675779	0.5831870489565047
curated	MetaPhaPred	0.9968328054675779	0.5835854396408705
curated	MetaPhaPred	0.9966661110185031	0.5840578294422194
curated	MetaPhaPred	0.9966661110185031	0.5845717637856863
curated	MetaPhaPred	0.9966661110185031	0.585201135362631
curated	MetaPhaPred	0.9966661110185031	0.5860041164363422
curated	MetaPhaPred	0.9966661110185031	0.5865214832254267
curated	MetaPhaPred	0.9966661110185031	0.5869245116324727
curated	MetaPhaPred	0.9966661110185031	0.5876744643208178
curated	MetaPhaPred	0.9966661110185031	0.5885421793483611
curated	MetaPhaPred	0.9964994165694282	0.588907496798345
curated	MetaPhaPred	0.9964994165694282	0.589604497484959
curated	MetaPhaPred	0.9964994165694282	0.589662655356086
curated	MetaPhaPred	0.9964994165694282	0.5900700819267595
curated	MetaPhaPred	0.9964994165694282	0.5905364022522968
curated	MetaPhaPred	0.9963327221203534	0.5904959494171113
curated	MetaPhaPred	0.9963327221203534	0.5908461842625544
curated	MetaPhaPred	0.9963327221203534	0.5911383641578479
curated	MetaPhaPred	0.9963327221203534	0.5921926087387298
curated	MetaPhaPred	0.9963327221203534	0.5925448597204322
curated	MetaPhaPred	0.9961660276712786	0.5929747965866243
curated	MetaPhaPred	0.9961660276712786	0.5934458788480635
curated	MetaPhaPred	0.9961660276712786	0.59391771019678
curated	MetaPhaPred	0.9961660276712786	0.5945677047059994
curated	MetaPhaPred	0.9961660276712786	0.5948636273143539
curated	MetaPhaPred	0.9961660276712786	0.5951005775741884
curated	MetaPhaPred	0.9959993332222037	0.5952973996214008
curated	MetaPhaPred	0.9958326387731289	0.5963266120982232
curated	MetaPhaPred	0.9958326387731289	0.5966839792249301
curated	MetaPhaPred	0.9958326387731289	0.597041774935039
curated	MetaPhaPred	0.9958326387731289	0.5975792737821346
curated	MetaPhaPred	0.9958326387731289	0.5979381443298969
curated	MetaPhaPred	0.9958326387731289	0.5981776309201963
curated	MetaPhaPred	0.9958326387731289	0.5990774167669475
curated	MetaPhaPred	0.9958326387731289	0.599257698866486
curated	MetaPhaPred	0.995665944324054	0.5992174959871589
curated	MetaPhaPred	0.995665944324054	0.6008449854139423
curated	MetaPhaPred	0.995665944324054	0.6015105740181269
curated	MetaPhaPred	0.995665944324054	0.602116935483871
curated	MetaPhaPred	0.9954992498749792	0.6026236125126135
curated	MetaPhaPred	0.9954992498749792	0.6032323232323232
curated	MetaPhaPred	0.9954992498749792	0.6034151763160553
curated	MetaPhaPred	0.9953325554259043	0.6033751010509296
curated	MetaPhaPred	0.9953325554259043	0.6046582278481013
curated	MetaPhaPred	0.9953325554259043	0.6051484747136922
curated	MetaPhaPred	0.9953325554259043	0.6063160032493907
curated	MetaPhaPred	0.9953325554259043	0.6066239967489586
curated	MetaPhaPred	0.9953325554259043	0.6068706169326151
curated	MetaPhaPred	0.9953325554259043	0.6076116821003358
curated	MetaPhaPred	0.9953325554259043	0.6082925835370823
curated	MetaPhaPred	0.9953325554259043	0.6089750127485977
curated	MetaPhaPred	0.9953325554259043	0.6094722874349291
curated	MetaPhaPred	0.9953325554259043	0.6099080694586313
curated	MetaPhaPred	0.9953325554259043	0.6099703749106139
curated	MetaPhaPred	0.9953325554259043	0.6107815057283142
curated	MetaPhaPred	0.9953325554259043	0.6111566018423746
curated	MetaPhaPred	0.9953325554259043	0.6131019611869802
curated	MetaPhaPred	0.9953325554259043	0.6133538777606574
curated	MetaPhaPred	0.9953325554259043	0.6136690647482015
curated	MetaPhaPred	0.9953325554259043	0.6143636176561375
curated	MetaPhaPred	0.9953325554259043	0.6151231070361595
curated	MetaPhaPred	0.9953325554259043	0.6156939575170138
curated	MetaPhaPred	0.9953325554259043	0.6163931041602148
curated	MetaPhaPred	0.9953325554259043	0.6168388429752066
curated	MetaPhaPred	0.9951658609768295	0.6170542635658914
curated	MetaPhaPred	0.9949991665277547	0.6170146785197437
curated	MetaPhaPred	0.9949991665277547	0.6173976003309888
curated	MetaPhaPred	0.9949991665277547	0.6177809977230387
curated	MetaPhaPred	0.9949991665277547	0.6181008594801698
curated	MetaPhaPred	0.9949991665277547	0.6185492227979275
curated	MetaPhaPred	0.9948324720786798	0.6186379185238935
curated	MetaPhaPred	0.994665777629605	0.6194975083056479
curated	MetaPhaPred	0.994665777629605	0.6199480519480519
curated	MetaPhaPred	0.994665777629605	0.6205282861896838
curated	MetaPhaPred	0.994665777629605	0.6211742660836976
curated	MetaPhaPred	0.994665777629605	0.6213683223992502
curated	MetaPhaPred	0.994665777629605	0.6221457616515483
curated	MetaPhaPred	0.994665777629605	0.6222106360792492
curated	MetaPhaPred	0.994665777629605	0.6226651361786497
curated	MetaPhaPred	0.994665777629605	0.6229901858425558
curated	MetaPhaPred	0.994665777629605	0.6239673742549409
curated	MetaPhaPred	0.994665777629605	0.6242937853107344
curated	MetaPhaPred	0.994665777629605	0.6248821866163996
curated	MetaPhaPred	0.994665777629605	0.6254061419138455
curated	MetaPhaPred	0.994665777629605	0.6256028517508911
curated	MetaPhaPred	0.994665777629605	0.6258653241032096
curated	MetaPhaPred	0.994665777629605	0.6263909300860802
curated	MetaPhaPred	0.994665777629605	0.6271150814503416
curated	MetaPhaPred	0.994665777629605	0.627510779261752
curated	MetaPhaPred	0.994665777629605	0.6287671232876713
curated	MetaPhaPred	0.994665777629605	0.6292312559316672
curated	MetaPhaPred	0.994665777629605	0.6296960742929506
curated	MetaPhaPred	0.994665777629605	0.6302947079328193
curated	MetaPhaPred	0.994665777629605	0.6307610993657505
curated	MetaPhaPred	0.994665777629605	0.6314953963382368
curated	MetaPhaPred	0.994665777629605	0.6318966430159907
curated	MetaPhaPred	0.994665777629605	0.6324324324324324
curated	MetaPhaPred	0.994665777629605	0.6328348711422208
curated	MetaPhaPred	0.9943323887314552	0.633159961787496
curated	MetaPhaPred	0.9943323887314552	0.633563462559745
curated	MetaPhaPred	0.9941656942823804	0.6346706395658189
curated	MetaPhaPred	0.9941656942823804	0.6351437699680511
curated	MetaPhaPred	0.9941656942823804	0.6354144470487961
curated	MetaPhaPred	0.9939989998333055	0.6353755993606819
curated	MetaPhaPred	0.9939989998333055	0.6356465195608144
curated	MetaPhaPred	0.9939989998333055	0.6360533333333334
curated	MetaPhaPred	0.9939989998333055	0.6366645312833653
curated	MetaPhaPred	0.9939989998333055	0.637617621899059
curated	MetaPhaPred	0.9939989998333055	0.6376858090043845
curated	MetaPhaPred	0.9939989998333055	0.6380269634068051
curated	MetaPhaPred	0.9936656109351558	0.6387013821922212
curated	MetaPhaPred	0.9936656109351558	0.6392493297587132
curated	MetaPhaPred	0.9936656109351558	0.6399355877616747
curated	MetaPhaPred	0.9936656109351558	0.6402792696025779
curated	MetaPhaPred	0.9933322220370062	0.6402019767941556
curated	MetaPhaPred	0.9931655275879313	0.6401633179327388
curated	MetaPhaPred	0.9931655275879313	0.6414038109591991
curated	MetaPhaPred	0.9929988331388565	0.641365202411714
curated	MetaPhaPred	0.9929988331388565	0.6418489386919513
curated	MetaPhaPred	0.9929988331388565	0.6421949115998276
curated	MetaPhaPred	0.9929988331388565	0.6427492447129909
curated	MetaPhaPred	0.9929988331388565	0.6433740144724053
curated	MetaPhaPred	0.9929988331388565	0.6437912028531287
curated	MetaPhaPred	0.9929988331388565	0.6441392733564014
curated	MetaPhaPred	0.9929988331388565	0.6448365447066464
curated	MetaPhaPred	0.9928321386897816	0.6458468878768163
curated	MetaPhaPred	0.9928321386897816	0.6464076405469937
curated	MetaPhaPred	0.9928321386897816	0.647250597696153
curated	MetaPhaPred	0.9928321386897816	0.647884259762863
curated	MetaPhaPred	0.9928321386897816	0.6482368306486722
curated	MetaPhaPred	0.9928321386897816	0.6488724261902168
curated	MetaPhaPred	0.9928321386897816	0.6495801068818846
curated	MetaPhaPred	0.9928321386897816	0.6499345264076822
curated	MetaPhaPred	0.9926654442407068	0.6498963221652297
curated	MetaPhaPred	0.9924987497916319	0.6511373578302713
curated	MetaPhaPred	0.9924987497916319	0.6515648938498577
curated	MetaPhaPred	0.9923320553425571	0.6515267593301959
curated	MetaPhaPred	0.9923320553425571	0.6520977105926169
curated	MetaPhaPred	0.9923320553425571	0.6525265811684753
curated	MetaPhaPred	0.9923320553425571	0.6531709457976739
curated	MetaPhaPred	0.9923320553425571	0.653960232890256
curated	MetaPhaPred	0.9923320553425571	0.6543196306880633
curated	MetaPhaPred	0.9923320553425571	0.6550396126760564
curated	MetaPhaPred	0.9923320553425571	0.6555445435524722
curated	MetaPhaPred	0.9923320553425571	0.6561225614460487
curated	MetaPhaPred	0.9923320553425571	0.6567015995587424
curated	MetaPhaPred	0.9923320553425571	0.6572816605940157
curated	MetaPhaPred	0.9921653608934823	0.657243816254417
curated	MetaPhaPred	0.9921653608934823	0.657606894265827
curated	MetaPhaPred	0.9921653608934823	0.6585527771630891
curated	MetaPhaPred	0.9921653608934823	0.6589902568644819
curated	MetaPhaPred	0.9921653608934823	0.6599401263998226
curated	MetaPhaPred	0.9921653608934823	0.6603061903705347
curated	MetaPhaPred	0.9921653608934823	0.6606726606726607
curated	MetaPhaPred	0.9921653608934823	0.6625111308993766
curated	MetaPhaPred	0.9921653608934823	0.6631016042780749
curated	MetaPhaPred	0.9921653608934823	0.6633972358448507
curated	MetaPhaPred	0.9921653608934823	0.6639152258784161
curated	MetaPhaPred	0.9921653608934823	0.6645082058725019
curated	MetaPhaPred	0.9916652775462577	0.6647670130740865
curated	MetaPhaPred	0.9913318886481081	0.6655102954341987
curated	MetaPhaPred	0.9913318886481081	0.6660320304625378
curated	MetaPhaPred	0.9913318886481081	0.6662558816939278
curated	MetaPhaPred	0.9913318886481081	0.6667040358744395
curated	MetaPhaPred	0.9913318886481081	0.6672276450129025
curated	MetaPhaPred	0.9911651941990332	0.6677897574123989
curated	MetaPhaPred	0.9911651941990332	0.668315162414297
curated	MetaPhaPred	0.9911651941990332	0.668991899189919
curated	MetaPhaPred	0.9911651941990332	0.6694438189596937
curated	MetaPhaPred	0.9908318053008834	0.6705776173285198
curated	MetaPhaPred	0.9906651108518086	0.6705404490578811
curated	MetaPhaPred	0.9904984164027338	0.670503272399007
curated	MetaPhaPred	0.9904984164027338	0.6714883037631371
curated	MetaPhaPred	0.9903317219536589	0.6714511754068716
curated	MetaPhaPred	0.9901650275045841	0.6719457013574661
curated	MetaPhaPred	0.9901650275045841	0.6722498868266183
curated	MetaPhaPred	0.9901650275045841	0.672782874617737
curated	MetaPhaPred	0.9901650275045841	0.6732403944236655
curated	MetaPhaPred	0.9899983330555092	0.6742733878292462
curated	MetaPhaPred	0.9899983330555092	0.6748096807181002
curated	MetaPhaPred	0.9899983330555092	0.6755772949607554
curated	MetaPhaPred	0.9899983330555092	0.676346657556087
curated	MetaPhaPred	0.9898316386064344	0.6770809578107183
curated	MetaPhaPred	0.9898316386064344	0.6778538812785389
curated	MetaPhaPred	0.9898316386064344	0.6790942360475755
curated	MetaPhaPred	0.9898316386064344	0.6797939324556382
curated	MetaPhaPred	0.9896649441573595	0.6797572704373712
curated	MetaPhaPred	0.9893315552592099	0.6806973276751921
curated	MetaPhaPred	0.9893315552592099	0.682576193214491
curated	MetaPhaPred	0.9893315552592099	0.683204788764821
curated	MetaPhaPred	0.9893315552592099	0.684149855907781
curated	MetaPhaPred	0.989164860810135	0.6841134424717547
curated	MetaPhaPred	0.9889981663610602	0.6849457400138537
curated	MetaPhaPred	0.9889981663610602	0.6858166685932262
curated	MetaPhaPred	0.9888314719119853	0.6864946186783937
curated	MetaPhaPred	0.9888314719119853	0.6871307772500869
curated	MetaPhaPred	0.9886647774629105	0.6882905883718231
curated	MetaPhaPred	0.9884980830138357	0.6882544103992572
curated	MetaPhaPred	0.9884980830138357	0.6890541482686497
curated	MetaPhaPred	0.9884980830138357	0.6896150715199442
curated	MetaPhaPred	0.9883313885647608	0.6895789718539195
curated	MetaPhaPred	0.9883313885647608	0.6901408450704225
curated	MetaPhaPred	0.9883313885647608	0.6908646003262643
curated	MetaPhaPred	0.9883313885647608	0.6916705552963136
curated	MetaPhaPred	0.9883313885647608	0.6924783928988554
curated	MetaPhaPred	0.9883313885647608	0.6932070618496434
curated	MetaPhaPred	0.9883313885647608	0.6938560561732007
curated	MetaPhaPred	0.9883313885647608	0.6942622950819672
curated	MetaPhaPred	0.988164694115686	0.6949589683470105
curated	MetaPhaPred	0.9879979996666111	0.6950046904315197
curated	MetaPhaPred	0.9879979996666111	0.6957389364948937
curated	MetaPhaPred	0.9878313052175363	0.6957032167175393
curated	MetaPhaPred	0.9876646107684615	0.6956674885523072
curated	MetaPhaPred	0.9876646107684615	0.6961579132886853
curated	MetaPhaPred	0.9876646107684615	0.6975512126206734
curated	MetaPhaPred	0.9873312218703117	0.698302287196416
curated	MetaPhaPred	0.9871645274212368	0.6982667138309162
curated	MetaPhaPred	0.9871645274212368	0.6985962014863749
curated	MetaPhaPred	0.9871645274212368	0.6989260002360439
curated	MetaPhaPred	0.9866644440740123	0.6990669658674855
curated	MetaPhaPred	0.9866644440740123	0.6994800283620893
curated	MetaPhaPred	0.9866644440740123	0.6998935792834339
curated	MetaPhaPred	0.9861643607267878	0.700366994199124
curated	MetaPhaPred	0.9861643607267878	0.7008648264423647
curated	MetaPhaPred	0.9861643607267878	0.701197107976769
curated	MetaPhaPred	0.9861643607267878	0.7016961214565295
curated	MetaPhaPred	0.9861643607267878	0.7021958456973294
curated	MetaPhaPred	0.9861643607267878	0.7029467680608364
curated	MetaPhaPred	0.9859976662777129	0.70291146761735
curated	MetaPhaPred	0.9858309718286381	0.7038800285646275
curated	MetaPhaPred	0.9858309718286381	0.7046348147265579
curated	MetaPhaPred	0.9854975829304884	0.7055734574531567
curated	MetaPhaPred	0.9853308884814136	0.7055383146335641
curated	MetaPhaPred	0.9853308884814136	0.7068037785483678
curated	MetaPhaPred	0.9853308884814136	0.7074805505685219
curated	MetaPhaPred	0.9851641940323387	0.7080388163412005
curated	MetaPhaPred	0.9851641940323387	0.7083782811938152
curated	MetaPhaPred	0.9849974995832639	0.708343322944138
curated	MetaPhaPred	0.9849974995832639	0.7091934709553529
curated	MetaPhaPred	0.9849974995832639	0.7096193106761138
curated	MetaPhaPred	0.9849974995832639	0.7107288910271831
curated	MetaPhaPred	0.9849974995832639	0.7113277958348381
curated	MetaPhaPred	0.9849974995832639	0.7119277108433735
curated	MetaPhaPred	0.9849974995832639	0.7130445275733076
curated	MetaPhaPred	0.9848308051341891	0.7132681395629603
curated	MetaPhaPred	0.9848308051341891	0.7136989611017154
curated	MetaPhaPred	0.9848308051341891	0.7145621673923561
curated	MetaPhaPred	0.9848308051341891	0.714821536600121
curated	MetaPhaPred	0.9844974162360394	0.7151852748849601
curated	MetaPhaPred	0.9844974162360394	0.7161392021341094
curated	MetaPhaPred	0.9844974162360394	0.7162260489934513
curated	MetaPhaPred	0.9843307217869645	0.7161916312916919
curated	MetaPhaPred	0.9843307217869645	0.7167131933487074
curated	MetaPhaPred	0.9843307217869645	0.7170613236187007
curated	MetaPhaPred	0.9843307217869645	0.717671366067088
curated	MetaPhaPred	0.9841640273378897	0.7183355639372186
curated	MetaPhaPred	0.9839973328888149	0.7189136524174887
curated	MetaPhaPred	0.9836639439906651	0.7188451699354367
curated	MetaPhaPred	0.9836639439906651	0.7203369140625
curated	MetaPhaPred	0.9836639439906651	0.7211291702309667
curated	MetaPhaPred	0.9836639439906651	0.7215700660308144
curated	MetaPhaPred	0.9834972495415902	0.7215360156536628
curated	MetaPhaPred	0.9833305550925154	0.7220318237454101
curated	MetaPhaPred	0.9831638606434405	0.7219977965479251
curated	MetaPhaPred	0.9831638606434405	0.7227941176470588
curated	MetaPhaPred	0.9831638606434405	0.7232372777437155
curated	MetaPhaPred	0.9831638606434405	0.723680981595092
curated	MetaPhaPred	0.9829971661943657	0.7245361838063644
curated	MetaPhaPred	0.9829971661943657	0.7248924400737554
curated	MetaPhaPred	0.9829971661943657	0.7256952990401181
curated	MetaPhaPred	0.9829971661943657	0.7260526963802019
curated	MetaPhaPred	0.9829971661943657	0.72667898952557
curated	MetaPhaPred	0.9829971661943657	0.7272166728326551
curated	MetaPhaPred	0.9828304717452909	0.7271830291070548
curated	MetaPhaPred	0.982663777296216	0.7279575203754013
curated	MetaPhaPred	0.982663777296216	0.7288575667655787
curated	MetaPhaPred	0.9824970828471412	0.7308121512709237
curated	MetaPhaPred	0.9824970828471412	0.7309934267642316
curated	MetaPhaPred	0.9824970828471412	0.7318102806059101
curated	MetaPhaPred	0.9824970828471412	0.7322648776245496
curated	MetaPhaPred	0.9823303883980663	0.7327779159413081
curated	MetaPhaPred	0.9821636939489915	0.7327446834970774
curated	MetaPhaPred	0.9818303050508418	0.733316733067729
curated	MetaPhaPred	0.9818303050508418	0.7336821126058795
curated	MetaPhaPred	0.9818303050508418	0.7340478564307079
curated	MetaPhaPred	0.981663610601767	0.7357571214392804
curated	MetaPhaPred	0.9814969161526921	0.7357241034612021
curated	MetaPhaPred	0.9814969161526921	0.7358160459885029
curated	MetaPhaPred	0.9814969161526921	0.7361840460115029
curated	MetaPhaPred	0.9813302217036173	0.7369804707060591
curated	MetaPhaPred	0.9811635272545425	0.7373167981961668
curated	MetaPhaPred	0.9809968328054676	0.737746019806945
curated	MetaPhaPred	0.9808301383563928	0.7377131394182548
curated	MetaPhaPred	0.9806634439073179	0.7379578524836929
curated	MetaPhaPred	0.9806634439073179	0.7385136831534019
curated	MetaPhaPred	0.9806634439073179	0.7387919125957554
curated	MetaPhaPred	0.980496749458243	0.7392233253738846
curated	MetaPhaPred	0.9803300550091681	0.7391905480140775
curated	MetaPhaPred	0.9801633605600933	0.7398087569199798
curated	MetaPhaPred	0.9801633605600933	0.7401812688821753
curated	MetaPhaPred	0.9801633605600933	0.7409274193548387
curated	MetaPhaPred	0.9801633605600933	0.7418622255866768
curated	MetaPhaPred	0.9799966661110185	0.743236409608091
curated	MetaPhaPred	0.9798299716619436	0.7432039448729296
curated	MetaPhaPred	0.9798299716619436	0.7435800126502213
curated	MetaPhaPred	0.9796632772128688	0.7439240506329113
curated	MetaPhaPred	0.9796632772128688	0.7443009118541033
curated	MetaPhaPred	0.9796632772128688	0.7449613385726962
curated	MetaPhaPred	0.9794965827637939	0.7449290060851927
curated	MetaPhaPred	0.9794965827637939	0.7461587301587301
curated	MetaPhaPred	0.9794965827637939	0.7473925209870262
curated	MetaPhaPred	0.9794965827637939	0.7482490767859417
curated	MetaPhaPred	0.9793298883147191	0.7486937683191028
curated	MetaPhaPred	0.9791631938656443	0.7486617384654601
curated	MetaPhaPred	0.9791631938656443	0.749234693877551
curated	MetaPhaPred	0.9789964994165694	0.7498723186925434
curated	MetaPhaPred	0.9789964994165694	0.7504472271914132
curated	MetaPhaPred	0.9789964994165694	0.7512151445382451
curated	MetaPhaPred	0.9788298049674946	0.7511833184085966
curated	MetaPhaPred	0.9788298049674946	0.7515678996544222
curated	MetaPhaPred	0.9784964160693449	0.7515042888234541
curated	MetaPhaPred	0.9784964160693449	0.7521783700666325
curated	MetaPhaPred	0.9783297216202701	0.7521466102780981
curated	MetaPhaPred	0.9783297216202701	0.7528219599794767
curated	MetaPhaPred	0.9781630271711952	0.7536604161315181
curated	MetaPhaPred	0.9781630271711952	0.7543386039336676
curated	MetaPhaPred	0.9778296382730455	0.7542754275427542
curated	MetaPhaPred	0.9776629438239707	0.7551178061027424
curated	MetaPhaPred	0.9776629438239707	0.7557015848473135
curated	MetaPhaPred	0.9774962493748958	0.7568404749612804
curated	MetaPhaPred	0.9774962493748958	0.7576227390180879
curated	MetaPhaPred	0.977329554925821	0.7575914200801137
curated	MetaPhaPred	0.9771628604767462	0.7577559462254395
curated	MetaPhaPred	0.9771628604767462	0.7579519006982157
curated	MetaPhaPred	0.9771628604767462	0.7584422305602277
curated	MetaPhaPred	0.9766627771295215	0.7590361445783133
curated	MetaPhaPred	0.9763293882313719	0.7589736944408448
curated	MetaPhaPred	0.9759959993332222	0.7591079994813951
curated	MetaPhaPred	0.9758293048841473	0.7602597402597403
curated	MetaPhaPred	0.9756626104350725	0.7605249480249481
curated	MetaPhaPred	0.9754959159859977	0.7607904316172647
curated	MetaPhaPred	0.9753292215369228	0.7607593290859446
curated	MetaPhaPred	0.975162527087848	0.7609261186264308
curated	MetaPhaPred	0.9748291381896983	0.760863908404892
curated	MetaPhaPred	0.9748291381896983	0.7612600885186149
curated	MetaPhaPred	0.9748291381896983	0.761656681427455
curated	MetaPhaPred	0.9748291381896983	0.762252346193952
curated	MetaPhaPred	0.9746624437406234	0.7625195618153364
curated	MetaPhaPred	0.9744957492915486	0.7624885874527194
curated	MetaPhaPred	0.9739956659443241	0.7630925950111009
curated	MetaPhaPred	0.9739956659443241	0.7634914412648635
curated	MetaPhaPred	0.9736622770461744	0.7641287284144427
curated	MetaPhaPred	0.9734955825970996	0.7640978673295826
curated	MetaPhaPred	0.9733288881480247	0.7648676971443542
curated	MetaPhaPred	0.9733288881480247	0.7656700760555992
curated	MetaPhaPred	0.9733288881480247	0.7660718971398583
curated	MetaPhaPred	0.9729954992498749	0.7670170827858082
curated	MetaPhaPred	0.9729954992498749	0.767925272990396
curated	MetaPhaPred	0.9728288048008001	0.7678947368421053
curated	MetaPhaPred	0.9726621103517253	0.7684709600948242
curated	MetaPhaPred	0.9721620270045007	0.7683794466403162
curated	MetaPhaPred	0.9721620270045007	0.7691901872856766
curated	MetaPhaPred	0.9721620270045007	0.7699009900990099
curated	MetaPhaPred	0.9719953325554259	0.7698706099815157
curated	MetaPhaPred	0.971828638106351	0.7712660404815451
curated	MetaPhaPred	0.971828638106351	0.7713680867954485
curated	MetaPhaPred	0.9714952492082014	0.7713075701429327
curated	MetaPhaPred	0.9711618603100517	0.7716556291390728
curated	MetaPhaPred	0.970828471411902	0.7722089631397507
curated	MetaPhaPred	0.970828471411902	0.7726187317590872
curated	MetaPhaPred	0.9706617769628272	0.7725885630887621
curated	MetaPhaPred	0.9701616936156026	0.773421926910299
curated	MetaPhaPred	0.969828304717453	0.7733616908148345
curated	MetaPhaPred	0.969661610268378	0.7743610223642172
curated	MetaPhaPred	0.9694949158193032	0.7751566040250566
curated	MetaPhaPred	0.9694949158193032	0.7757769774576497
curated	MetaPhaPred	0.9694949158193032	0.7759839893262175
curated	MetaPhaPred	0.9693282213702283	0.7759540966106219
curated	MetaPhaPred	0.9693282213702283	0.7767833288805771
curated	MetaPhaPred	0.9688281380230038	0.7770053475935829
curated	MetaPhaPred	0.9688281380230038	0.778045515394913
curated	MetaPhaPred	0.9688281380230038	0.7791929213031238
curated	MetaPhaPred	0.9684947491248541	0.7797611058918266
curated	MetaPhaPred	0.9684947491248541	0.7801799382301597
curated	MetaPhaPred	0.9684947491248541	0.7811239580532401
curated	MetaPhaPred	0.9681613602267044	0.7820115793725596
curated	MetaPhaPred	0.9679946657776296	0.7819822246162133
curated	MetaPhaPred	0.9678279713285548	0.7821635457362253
curated	MetaPhaPred	0.9676612768794799	0.7821341956345998
curated	MetaPhaPred	0.9674945824304051	0.7821048376229619
curated	MetaPhaPred	0.9674945824304051	0.7824211377729846
curated	MetaPhaPred	0.9671611935322554	0.7828902982053704
curated	MetaPhaPred	0.9668278046341057	0.7833603457590491
curated	MetaPhaPred	0.9666611101850309	0.7833310819937863
curated	MetaPhaPred	0.9666611101850309	0.7836486486486487
curated	MetaPhaPred	0.9666611101850309	0.7843906397944002
curated	MetaPhaPred	0.9666611101850309	0.7847090663058187
curated	MetaPhaPred	0.966494415735956	0.7848923785027752
curated	MetaPhaPred	0.9663277212868812	0.7848632548063905
curated	MetaPhaPred	0.9661610268378062	0.7853658536585366
curated	MetaPhaPred	0.965327554592432	0.7855398806294086
curated	MetaPhaPred	0.965327554592432	0.786073028369757
curated	MetaPhaPred	0.9651608601433572	0.7870055729237461
curated	MetaPhaPred	0.9651608601433572	0.7873266249660049
curated	MetaPhaPred	0.9649941656942824	0.7877262212545925
curated	MetaPhaPred	0.9648274712452075	0.7876973326075123
curated	MetaPhaPred	0.9646607767961327	0.788527047281646
curated	MetaPhaPred	0.964327387897983	0.7897610921501707
curated	MetaPhaPred	0.964327387897983	0.7907326407873154
curated	MetaPhaPred	0.9639939989998333	0.7929521458933224
curated	MetaPhaPred	0.9638273045507585	0.7929237520570488
curated	MetaPhaPred	0.9638273045507585	0.7932501028947729
curated	MetaPhaPred	0.9636606101016836	0.7932217343578485
curated	MetaPhaPred	0.9634939156526088	0.7936289990388576
curated	MetaPhaPred	0.9634939156526088	0.7968017645437
curated	MetaPhaPred	0.9633272212035339	0.7967737487936026
curated	MetaPhaPred	0.9633272212035339	0.7968836183121898
curated	MetaPhaPred	0.9631605267544591	0.7968556061232933
curated	MetaPhaPred	0.9628271378563094	0.7976798784698246
curated	MetaPhaPred	0.9626604434072346	0.7980928689883914
curated	MetaPhaPred	0.9626604434072346	0.7984238905018665
curated	MetaPhaPred	0.9624937489581596	0.7983960176991151
curated	MetaPhaPred	0.96216036006001	0.7985611510791367
curated	MetaPhaPred	0.96216036006001	0.7991139415755226
curated	MetaPhaPred	0.9618269711618603	0.7990583021742141
curated	MetaPhaPred	0.9609934989164861	0.7994730273193732
curated	MetaPhaPred	0.9609934989164861	0.8005832523260659
curated	MetaPhaPred	0.9603267211201867	0.8012517385257302
curated	MetaPhaPred	0.9601600266711119	0.8022284122562674
curated	MetaPhaPred	0.9598266377729622	0.8021733073279464
curated	MetaPhaPred	0.9598266377729622	0.8026205742960691
curated	MetaPhaPred	0.9596599433238873	0.8025930572982016
curated	MetaPhaPred	0.9594932488748125	0.8032375104660898
curated	MetaPhaPred	0.9593265544257377	0.8037709497206704
curated	MetaPhaPred	0.958993165527588	0.8037161218217379
curated	MetaPhaPred	0.958826471078513	0.8040257198769919
curated	MetaPhaPred	0.9586597766294382	0.8045607162842753
curated	MetaPhaPred	0.9584930821803634	0.8050966115933912
curated	MetaPhaPred	0.9583263877312885	0.8072170738556586
curated	MetaPhaPred	0.9581596932822137	0.8071900014042972
curated	MetaPhaPred	0.9579929988331388	0.8087531663383056
curated	MetaPhaPred	0.9579929988331388	0.8094366197183098
curated	MetaPhaPred	0.957826304384064	0.8094097760247922
curated	MetaPhaPred	0.9576596099349892	0.8093829247675401
curated	MetaPhaPred	0.9574929154859143	0.810726887791108
curated	MetaPhaPred	0.9573262210368395	0.8121906378164333
curated	MetaPhaPred	0.9571595265877646	0.813314447592068
curated	MetaPhaPred	0.9568261376896149	0.8132615471805044
curated	MetaPhaPred	0.9568261376896149	0.813838083085212
curated	MetaPhaPred	0.9566594432405401	0.8146202980837474
curated	MetaPhaPred	0.9566594432405401	0.8150830847890924
curated	MetaPhaPred	0.9564927487914653	0.815636105188344
curated	MetaPhaPred	0.9563260543423904	0.8165385710219186
curated	MetaPhaPred	0.9556592765460911	0.8168994015389
curated	MetaPhaPred	0.9553258876479414	0.8175463623395149
curated	MetaPhaPred	0.9551591931988664	0.8179871520342612
curated	MetaPhaPred	0.9549924987497916	0.8179611650485437
curated	MetaPhaPred	0.9549924987497916	0.8181948014852899
curated	MetaPhaPred	0.9548258043007168	0.8181688330238537
curated	MetaPhaPred	0.9548258043007168	0.8186365585250822
curated	MetaPhaPred	0.9548258043007168	0.8192219679633868
curated	MetaPhaPred	0.9548258043007168	0.8199255654165474
curated	MetaPhaPred	0.9546591098516419	0.8206046711563261
curated	MetaPhaPred	0.9544924154025671	0.8205789624534251
curated	MetaPhaPred	0.9543257209534922	0.8211417096959266
curated	MetaPhaPred	0.9538256376062677	0.821064715167169
curated	MetaPhaPred	0.9538256376062677	0.8218902614191325
curated	MetaPhaPred	0.9529921653608935	0.8217622538450482
curated	MetaPhaPred	0.9528254709118187	0.8226827864133563
curated	MetaPhaPred	0.9526587764627438	0.823368390721798
curated	MetaPhaPred	0.9521586931155193	0.8232920149899107
curated	MetaPhaPred	0.9519919986664445	0.8239792237772328
curated	MetaPhaPred	0.9516586097682947	0.824523396880416
curated	MetaPhaPred	0.951325220870145	0.8244726957526727
curated	MetaPhaPred	0.9509918319719953	0.8253761574074074
curated	MetaPhaPred	0.9508251375229205	0.8257093225246092
curated	MetaPhaPred	0.9504917486247708	0.8256588473790907
curated	MetaPhaPred	0.9503250541756959	0.8261121576583104
curated	MetaPhaPred	0.9499916652775463	0.8260617480794318
curated	MetaPhaPred	0.9493248874812469	0.8270403717688063
curated	MetaPhaPred	0.9486581096849475	0.8274207618493749
curated	MetaPhaPred	0.9486581096849475	0.8281431897555297
curated	MetaPhaPred	0.9484914152358727	0.8296879556722077
curated	MetaPhaPred	0.948158026337723	0.830122591943958
curated	MetaPhaPred	0.9474912485414235	0.8306298407131375
curated	MetaPhaPred	0.9473245540923487	0.8312125201111599
curated	MetaPhaPred	0.9473245540923487	0.8316991072735256
curated	MetaPhaPred	0.9473245540923487	0.8324300571261168
curated	MetaPhaPred	0.9471578596432739	0.8324055083504248
curated	MetaPhaPred	0.9468244707451242	0.8328445747800587
curated	MetaPhaPred	0.9461576929488248	0.8327464788732394
curated	MetaPhaPred	0.9454909151525254	0.8327705182792542
curated	MetaPhaPred	0.9453242207034506	0.8327459618208517
curated	MetaPhaPred	0.9453242207034506	0.8331129719406494
curated	MetaPhaPred	0.9449908318053009	0.834289919058131
curated	MetaPhaPred	0.9444907484580763	0.8348312951230293
curated	MetaPhaPred	0.9441573595599266	0.8347826086956521
curated	MetaPhaPred	0.9439906651108518	0.8347582547169812
curated	MetaPhaPred	0.9436572762127021	0.8355719557195572
curated	MetaPhaPred	0.9431571928654776	0.8364872856298049
curated	MetaPhaPred	0.9424904150691782	0.8371335504885994
curated	MetaPhaPred	0.9423237206201034	0.8371094328446617
curated	MetaPhaPred	0.9423237206201034	0.8387240356083087
curated	MetaPhaPred	0.9421570261710285	0.8387001038729782
curated	MetaPhaPred	0.9419903317219537	0.8394236482471776
curated	MetaPhaPred	0.9418236372728788	0.8403986315632902
curated	MetaPhaPred	0.9411568594765795	0.8406789755807028
curated	MetaPhaPred	0.9409901650275045	0.8412816691505216
curated	MetaPhaPred	0.94049008168028	0.841712665970461
curated	MetaPhaPred	0.9403233872312052	0.8416890480453596
curated	MetaPhaPred	0.9401566927821303	0.8425455631909172
curated	MetaPhaPred	0.9399899983330555	0.8425220379500972
curated	MetaPhaPred	0.9398233038839806	0.8427503736920777
curated	MetaPhaPred	0.939489914985831	0.8434600419036217
curated	MetaPhaPred	0.9393232205367561	0.8440683043738766
curated	MetaPhaPred	0.9391565260876813	0.8445510418228152
curated	MetaPhaPred	0.9391565260876813	0.8450577471126444
curated	MetaPhaPred	0.9388231371895316	0.8453917742419694
curated	MetaPhaPred	0.9386564427404568	0.8468942698150098
curated	MetaPhaPred	0.9384897482913819	0.8468712394705175
curated	MetaPhaPred	0.9381563593932322	0.8470800722456352
curated	MetaPhaPred	0.9379896649441574	0.8470570525365045
curated	MetaPhaPred	0.9378229704950826	0.8472891566265061
curated	MetaPhaPred	0.9376562760460077	0.8505973083320731
curated	MetaPhaPred	0.9368228038006334	0.8525485436893204
curated	MetaPhaPred	0.9363227204534089	0.8528697236562405
curated	MetaPhaPred	0.936156026004334	0.8528473804100227
curated	MetaPhaPred	0.936156026004334	0.853236098450319
curated	MetaPhaPred	0.9359893315552592	0.8532137972952439
curated	MetaPhaPred	0.9358226371061844	0.8537104622871047
curated	MetaPhaPred	0.9354892482080347	0.8545759098522918
curated	MetaPhaPred	0.9349891648608102	0.8545094454600853
curated	MetaPhaPred	0.9349891648608102	0.8549001676573693
curated	MetaPhaPred	0.9346557759626605	0.8549862763037511
curated	MetaPhaPred	0.9346557759626605	0.8558998626163944
curated	MetaPhaPred	0.9346557759626605	0.8561612459917545
curated	MetaPhaPred	0.9344890815135856	0.8565317035905271
curated	MetaPhaPred	0.9341556926154359	0.857405140758874
curated	MetaPhaPred	0.933988998166361	0.8573833205814844
curated	MetaPhaPred	0.9338223037172863	0.8581495098039216
curated	MetaPhaPred	0.9334889148191365	0.8581060373889059
curated	MetaPhaPred	0.9334889148191365	0.8587639932525686
curated	MetaPhaPred	0.9323220536756126	0.8591397849462366
curated	MetaPhaPred	0.9321553592265378	0.8591181441081579
curated	MetaPhaPred	0.9318219703283881	0.8594710947109471
curated	MetaPhaPred	0.9313218869811636	0.8594062451930472
curated	MetaPhaPred	0.930821803633939	0.859738260200154
curated	MetaPhaPred	0.9304884147357892	0.8603575832305795
curated	MetaPhaPred	0.9303217202867144	0.8607341147439852
curated	MetaPhaPred	0.929654942490415	0.8606481481481482
curated	MetaPhaPred	0.9293215535922654	0.8612698903136103
curated	MetaPhaPred	0.9288214702450408	0.8612055641421947
curated	MetaPhaPred	0.928654775795966	0.8614504406989331
curated	MetaPhaPred	0.928654775795966	0.8622504256307073
curated	MetaPhaPred	0.9281546924487415	0.863121996589676
curated	MetaPhaPred	0.9279879979996666	0.8639044072004965
curated	MetaPhaPred	0.9274879146524421	0.8638410184753921
curated	MetaPhaPred	0.9273212202033673	0.8643567433188316
curated	MetaPhaPred	0.9271545257542924	0.8646043836468211
curated	MetaPhaPred	0.9268211368561426	0.8655043586550436
curated	MetaPhaPred	0.9259876646107684	0.8658042394014963
curated	MetaPhaPred	0.9258209701616936	0.8661883967560824
curated	MetaPhaPred	0.9256542757126188	0.8661675245671502
curated	MetaPhaPred	0.9249874979163194	0.8662191695285669
curated	MetaPhaPred	0.9248208034672445	0.8661982825917253
curated	MetaPhaPred	0.9244874145690949	0.867104440275172
curated	MetaPhaPred	0.9241540256709452	0.8670628714419768
curated	MetaPhaPred	0.9239873312218703	0.8677207263619287
curated	MetaPhaPred	0.9236539423237207	0.8679511278195489
curated	MetaPhaPred	0.9228204700783464	0.8683921568627451
curated	MetaPhaPred	0.9226537756292715	0.868371509256354
curated	MetaPhaPred	0.9219869978329721	0.8685615577889447
curated	MetaPhaPred	0.9214869144857476	0.8690457475239742
curated	MetaPhaPred	0.9214869144857476	0.8698662470495673
curated	MetaPhaPred	0.9211535255875979	0.870099196976854
curated	MetaPhaPred	0.9208201366894483	0.8700582768939991
curated	MetaPhaPred	0.9204867477912986	0.8705659782437333
curated	MetaPhaPred	0.9203200533422237	0.870545569221066
curated	MetaPhaPred	0.9198199699949992	0.8706216472073209
curated	MetaPhaPred	0.9193198866477746	0.8705603788476717
curated	MetaPhaPred	0.9188198033005501	0.8706365503080082
curated	MetaPhaPred	0.9186531088514752	0.8715799462280563
curated	MetaPhaPred	0.9181530255042507	0.8715189873417721
curated	MetaPhaPred	0.9179863310551759	0.8716365938588161
curated	MetaPhaPred	0.9176529421570262	0.8715959468017733
curated	MetaPhaPred	0.9174862477079513	0.871575613618369
curated	MetaPhaPred	0.9173195532588765	0.8725225939432377
curated	MetaPhaPred	0.9166527754625771	0.8729957136053342
curated	MetaPhaPred	0.9159859976662778	0.8734700365601653
curated	MetaPhaPred	0.9159859976662778	0.8743038981702467
curated	MetaPhaPred	0.9154859143190531	0.8746615703137443
curated	MetaPhaPred	0.9151525254209035	0.8746216345387924
curated	MetaPhaPred	0.9148191365227538	0.8745816733067729
curated	MetaPhaPred	0.9146524420736789	0.8751196172248804
curated	MetaPhaPred	0.9144857476246041	0.875099696921359
curated	MetaPhaPred	0.9143190531755293	0.8761980830670927
curated	MetaPhaPred	0.9141523587264544	0.8767386091127098
curated	MetaPhaPred	0.9139856642773796	0.87728
curated	MetaPhaPred	0.9138189698283047	0.8772603616578653
curated	MetaPhaPred	0.9136522753792299	0.8772407170294494
curated	MetaPhaPred	0.9133188864810802	0.877622937690213
curated	MetaPhaPred	0.9131521920320054	0.8780253245712454
curated	MetaPhaPred	0.9123187197866311	0.8800450233156456
curated	MetaPhaPred	0.9121520253375562	0.8800257317465423
curated	MetaPhaPred	0.911318553092182	0.8802125261632587
curated	MetaPhaPred	0.9106517752958826	0.8802771511440541
curated	MetaPhaPred	0.910318386397733	0.8802385557704706
curated	MetaPhaPred	0.9098183030505084	0.8808908973531311
curated	MetaPhaPred	0.9096516086014336	0.881725642268541
curated	MetaPhaPred	0.9094849141523588	0.8817065287653523
curated	MetaPhaPred	0.9089848308051341	0.8827909988667638
curated	MetaPhaPred	0.9088181363560593	0.8827720207253886
curated	MetaPhaPred	0.9081513585597599	0.8831253039390501
curated	MetaPhaPred	0.9074845807634606	0.8830494728304947
curated	MetaPhaPred	0.9073178863143857	0.8836038961038961
curated	MetaPhaPred	0.9071511918653109	0.8835849975645397
curated	MetaPhaPred	0.9071511918653109	0.8838720155920091
curated	MetaPhaPred	0.906984497416236	0.8841403964900878
curated	MetaPhaPred	0.9064844140690115	0.8840838887985694
curated	MetaPhaPred	0.9058176362727122	0.8840084594110948
curated	MetaPhaPred	0.9053175529254875	0.8839518229166666
curated	MetaPhaPred	0.904984164027338	0.8840579710144928
curated	MetaPhaPred	0.9044840806801133	0.884001303356142
curated	MetaPhaPred	0.9041506917819636	0.8839634941329857
curated	MetaPhaPred	0.9036506084347391	0.8843393148450245
curated	MetaPhaPred	0.9033172195365894	0.884734693877551
curated	MetaPhaPred	0.9029838306384398	0.8846970439327128
curated	MetaPhaPred	0.9028171361893649	0.8849673202614379
curated	MetaPhaPred	0.9026504417402901	0.8849485210001634
curated	MetaPhaPred	0.9023170528421404	0.884910904037927
curated	MetaPhaPred	0.9016502750458409	0.8849803664921466
curated	MetaPhaPred	0.900483413902317	0.8854286182593017
curated	MetaPhaPred	0.9001500250041674	0.8856814826964081
curated	MetaPhaPred	0.8998166361060177	0.8856439704675964
curated	MetaPhaPred	0.8996499416569428	0.8862068965517241
curated	MetaPhaPred	0.8993165527587932	0.8866064092029581
curated	MetaPhaPred	0.8991498583097183	0.8865877712031558
curated	MetaPhaPred	0.8989831638606435	0.8865691270754562
curated	MetaPhaPred	0.8981496916152693	0.8867676102699145
curated	MetaPhaPred	0.8978163027171195	0.8867303259795851
curated	MetaPhaPred	0.8964827471245208	0.8871659518310788
curated	MetaPhaPred	0.8963160526754459	0.8871473354231975
curated	MetaPhaPred	0.8961493582263711	0.88800792864222
curated	MetaPhaPred	0.8959826637772962	0.8879894267305468
curated	MetaPhaPred	0.8958159693282214	0.8879709187045605
curated	MetaPhaPred	0.8954825804300717	0.8879338842975206
curated	MetaPhaPred	0.8953158859809969	0.8883559378101223
curated	MetaPhaPred	0.8946491081846975	0.8882820258192652
curated	MetaPhaPred	0.893982330388398	0.8886495443247722
curated	MetaPhaPred	0.8924820803467245	0.8911451398135819
curated	MetaPhaPred	0.8916486081013503	0.8932865731462926
curated	MetaPhaPred	0.8914819136522754	0.8932687489560714
curated	MetaPhaPred	0.8913152192032006	0.893250918810558
curated	MetaPhaPred	0.890815135855976	0.8936454849498328
curated	MetaPhaPred	0.8901483580596766	0.893574297188755
curated	MetaPhaPred	0.8896482747124521	0.8941196180264701
curated	MetaPhaPred	0.8891481913652275	0.8945161831292974
curated	MetaPhaPred	0.8884814135689282	0.8951965065502183
curated	MetaPhaPred	0.887481246874479	0.895542472666106
curated	MetaPhaPred	0.8873145524254042	0.8955248990578735
curated	MetaPhaPred	0.8869811635272545	0.8954897340962639
curated	MetaPhaPred	0.8868144690781797	0.8962264150943396
curated	MetaPhaPred	0.8863143857309551	0.8963250168577208
curated	MetaPhaPred	0.8853142190365061	0.8962200472494094
curated	MetaPhaPred	0.8849808301383564	0.8964876730834178
curated	MetaPhaPred	0.8844807467911319	0.8964352086501098
curated	MetaPhaPred	0.8838139689948324	0.8968200270635994
curated	MetaPhaPred	0.8836472745457576	0.8968025714769075
curated	MetaPhaPred	0.8831471911985331	0.8978139298423996
curated	MetaPhaPred	0.882147024504084	0.8981670061099797
curated	MetaPhaPred	0.8814802467077846	0.8985556499575191
curated	MetaPhaPred	0.8814802467077846	0.8990139408364501
curated	MetaPhaPred	0.881146857809635	0.8989795918367347
curated	MetaPhaPred	0.8809801633605601	0.8989624085728866
curated	MetaPhaPred	0.879979996666111	0.8994718009882433
curated	MetaPhaPred	0.8791465244207368	0.8998464425865893
curated	MetaPhaPred	0.8781463577262877	0.8997438087105039
curated	MetaPhaPred	0.877812968828138	0.8997095506577824
curated	MetaPhaPred	0.8774795799299884	0.9005988023952096
curated	MetaPhaPred	0.8773128854809135	0.9005817932922656
curated	MetaPhaPred	0.8771461910318387	0.9005647783672771
curated	MetaPhaPred	0.8766461076846142	0.900513698630137
curated	MetaPhaPred	0.8764794132355392	0.9015775034293553
curated	MetaPhaPred	0.8763127187864644	0.9015606242496998
curated	MetaPhaPred	0.8748124687447908	0.9026487788097696
curated	MetaPhaPred	0.8739789964994166	0.9025649853675332
curated	MetaPhaPred	0.8733122187031171	0.9029644950017235
curated	MetaPhaPred	0.8726454409068178	0.9028975508796137
curated	MetaPhaPred	0.8723120520086681	0.9028640441683919
curated	MetaPhaPred	0.8721453575595932	0.9030031066620642
curated	MetaPhaPred	0.8719786631105184	0.9029863628517176
curated	MetaPhaPred	0.871311885314219	0.9032313806808363
curated	MetaPhaPred	0.8711451908651442	0.9035269709543569
curated	MetaPhaPred	0.8704784130688448	0.9036165426544385
curated	MetaPhaPred	0.8699783297216203	0.9035664819944599
curated	MetaPhaPred	0.8694782463743957	0.9055555555555556
curated	MetaPhaPred	0.8688114685780963	0.9054899235580264
curated	MetaPhaPred	0.8684780796799466	0.9059294035819857
curated	MetaPhaPred	0.8683113852308718	0.9059130434782608
curated	MetaPhaPred	0.8678113018836473	0.906021580229725
curated	MetaPhaPred	0.8668111351891982	0.9063970716402301
curated	MetaPhaPred	0.8664777462910485	0.9063644289450741
curated	MetaPhaPred	0.8656442740456742	0.9064409146447897
curated	MetaPhaPred	0.8653108851475246	0.9064082416623014
curated	MetaPhaPred	0.8643107184530755	0.9064685314685315
curated	MetaPhaPred	0.8641440240040007	0.9064521769540129
curated	MetaPhaPred	0.8631438573095516	0.9066713360182105
curated	MetaPhaPred	0.8628104684114019	0.9071153172099544
curated	MetaPhaPred	0.8619769961660276	0.9073521670468503
curated	MetaPhaPred	0.8613102183697283	0.907765284609979
curated	MetaPhaPred	0.8608101350225037	0.9077166461592547
curated	MetaPhaPred	0.8596432738789799	0.9082423388517084
curated	MetaPhaPred	0.859476579429905	0.9082261757970759
curated	MetaPhaPred	0.8579763293882313	0.9085613415710503
curated	MetaPhaPred	0.8574762460410068	0.9086733792616145
curated	MetaPhaPred	0.857309551591932	0.9086572438162545
curated	MetaPhaPred	0.8571428571428571	0.9089623475340286
curated	MetaPhaPred	0.8568094682447075	0.9089301503094607
curated	MetaPhaPred	0.8564760793465578	0.909541511771995
curated	MetaPhaPred	0.8559759959993333	0.9094934466879206
curated	MetaPhaPred	0.8549758293048841	0.9098811424516586
curated	MetaPhaPred	0.8546424404067344	0.909849157054126
curated	MetaPhaPred	0.8541423570595099	0.9104477611940298
curated	MetaPhaPred	0.8538089681613602	0.9120370370370371
curated	MetaPhaPred	0.8531421903650609	0.9119743406985032
curated	MetaPhaPred	0.8528088014669112	0.9124308899589798
curated	MetaPhaPred	0.8523087181196866	0.912384011420414
curated	MetaPhaPred	0.8511418569761627	0.9122744327318206
curated	MetaPhaPred	0.8501416902817136	0.912833363164489
curated	MetaPhaPred	0.8491415235872646	0.9132305485837218
curated	MetaPhaPred	0.8489748291381897	0.9132149901380671
curated	MetaPhaPred	0.8479746624437406	0.9137776181067002
curated	MetaPhaPred	0.8463077179529922	0.9137868970482361
curated	MetaPhaPred	0.8459743290548425	0.9137558516384587
curated	MetaPhaPred	0.8449741623603934	0.9143217893217893
curated	MetaPhaPred	0.844307384564094	0.9142599277978339
curated	MetaPhaPred	0.8436406067677946	0.9141979768786127
curated	MetaPhaPred	0.8419736622770462	0.9150362318840579
curated	MetaPhaPred	0.8414735789298217	0.9158200290275762
curated	MetaPhaPred	0.8408068011335222	0.9167575427117411
curated	MetaPhaPred	0.8403067177862977	0.9167121294780869
curated	MetaPhaPred	0.8393065510918486	0.916788055353241
curated	MetaPhaPred	0.8381396899483248	0.9166818596171377
curated	MetaPhaPred	0.8378063010501751	0.916651468174357
curated	MetaPhaPred	0.8366394399066511	0.9170473232230952
curated	MetaPhaPred	0.8363060510085014	0.9170169987205264
curated	MetaPhaPred	0.834639106517753	0.9177052785923754
curated	MetaPhaPred	0.8333055509251542	0.9179214102093279
curated	MetaPhaPred	0.8316386064344057	0.9186153562879764
curated	MetaPhaPred	0.8299716619436572	0.9184652278177458
curated	MetaPhaPred	0.8284714119019837	0.919008875739645
curated	MetaPhaPred	0.8278046341056843	0.9189489267209474
curated	MetaPhaPred	0.8269711618603101	0.9188738655306539
curated	MetaPhaPred	0.8254709118186364	0.9187384044526902
curated	MetaPhaPred	0.8249708284714119	0.9186931501763504
curated	MetaPhaPred	0.8224704117352892	0.9198359433258763
curated	MetaPhaPred	0.8209701616936156	0.9197012138188608
curated	MetaPhaPred	0.8191365227537923	0.920397078104514
curated	MetaPhaPred	0.8174695782630439	0.9202477012572715
curated	MetaPhaPred	0.8159693282213702	0.9209783631232361
curated	MetaPhaPred	0.8149691615269211	0.9208890563194575
curated	MetaPhaPred	0.8143023837306218	0.9208294062205467
curated	MetaPhaPred	0.8131355225870979	0.9212464589235128
curated	MetaPhaPred	0.8128021336889482	0.9212167013036086
curated	MetaPhaPred	0.8099683280546758	0.9213120970800152
curated	MetaPhaPred	0.8091348558093016	0.9212374264566331
curated	MetaPhaPred	0.8079679946657776	0.9216581099068264
curated	MetaPhaPred	0.8066344390731789	0.921538754522948
curated	MetaPhaPred	0.805467577929655	0.9214340198321892
curated	MetaPhaPred	0.804300716786131	0.9218570882690104
curated	MetaPhaPred	0.8041340223370562	0.921842155551309
curated	MetaPhaPred	0.8023003833972329	0.9225608587310715
curated	MetaPhaPred	0.8016336056009334	0.9225014387109151
curated	MetaPhaPred	0.7976329388231372	0.9237451737451737
curated	MetaPhaPred	0.7959659943323887	0.9235976789168279
curated	MetaPhaPred	0.7939656609434906	0.9241365929375243
curated	MetaPhaPred	0.7932988831471912	0.9240776699029126
curated	MetaPhaPred	0.7931321886981163	0.9240629248397747
curated	MetaPhaPred	0.7902983830638439	0.9241715399610136
curated	MetaPhaPred	0.7894649108184697	0.9240975609756098
curated	MetaPhaPred	0.7872978829804967	0.9249902075989033
curated	MetaPhaPred	0.7857976329388231	0.9272226593233674
curated	MetaPhaPred	0.7842973828971496	0.9276419558359621
curated	MetaPhaPred	0.7834639106517753	0.9275705545687783
curated	MetaPhaPred	0.7821303550591765	0.9285572926974075
curated	MetaPhaPred	0.780630105017503	0.9284298176050754
curated	MetaPhaPred	0.7796299383230538	0.9283445811830091
curated	MetaPhaPred	0.7781296882813802	0.9285856375571911
curated	MetaPhaPred	0.7771295215869312	0.9285002987452698
curated	MetaPhaPred	0.775129188198033	0.9286998202516477
curated	MetaPhaPred	0.77296216036006	0.929444778512728
curated	MetaPhaPred	0.7716286047674612	0.9297047599919662
curated	MetaPhaPred	0.7709618269711619	0.9296482412060302
curated	MetaPhaPred	0.7701283547257877	0.9295774647887324
curated	MetaPhaPred	0.7684614102350392	0.9305611626968107
curated	MetaPhaPred	0.7681280213368895	0.9305331179321487
curated	MetaPhaPred	0.7664610768461411	0.9303925536220153
curated	MetaPhaPred	0.7656276046007668	0.930322057929917
curated	MetaPhaPred	0.7631271878646441	0.9312449145646867
curated	MetaPhaPred	0.7612935489248208	0.9320408163265306
curated	MetaPhaPred	0.7584597432905484	0.9325681492109039
curated	MetaPhaPred	0.757792965494249	0.9325128205128205
curated	MetaPhaPred	0.7566261043507251	0.9324157764995892
curated	MetaPhaPred	0.7552925487581263	0.9324963984358922
curated	MetaPhaPred	0.7534589098183031	0.9323432343234324
curated	MetaPhaPred	0.7509584930821803	0.9329053634292814
curated	MetaPhaPred	0.7496249374895816	0.9335686111687772
curated	MetaPhaPred	0.7484580763460577	0.9334719334719335
curated	MetaPhaPred	0.7466244374062344	0.9342928660826032
curated	MetaPhaPred	0.7439573262210368	0.9346596858638744
curated	MetaPhaPred	0.743790631771962	0.9346459991621282
curated	MetaPhaPred	0.7427904650775129	0.9345637583892618
curated	MetaPhaPred	0.7399566594432405	0.9345263157894736
curated	MetaPhaPred	0.7387897982997166	0.9344296858528358
curated	MetaPhaPred	0.7366227704617436	0.934447028970184
curated	MetaPhaPred	0.7342890481746958	0.9366361896661706
curated	MetaPhaPred	0.7319553258876479	0.9364470036255065
curated	MetaPhaPred	0.7272878813135523	0.9360652220553529
curated	MetaPhaPred	0.7261210201700283	0.9359690588740868
curated	MetaPhaPred	0.7241206867811302	0.9368125943497951
curated	MetaPhaPred	0.7234539089848308	0.9367580401467731
curated	MetaPhaPred	0.721120186697783	0.9371750433275563
curated	MetaPhaPred	0.7186197699616603	0.9371739130434783
curated	MetaPhaPred	0.7171195199199867	0.937050751470268
curated	MetaPhaPred	0.715619269878313	0.937745740498034
curated	MetaPhaPred	0.7142857142857143	0.937636761487965
curated	MetaPhaPred	0.7111185197532922	0.938201011656037
curated	MetaPhaPred	0.709284880813469	0.9380511463844797
curated	MetaPhaPred	0.7064510751791966	0.9384410983170948
curated	MetaPhaPred	0.7051175195865977	0.9383318544809228
curated	MetaPhaPred	0.703783963993999	0.9388481209695353
curated	MetaPhaPred	0.7011168528088014	0.9388392857142858
curated	MetaPhaPred	0.6999499916652775	0.9387435725463894
curated	MetaPhaPred	0.6981163527254542	0.9388029589778076
curated	MetaPhaPred	0.6974495749291548	0.9387480367960511
curated	MetaPhaPred	0.6936156026004334	0.9392776523702031
curated	MetaPhaPred	0.691948658109685	0.9391402714932127
curated	MetaPhaPred	0.6902817136189365	0.9396414794644883
curated	MetaPhaPred	0.6892815469244874	0.9395591910929334
curated	MetaPhaPred	0.6856142690448408	0.9401142857142857
curated	MetaPhaPred	0.6834472412068678	0.9407985314364388
curated	MetaPhaPred	0.6814469078179697	0.9406350667280258
curated	MetaPhaPred	0.678946491081847	0.9419518963922294
curated	MetaPhaPred	0.6771128521420237	0.9418038488291213
curated	MetaPhaPred	0.6714452408734789	0.9426632342616429
curated	MetaPhaPred	0.6699449908318053	0.9425422138836773
curated	MetaPhaPred	0.6676112685447575	0.9432406971267074
curated	MetaPhaPred	0.6647774629104851	0.9441287878787878
curated	MetaPhaPred	0.662610435072512	0.9439563049156969
curated	MetaPhaPred	0.6591098516419404	0.9450286806883366
curated	MetaPhaPred	0.6576096016002667	0.9449101796407186
curated	MetaPhaPred	0.655109184864144	0.946987951807229
curated	MetaPhaPred	0.6524420736789465	0.9467827769714562
curated	MetaPhaPred	0.6469411568594766	0.9470473401659346
curated	MetaPhaPred	0.6452742123687282	0.946917808219178
curated	MetaPhaPred	0.6416069344890815	0.9484967964514539
curated	MetaPhaPred	0.6377729621603601	0.9503229011425732
curated	MetaPhaPred	0.6354392398733122	0.9501495513459621
curated	MetaPhaPred	0.6322720453408901	0.9506265664160402
curated	MetaPhaPred	0.6301050175029171	0.9504651747548404
curated	MetaPhaPred	0.6291048508084681	0.9503903298917149
curated	MetaPhaPred	0.6254375729288215	0.9522842639593908
curated	MetaPhaPred	0.6197699616602768	0.9533333333333334
curated	MetaPhaPred	0.616269378229705	0.9530806908997165
curated	MetaPhaPred	0.610768461410235	0.9536699635606455
curated	MetaPhaPred	0.6056009334889149	0.9537936466264111
curated	MetaPhaPred	0.6024337389564928	0.9535620052770448
curated	MetaPhaPred	0.596766127687948	0.9536494405966969
curated	MetaPhaPred	0.5935989331555259	0.9534136546184739
curated	MetaPhaPred	0.5900983497249541	0.9531502423263328
curated	MetaPhaPred	0.5857642940490082	0.9538545059717698
curated	MetaPhaPred	0.5727621270211702	0.9541793946126076
curated	MetaPhaPred	0.5672612102017003	0.9548260381593715
curated	MetaPhaPred	0.563260543423904	0.9545197740112994
curated	MetaPhaPred	0.5562593765627605	0.9550658271322267
curated	MetaPhaPred	0.5519253208868145	0.9547289504036909
curated	MetaPhaPred	0.5440906817802967	0.9563433929094638
curated	MetaPhaPred	0.5399233205534256	0.956021251475797
curated	MetaPhaPred	0.5344224037339557	0.9555886736214605
curated	MetaPhaPred	0.523253875645941	0.9649554257608361
curated	MetaPhaPred	0.5039173195532589	0.9676696542893726
curated	MetaPhaPred	0.48958159693282216	0.9693069306930693
curated	MetaPhaPred	0.4799133188864811	0.9687079407806191
curated	MetaPhaPred	0.46057676279379894	0.9718607105170595
curated	MetaPhaPred	0.4492415402567094	0.9711711711711711
curated	MetaPhaPred	0.4322387064510752	0.9700710811821923
curated	MetaPhaPred	0.40006667777962995	0.9728415079043372
curated	MetaPhaPred	0.3617269544924154	0.970049172999553
curated	MetaPhaPred	0.0	1.0
curated	CheckV	1.0	0.42877564148381103
curated	CheckV	1.0	0.42880629020729094
curated	CheckV	1.0	0.42883694331260275
curated	CheckV	1.0	0.4288676008006863
curated	CheckV	1.0	0.4288982626724816
curated	CheckV	1.0	0.4289289289289289
curated	CheckV	1.0	0.4289595995709689
curated	CheckV	1.0	0.42902095401559037
curated	CheckV	1.0	0.42905163782005434
curated	CheckV	1.0	0.42908232601387597
curated	CheckV	1.0	0.42911301859799716
curated	CheckV	1.0	0.42914371557336006
curated	CheckV	1.0	0.42917441694090713
curated	CheckV	1.0	0.4292358328563251
curated	CheckV	1.0	0.4292972663517962
curated	CheckV	1.0	0.42932798969441066
curated	CheckV	1.0	0.42935871743486975
curated	CheckV	1.0	0.42938944957411784
curated	CheckV	1.0	0.4294201861130995
curated	CheckV	1.0	0.4294816723940435
curated	CheckV	1.0	0.42963546515791734
curated	CheckV	1.0	0.42969701310794356
curated	CheckV	1.0	0.42985096016050445
curated	CheckV	1.0	0.429881762809029
curated	CheckV	1.0	0.43000501756146514
curated	CheckV	1.0	0.4300666714459818
curated	CheckV	1.0	0.4301283430128343
curated	CheckV	1.0	0.43028259934012336
curated	CheckV	1.0	0.43043696634856854
curated	CheckV	1.0	0.43052963973015645
curated	CheckV	1.0	0.43074603288576147
curated	CheckV	1.0	0.4308388394139615
curated	CheckV	1.0	0.43099360586249014
curated	CheckV	1.0	0.4310245724960483
curated	CheckV	1.0	0.4311484835417565
curated	CheckV	1.0	0.43130347257171614
curated	CheckV	1.0	0.4313965194879908
curated	CheckV	1.0	0.43142754404890327
curated	CheckV	1.0	0.4316137851644003
curated	CheckV	1.0	0.4317069660333909
curated	CheckV	1.0	0.4317380352644836
curated	CheckV	1.0	0.43208009219245175
curated	CheckV	1.0	0.4321112151552258
curated	CheckV	1.0	0.43236036036036035
curated	CheckV	1.0	0.43270340450086553
curated	CheckV	1.0	0.43304699343102576
curated	CheckV	1.0	0.4334850784016186
curated	CheckV	1.0	0.4340496346139932
curated	CheckV	1.0	0.4344582850521437
curated	CheckV	1.0	0.4351516030755839
curated	CheckV	1.0	0.4352147417295415
curated	CheckV	1.0	0.43584713746004067
curated	CheckV	1.0	0.4359421553666158
curated	CheckV	1.0	0.43667200465861117
curated	CheckV	1.0	0.437563822027717
curated	CheckV	1.0	0.4375957400248012
curated	CheckV	1.0	0.4388120839733743
curated	CheckV	1.0	0.43884418434528166
curated	CheckV	1.0	0.4407788390889052
curated	CheckV	1.0	0.4408112278639136
curated	CheckV	1.0	0.44217586791479324
curated	CheckV	1.0	0.44224106155547366
curated	CheckV	1.0	0.4442716433385174
curated	CheckV	1.0	0.44430454747444825
curated	CheckV	1.0	0.44708600387539127
curated	CheckV	1.0	0.4471859858367499
curated	CheckV	1.0	0.45064603365384615
curated	CheckV	1.0	0.45067988881376303
curated	CheckV	1.0	0.4507476143962732
curated	CheckV	0.9998333055509252	0.4554635887311109
curated	CheckV	0.9998333055509252	0.455498177399757
curated	CheckV	0.9998333055509252	0.46409780253791394
curated	CheckV	0.9998333055509252	0.46413371508163737
curated	CheckV	0.9998333055509252	0.46424148606811144
curated	CheckV	0.9998333055509252	0.46431336120142436
curated	CheckV	0.9996666111018503	0.47746815286624206
curated	CheckV	0.9996666111018503	0.4776963517603951
curated	CheckV	0.9996666111018503	0.47773440611805945
curated	CheckV	0.9994999166527755	0.4983791870999917
curated	CheckV	0.9994999166527755	0.49842061512884456
curated	CheckV	0.9994999166527755	0.49891828923281745
curated	CheckV	0.9994999166527755	0.4989598069401681
curated	CheckV	0.9994999166527755	0.49900133155792276
curated	CheckV	0.9991665277546258	0.5471973708234434
curated	CheckV	0.9991665277546258	0.5472972972972973
curated	CheckV	0.9991665277546258	0.5477474184410125
curated	CheckV	0.9983330555092516	0.6325517532741868
curated	CheckV	0.9983330555092516	0.6328191039729502
curated	CheckV	0.9983330555092516	0.6339578702233514
curated	CheckV	0.9983330555092516	0.6340249841202625
curated	CheckV	0.9983330555092516	0.6340921122286924
curated	CheckV	0.994665777629605	0.7502829121086383
curated	CheckV	0.994665777629605	0.7504716387875738
curated	CheckV	0.994665777629605	0.7505660377358491
curated	CheckV	0.99449908318053	0.752807570977918
curated	CheckV	0.99449908318053	0.7533779517615861
curated	CheckV	0.9943323887314552	0.7533468047486739
curated	CheckV	0.9943323887314552	0.7534419603385121
curated	CheckV	0.9364894149024837	0.9343089971727923
curated	CheckV	0.9363227204534089	0.9344535019131592
curated	CheckV	0.9354892482080347	0.9351774704215964
curated	CheckV	0.9354892482080347	0.9353333333333333
curated	CheckV	0.8261376896149358	0.9534436321662177
curated	CheckV	0.8259709951658609	0.9534346738502982
curated	CheckV	0.8244707451241874	0.95519505600618
curated	CheckV	0.6784464077346224	0.9590009425070688
curated	CheckV	0.6784464077346224	0.9592269620551497
curated	CheckV	0.6781130188364728	0.9592077340249942
curated	CheckV	0.6781130188364728	0.9596602972399151
curated	CheckV	0.5414235705950992	0.9646569646569647
curated	CheckV	0.5414235705950992	0.9649435531788473
curated	CheckV	0.5412568761460244	0.9655069878085043
curated	CheckV	0.5410901816969494	0.9654967281380131
curated	CheckV	0.42207034505750957	0.9791183294663574
curated	CheckV	0.34472412068678115	0.9810246679316889
curated	CheckV	0.34472412068678115	0.9814902705268154
curated	CheckV	0.2815469244874146	0.9831199068684517
curated	CheckV	0.23620603433905651	0.9847116052814454
curated	CheckV	0.23570595099183198	0.9846796657381616
curated	CheckV	0.23553925654275712	0.9846689895470383
curated	CheckV	0.20220036672778796	0.9837793998377939
curated	CheckV	0.2020336722787131	0.9837662337662337
curated	CheckV	0.17336222703783963	0.985781990521327
curated	CheckV	0.1731955325887648	0.9857685009487666
curated	CheckV	0.1728621436906151	0.9857414448669202
curated	CheckV	0.15152525420903484	0.9859002169197397
curated	CheckV	0.1313552258709785	0.9887076537013801
curated	CheckV	0.11501916986164361	0.9885386819484241
curated	CheckV	0.10318386397732955	0.9935794542536116
curated	CheckV	0.09268211368561427	0.9946332737030411
curated	CheckV	0.08618103017169529	0.9942307692307693
curated	CheckV	0.07767961326887815	0.9957264957264957
curated	CheckV	0.07134522420403401	0.9953488372093023
curated	CheckV	0.06517752958826471	0.9949109414758269
curated	CheckV	0.060343390565094183	0.9945054945054945
curated	CheckV	0.056509418236372726	0.9970588235294118
curated	CheckV	0.052675445907651275	1.0
curated	CheckV	0.049341556926154356	1.0
curated	CheckV	0.046174362393732286	1.0
curated	CheckV	0.046007667944657445	1.0
curated	CheckV	0.043007167861310217	1.0
curated	CheckV	0.040340056676112686	1.0
curated	CheckV	0.038506417736289385	1.0
curated	CheckV	0.034839139856642776	1.0
curated	CheckV	0.033172195365894316	1.0
curated	CheckV	0.03100516752792132	1.0
curated	CheckV	0.028671445240873478	1.0
curated	CheckV	0.026837806301050177	1.0
curated	CheckV	0.025337556259376563	1.0
curated	CheckV	0.024670778463077178	1.0
curated	CheckV	0.022170361726954493	1.0
curated	CheckV	0.021003500583430573	1.0
curated	CheckV	0.019336556092682113	1.0
curated	CheckV	0.01750291715285881	1.0
curated	CheckV	0.016002667111185198	1.0
curated	CheckV	0.014835805967661276	1.0
curated	CheckV	0.013835639273212201	1.0
curated	CheckV	0.012335389231538589	1.0
curated	CheckV	0.011835305884314052	1.0
curated	CheckV	0.01033505584264044	1.0
curated	CheckV	0.009501583597266211	1.0
curated	CheckV	0.008168028004667444	1.0
curated	CheckV	0.007167861310218369	1.0
curated	CheckV	0.006334389064844141	1.0
curated	CheckV	0.006001000166694449	1.0
curated	CheckV	0.005500916819469912	1.0
curated	CheckV	0.005334222370395066	1.0
curated	CheckV	0.00516752792132022	1.0
curated	CheckV	0.005000833472245374	1.0
curated	CheckV	0.004834139023170528	1.0
curated	CheckV	0.004500750125020837	1.0
curated	CheckV	0.0040006667777962995	1.0
curated	CheckV	0.0036672778796466078	1.0
curated	CheckV	0.003500583430571762	1.0
curated	CheckV	0.0030005000833472247	1.0
curated	CheckV	0.0028338056342723785	1.0
curated	CheckV	0.002667111185197533	1.0
curated	CheckV	0.002500416736122687	1.0
curated	CheckV	0.002333722287047841	1.0
curated	CheckV	0.0021670278379729954	1.0
curated	CheckV	0.0020003333888981498	1.0
curated	CheckV	0.001666944490748458	1.0
curated	CheckV	0.0015002500416736123	1.0
curated	CheckV	0.0013335555925987664	1.0
curated	CheckV	0.0011668611435239206	1.0
curated	CheckV	0.0010001666944490749	1.0
curated	CheckV	0.0005000833472245374	1.0
curated	CheckV	0.0003333888981496916	1.0
curated	CheckV	0.0001666944490748458	1.0
curated	CheckV	0.0	1.0
curated	DeepVirFinder	1.0	0.42877564148381103
curated	DeepVirFinder	1.0	0.42905163782005434
curated	DeepVirFinder	1.0	0.42935871743486975
curated	DeepVirFinder	1.0	0.42963546515791734
curated	DeepVirFinder	0.9998333055509252	0.42987171217659287
curated	DeepVirFinder	0.9998333055509252	0.4301491681009753
curated	DeepVirFinder	0.9998333055509252	0.43045787282905124
curated	DeepVirFinder	0.9998333055509252	0.43073608617594256
curated	DeepVirFinder	0.9998333055509252	0.43104563420768954
curated	DeepVirFinder	0.9998333055509252	0.43132460808284195
curated	DeepVirFinder	0.9998333055509252	0.4316350028785262
curated	DeepVirFinder	0.9998333055509252	0.431914740404695
curated	DeepVirFinder	0.9998333055509252	0.4322259854435397
curated	DeepVirFinder	0.9998333055509252	0.43250648976059997
curated	DeepVirFinder	0.9998333055509252	0.432818588540915
curated	DeepVirFinder	0.9998333055509252	0.4330998628059788
curated	DeepVirFinder	0.9998333055509252	0.4334128188452923
curated	DeepVirFinder	0.9998333055509252	0.4336948662328272
curated	DeepVirFinder	0.9998333055509252	0.4340086830680174
curated	DeepVirFinder	0.9998333055509252	0.434291506769966
curated	DeepVirFinder	0.9998333055509252	0.4346061879573944
curated	DeepVirFinder	0.9998333055509252	0.4348897911832947
curated	DeepVirFinder	0.9998333055509252	0.43520534029894065
curated	DeepVirFinder	0.9998333055509252	0.4354897262760473
curated	DeepVirFinder	0.9998333055509252	0.4358061469156434
curated	DeepVirFinder	0.9998333055509252	0.43609131888905045
curated	DeepVirFinder	0.9998333055509252	0.43640861466821884
curated	DeepVirFinder	0.9996666111018503	0.43662176920276663
curated	DeepVirFinder	0.9994999166527755	0.43686703096539165
curated	DeepVirFinder	0.9994999166527755	0.43715368912219305
curated	DeepVirFinder	0.9994999166527755	0.43747263971983075
curated	DeepVirFinder	0.9994999166527755	0.43776009345112066
curated	DeepVirFinder	0.9994999166527755	0.4380799298604515
curated	DeepVirFinder	0.9994999166527755	0.4383681824828191
curated	DeepVirFinder	0.9994999166527755	0.43868890839918057
curated	DeepVirFinder	0.9994999166527755	0.4389779632476755
curated	DeepVirFinder	0.9994999166527755	0.4392995823869881
curated	DeepVirFinder	0.9994999166527755	0.43958944281524925
curated	DeepVirFinder	0.9994999166527755	0.43991195891415996
curated	DeepVirFinder	0.9994999166527755	0.4402026282945452
curated	DeepVirFinder	0.9994999166527755	0.4405260451105723
curated	DeepVirFinder	0.9994999166527755	0.4408175268342891
curated	DeepVirFinder	0.9994999166527755	0.44114184814596824
curated	DeepVirFinder	0.9994999166527755	0.4414341456232055
curated	DeepVirFinder	0.9994999166527755	0.4417593752302365
curated	DeepVirFinder	0.9994999166527755	0.4420524918902978
curated	DeepVirFinder	0.9994999166527755	0.4423786336136934
curated	DeepVirFinder	0.9994999166527755	0.44267257290513107
curated	DeepVirFinder	0.9994999166527755	0.4429996305873661
curated	DeepVirFinder	0.9994999166527755	0.4432943959781162
curated	DeepVirFinder	0.9994999166527755	0.4436223734832791
curated	DeepVirFinder	0.9994999166527755	0.4439179684607981
curated	DeepVirFinder	0.9994999166527755	0.44424686967474253
curated	DeepVirFinder	0.9994999166527755	0.4445432977461447
curated	DeepVirFinder	0.9994999166527755	0.4448731265766434
curated	DeepVirFinder	0.9993332222037006	0.44509614670725367
curated	DeepVirFinder	0.9991665277546258	0.44535255219555686
curated	DeepVirFinder	0.9991665277546258	0.44565055762081784
curated	DeepVirFinder	0.9991665277546258	0.4459821428571429
curated	DeepVirFinder	0.9991665277546258	0.4462809917355372
curated	DeepVirFinder	0.9991665277546258	0.4466135161314358
curated	DeepVirFinder	0.9991665277546258	0.44691321204891143
curated	DeepVirFinder	0.9991665277546258	0.4472466796000597
curated	DeepVirFinder	0.9991665277546258	0.4475472261629209
curated	DeepVirFinder	0.9991665277546258	0.44788164088769333
curated	DeepVirFinder	0.9991665277546258	0.44818304172274565
curated	DeepVirFinder	0.9991665277546258	0.44851840766237655
curated	DeepVirFinder	0.9991665277546258	0.44882066641707224
curated	DeepVirFinder	0.9991665277546258	0.4491569876358187
curated	DeepVirFinder	0.9991665277546258	0.4494601079784043
curated	DeepVirFinder	0.9991665277546258	0.44979738856371004
curated	DeepVirFinder	0.9991665277546258	0.45010137418337465
curated	DeepVirFinder	0.9991665277546258	0.4504396182460359
curated	DeepVirFinder	0.9991665277546258	0.45074447285306063
curated	DeepVirFinder	0.9991665277546258	0.4510836845273931
curated	DeepVirFinder	0.9991665277546258	0.4513894118533022
curated	DeepVirFinder	0.9991665277546258	0.4517295952973095
curated	DeepVirFinder	0.998999833305551	0.4519607843137255
curated	DeepVirFinder	0.998999833305551	0.4523018867924528
curated	DeepVirFinder	0.998999833305551	0.45260931953779926
curated	DeepVirFinder	0.998999833305551	0.45295140201043005
curated	DeepVirFinder	0.9986664444074013	0.45310845560429586
curated	DeepVirFinder	0.9986664444074013	0.45345140781108084
curated	DeepVirFinder	0.9986664444074013	0.4537605089752329
curated	DeepVirFinder	0.9986664444074013	0.4541044493291897
curated	DeepVirFinder	0.9986664444074013	0.45441444174757284
curated	DeepVirFinder	0.9986664444074013	0.4547593745255807
curated	DeepVirFinder	0.9986664444074013	0.45507026205848844
curated	DeepVirFinder	0.9986664444074013	0.4554161915621437
curated	DeepVirFinder	0.9986664444074013	0.45572797809219534
curated	DeepVirFinder	0.9986664444074013	0.4560749086479903
curated	DeepVirFinder	0.9986664444074013	0.4563875980802925
curated	DeepVirFinder	0.9986664444074013	0.45673553403979567
curated	DeepVirFinder	0.9986664444074013	0.4570491303021056
curated	DeepVirFinder	0.9986664444074013	0.45739807604214383
curated	DeepVirFinder	0.9986664444074013	0.4577125830850332
curated	DeepVirFinder	0.9986664444074013	0.45806254300787524
curated	DeepVirFinder	0.9986664444074013	0.45837796480489673
curated	DeepVirFinder	0.9986664444074013	0.458728943338438
curated	DeepVirFinder	0.9986664444074013	0.45904528388629223
curated	DeepVirFinder	0.9986664444074013	0.459397285484242
curated	DeepVirFinder	0.9986664444074013	0.4597145488029466
curated	DeepVirFinder	0.9986664444074013	0.4600675779450161
curated	DeepVirFinder	0.9986664444074013	0.4603857680780758
curated	DeepVirFinder	0.9986664444074013	0.46073982927016843
curated	DeepVirFinder	0.9986664444074013	0.4610589502847468
curated	DeepVirFinder	0.9986664444074013	0.4614140480591497
curated	DeepVirFinder	0.9986664444074013	0.46173410404624277
curated	DeepVirFinder	0.9986664444074013	0.4620902429618203
curated	DeepVirFinder	0.9986664444074013	0.46241123803643097
curated	DeepVirFinder	0.9986664444074013	0.4632694092174451
curated	DeepVirFinder	0.9986664444074013	0.4635920451907452
curated	DeepVirFinder	0.9986664444074013	0.46395105707426626
curated	DeepVirFinder	0.9986664444074013	0.4642746435213887
curated	DeepVirFinder	0.9984997499583264	0.4645571583682333
curated	DeepVirFinder	0.9984997499583264	0.46488164532402015
curated	DeepVirFinder	0.9984997499583264	0.4652427184466019
curated	DeepVirFinder	0.9984997499583264	0.4655681641535831
curated	DeepVirFinder	0.9984997499583264	0.4659303049159925
curated	DeepVirFinder	0.9983330555092516	0.4661788744453958
curated	DeepVirFinder	0.9983330555092516	0.466542026953338
curated	DeepVirFinder	0.9983330555092516	0.46686934830059246
curated	DeepVirFinder	0.9983330555092516	0.46723357778124514
curated	DeepVirFinder	0.9983330555092516	0.46756187055976267
curated	DeepVirFinder	0.9983330555092516	0.467927181811079
curated	DeepVirFinder	0.9983330555092516	0.4682564503518374
curated	DeepVirFinder	0.9983330555092516	0.46862284820031297
curated	DeepVirFinder	0.9983330555092516	0.4689530968600736
curated	DeepVirFinder	0.9983330555092516	0.4693205861609592
curated	DeepVirFinder	0.9983330555092516	0.4696518193224592
curated	DeepVirFinder	0.9983330555092516	0.4700204049599749
curated	DeepVirFinder	0.9983330555092516	0.4703526270321213
curated	DeepVirFinder	0.9983330555092516	0.470722313919673
curated	DeepVirFinder	0.9983330555092516	0.4710555293377379
curated	DeepVirFinder	0.9983330555092516	0.47142632241813603
curated	DeepVirFinder	0.9983330555092516	0.4717605356439543
curated	DeepVirFinder	0.9983330555092516	0.47213243988963344
curated	DeepVirFinder	0.9983330555092516	0.47246765541180186
curated	DeepVirFinder	0.9983330555092516	0.4728406758250434
curated	DeepVirFinder	0.9983330555092516	0.47317689815912145
curated	DeepVirFinder	0.9983330555092516	0.473551039772278
curated	DeepVirFinder	0.9983330555092516	0.47388827346099066
curated	DeepVirFinder	0.9981663610601766	0.4741843522331327
curated	DeepVirFinder	0.9981663610601766	0.47452254536809574
curated	DeepVirFinder	0.9979996666111018	0.474819573320644
curated	DeepVirFinder	0.9979996666111018	0.47515873015873017
curated	DeepVirFinder	0.997832972162027	0.4754567116759333
curated	DeepVirFinder	0.997832972162027	0.47579683649948334
curated	DeepVirFinder	0.997832972162027	0.4761753241587781
curated	DeepVirFinder	0.997832972162027	0.47651647826779175
curated	DeepVirFinder	0.997832972162027	0.4768961121733588
curated	DeepVirFinder	0.997832972162027	0.4772383002471498
curated	DeepVirFinder	0.9976662777129521	0.4775392962578792
curated	DeepVirFinder	0.9976662777129521	0.4778824656659214
curated	DeepVirFinder	0.9976662777129521	0.47826434393479306
curated	DeepVirFinder	0.9976662777129521	0.47860855657736906
curated	DeepVirFinder	0.9976662777129521	0.4789915966386555
curated	DeepVirFinder	0.9974995832638773	0.47925676757968927
curated	DeepVirFinder	0.9973328888148024	0.4795607566527733
curated	DeepVirFinder	0.9973328888148024	0.4799069543595091
curated	DeepVirFinder	0.9971661943657276	0.48021192903588344
curated	DeepVirFinder	0.9971661943657276	0.4805591259640103
curated	DeepVirFinder	0.9971661943657276	0.48094548962855765
curated	DeepVirFinder	0.9971661943657276	0.4812937484914313
curated	DeepVirFinder	0.9971661943657276	0.48168129479024074
curated	DeepVirFinder	0.9971661943657276	0.482030620467365
curated	DeepVirFinder	0.9971661943657276	0.4824193548387097
curated	DeepVirFinder	0.9971661943657276	0.48276975223952867
curated	DeepVirFinder	0.9971661943657276	0.4831596801550763
curated	DeepVirFinder	0.9969994999166528	0.4834303265438086
curated	DeepVirFinder	0.9969994999166528	0.4838213881248989
curated	DeepVirFinder	0.9966661110185031	0.4840119808953291
curated	DeepVirFinder	0.9966661110185031	0.48440411569310543
curated	DeepVirFinder	0.9966661110185031	0.4847575806713151
curated	DeepVirFinder	0.9966661110185031	0.48515092502434276
curated	DeepVirFinder	0.9964994165694282	0.48542427933414534
curated	DeepVirFinder	0.9964994165694282	0.4858187728565624
curated	DeepVirFinder	0.9964994165694282	0.486174365647365
curated	DeepVirFinder	0.9964994165694282	0.48657007976558686
curated	DeepVirFinder	0.9964994165694282	0.4869267736417692
curated	DeepVirFinder	0.9964994165694282	0.4873237140295101
curated	DeepVirFinder	0.9964994165694282	0.4876815141132322
curated	DeepVirFinder	0.9964994165694282	0.48807968647942523
curated	DeepVirFinder	0.9964994165694282	0.48843859792466704
curated	DeepVirFinder	0.9964994165694282	0.48883800801373783
curated	DeepVirFinder	0.9963327221203534	0.4891162029459902
curated	DeepVirFinder	0.9963327221203534	0.4895167895167895
curated	DeepVirFinder	0.9963327221203534	0.4898778788623883
curated	DeepVirFinder	0.9963327221203534	0.4902797145435157
curated	DeepVirFinder	0.9963327221203534	0.490641930717452
curated	DeepVirFinder	0.9963327221203534	0.4910450213604995
curated	DeepVirFinder	0.9963327221203534	0.49140836964564666
curated	DeepVirFinder	0.9961660276712786	0.4917304369291533
curated	DeepVirFinder	0.9959993332222037	0.4920125164690382
curated	DeepVirFinder	0.9959993332222037	0.49241799901104333
curated	DeepVirFinder	0.9959993332222037	0.4927835051546392
curated	DeepVirFinder	0.9959993332222037	0.4931902600082542
curated	DeepVirFinder	0.995665944324054	0.49339170659177267
curated	DeepVirFinder	0.995665944324054	0.4937996031746032
curated	DeepVirFinder	0.995665944324054	0.49416728716803177
curated	DeepVirFinder	0.995665944324054	0.49457646766581104
curated	DeepVirFinder	0.9954992498749792	0.49486244613854824
curated	DeepVirFinder	0.9954992498749792	0.4952728479018079
curated	DeepVirFinder	0.9951658609768295	0.4954768030541954
curated	DeepVirFinder	0.9948324720786798	0.4957222360661184
curated	DeepVirFinder	0.994665777629605	0.4960099750623441
curated	DeepVirFinder	0.99449908318053	0.4963394342762063
curated	DeepVirFinder	0.99449908318053	0.4967113479310632
curated	DeepVirFinder	0.99449908318053	0.49712523956336974
curated	DeepVirFinder	0.99449908318053	0.497498332221481
curated	DeepVirFinder	0.99449908318053	0.49791353697212487
curated	DeepVirFinder	0.99449908318053	0.4982878142487263
curated	DeepVirFinder	0.9943323887314552	0.49862074730418793
curated	DeepVirFinder	0.9943323887314552	0.49899615191567676
curated	DeepVirFinder	0.9941656942823804	0.49933020763563296
curated	DeepVirFinder	0.9941656942823804	0.4997067448680352
curated	DeepVirFinder	0.9941656942823804	0.500125786163522
curated	DeepVirFinder	0.9939989998333055	0.5004196038939241
curated	DeepVirFinder	0.9939989998333055	0.5008399126490845
curated	DeepVirFinder	0.9939989998333055	0.5012187946541145
curated	DeepVirFinder	0.9939989998333055	0.5016404475477412
curated	DeepVirFinder	0.9939989998333055	0.502020542178818
curated	DeepVirFinder	0.9938323053842307	0.5023592854735422
curated	DeepVirFinder	0.9938323053842307	0.5027405346150603
curated	DeepVirFinder	0.9936656109351558	0.5039736219141021
curated	DeepVirFinder	0.993498916486081	0.5042727811151536
curated	DeepVirFinder	0.993498916486081	0.5046998052332966
curated	DeepVirFinder	0.993498916486081	0.5050847457627119
curated	DeepVirFinder	0.993498916486081	0.5055131467345207
curated	DeepVirFinder	0.9933322220370062	0.5058144469909176
curated	DeepVirFinder	0.9933322220370062	0.5062441593747345
curated	DeepVirFinder	0.9933322220370062	0.5066315252508077
curated	DeepVirFinder	0.9933322220370062	0.5070626276378489
curated	DeepVirFinder	0.9933322220370062	0.507451247551733
curated	DeepVirFinder	0.9931655275879313	0.507798517003324
curated	DeepVirFinder	0.9931655275879313	0.5081883316274309
curated	DeepVirFinder	0.9928321386897816	0.5084514256445279
curated	DeepVirFinder	0.9928321386897816	0.508842375053396
curated	DeepVirFinder	0.9928321386897816	0.5092774690038478
curated	DeepVirFinder	0.9928321386897816	0.5096696902276228
curated	DeepVirFinder	0.9928321386897816	0.5101062007536827
curated	DeepVirFinder	0.9928321386897816	0.5105434596262644
curated	DeepVirFinder	0.9928321386897816	0.5109376340396329
curated	DeepVirFinder	0.9928321386897816	0.5113763200824246
curated	DeepVirFinder	0.9928321386897816	0.5117717820931431
curated	DeepVirFinder	0.9928321386897816	0.5122119023047815
curated	DeepVirFinder	0.9926654442407068	0.5125225923057062
curated	DeepVirFinder	0.9926654442407068	0.5129640795934189
curated	DeepVirFinder	0.9926654442407068	0.5133620689655173
curated	DeepVirFinder	0.9926654442407068	0.5138050043140638
curated	DeepVirFinder	0.9926654442407068	0.5142043001467922
curated	DeepVirFinder	0.9926654442407068	0.5146486906922478
curated	DeepVirFinder	0.9926654442407068	0.5150492994291646
curated	DeepVirFinder	0.9926654442407068	0.5154951523545707
curated	DeepVirFinder	0.9926654442407068	0.5158970804816773
curated	DeepVirFinder	0.9926654442407068	0.5163444030174282
curated	DeepVirFinder	0.9926654442407068	0.5167476570635197
curated	DeepVirFinder	0.9926654442407068	0.517196456487754
curated	DeepVirFinder	0.9926654442407068	0.5176010430247718
curated	DeepVirFinder	0.9926654442407068	0.5180513266637669
curated	DeepVirFinder	0.9926654442407068	0.5184572523071566
curated	DeepVirFinder	0.9926654442407068	0.5189090275357268
curated	DeepVirFinder	0.9924987497916319	0.519229092177553
curated	DeepVirFinder	0.9924987497916319	0.5196822903028716
curated	DeepVirFinder	0.9924987497916319	0.5200908455625437
curated	DeepVirFinder	0.9924987497916319	0.520545549921315
curated	DeepVirFinder	0.9924987497916319	0.5209554641700936
curated	DeepVirFinder	0.9923320553425571	0.5213241089412383
curated	DeepVirFinder	0.9923320553425571	0.5217353198948291
curated	DeepVirFinder	0.9921653608934823	0.5221052631578947
curated	DeepVirFinder	0.9921653608934823	0.5225177771925205
curated	DeepVirFinder	0.9919986664444074	0.5228890255689307
curated	DeepVirFinder	0.9918319719953326	0.523214913823426
curated	DeepVirFinder	0.9918319719953326	0.5236754092589333
curated	DeepVirFinder	0.9918319719953326	0.5240905487536334
curated	DeepVirFinder	0.9916652775462577	0.5244644274001586
curated	DeepVirFinder	0.9914985830971829	0.5247926592553379
curated	DeepVirFinder	0.9914985830971829	0.5252560932532674
curated	DeepVirFinder	0.9914985830971829	0.5256738842244808
curated	DeepVirFinder	0.9913318886481081	0.5260504201680672
curated	DeepVirFinder	0.9913318886481081	0.5264695467422096
curated	DeepVirFinder	0.9913318886481081	0.5269360269360269
curated	DeepVirFinder	0.9913318886481081	0.5273565664627117
curated	DeepVirFinder	0.9911651941990332	0.5277358658027869
curated	DeepVirFinder	0.9911651941990332	0.528157754485699
curated	DeepVirFinder	0.9911651941990332	0.5286273115220483
curated	DeepVirFinder	0.9911651941990332	0.5290506272800071
curated	DeepVirFinder	0.9911651941990332	0.5295217739780924
curated	DeepVirFinder	0.9911651941990332	0.5299465240641711
curated	DeepVirFinder	0.9911651941990332	0.5304192685102587
curated	DeepVirFinder	0.9911651941990332	0.5308454602267655
curated	DeepVirFinder	0.9911651941990332	0.5313198105620588
curated	DeepVirFinder	0.9911651941990332	0.5317474512609551
curated	DeepVirFinder	0.9911651941990332	0.5322234156820623
curated	DeepVirFinder	0.9911651941990332	0.5326525127653856
curated	DeepVirFinder	0.9911651941990332	0.5331300995247915
curated	DeepVirFinder	0.9911651941990332	0.5341358246496587
curated	DeepVirFinder	0.9909984997499584	0.5345261643589283
curated	DeepVirFinder	0.9909984997499584	0.5349590569603168
curated	DeepVirFinder	0.9909984997499584	0.5354408718364406
curated	DeepVirFinder	0.9909984997499584	0.5358752478817379
curated	DeepVirFinder	0.9909984997499584	0.5363587152652473
curated	DeepVirFinder	0.9908318053008834	0.5367042889390519
curated	DeepVirFinder	0.9906651108518086	0.5370989606868505
curated	DeepVirFinder	0.9904984164027338	0.5374457308248914
curated	DeepVirFinder	0.9904984164027338	0.5379322831794314
curated	DeepVirFinder	0.9903317219536589	0.5386219401631913
curated	DeepVirFinder	0.9903317219536589	0.5391107078039927
curated	DeepVirFinder	0.9903317219536589	0.5396003633060854
curated	DeepVirFinder	0.9903317219536589	0.5400909090909091
curated	DeepVirFinder	0.9901650275045841	0.5404421799654262
curated	DeepVirFinder	0.9901650275045841	0.5409343411346872
curated	DeepVirFinder	0.9901650275045841	0.5413780532263944
curated	DeepVirFinder	0.9901650275045841	0.541871921182266
curated	DeepVirFinder	0.9901650275045841	0.5423171733771569
curated	DeepVirFinder	0.9899983330555092	0.5427213743945901
curated	DeepVirFinder	0.9899983330555092	0.5432674716428832
curated	DeepVirFinder	0.9899983330555092	0.5438644688644688
curated	DeepVirFinder	0.9898316386064344	0.5442214279167812
curated	DeepVirFinder	0.9898316386064344	0.5447206678286396
curated	DeepVirFinder	0.9898316386064344	0.5451707675358061
curated	DeepVirFinder	0.9898316386064344	0.5456717515162653
curated	DeepVirFinder	0.9898316386064344	0.5461234249977007
curated	DeepVirFinder	0.9898316386064344	0.54662616220197
curated	DeepVirFinder	0.9896649441573595	0.546987285793256
curated	DeepVirFinder	0.9893315552592099	0.5473072666912578
curated	DeepVirFinder	0.9893315552592099	0.5477618827872635
curated	DeepVirFinder	0.989164860810135	0.5481755196304849
curated	DeepVirFinder	0.9889981663610602	0.5485392011834319
curated	DeepVirFinder	0.9889981663610602	0.5490468258374976
curated	DeepVirFinder	0.9889981663610602	0.5495044919885154
curated	DeepVirFinder	0.9888314719119853	0.5499212014461852
curated	DeepVirFinder	0.9888314719119853	0.5503804045277417
curated	DeepVirFinder	0.9888314719119853	0.5511986619587437
curated	DeepVirFinder	0.9886647774629105	0.5515670045568678
curated	DeepVirFinder	0.9884980830138357	0.5519873405938751
curated	DeepVirFinder	0.9884980830138357	0.5524501583752562
curated	DeepVirFinder	0.9883313885647608	0.5528720626631853
curated	DeepVirFinder	0.988164694115686	0.553243117125525
curated	DeepVirFinder	0.9879979996666111	0.5536665109761794
curated	DeepVirFinder	0.9878313052175363	0.5540388930441287
curated	DeepVirFinder	0.9878313052175363	0.5545573647763429
curated	DeepVirFinder	0.9878313052175363	0.5550248197059099
curated	DeepVirFinder	0.9878313052175363	0.5555451392143995
curated	DeepVirFinder	0.9878313052175363	0.5560142615875399
curated	DeepVirFinder	0.9878313052175363	0.5565364387678438
curated	DeepVirFinder	0.9878313052175363	0.5570072375223235
curated	DeepVirFinder	0.9878313052175363	0.5575312823407659
curated	DeepVirFinder	0.9876646107684615	0.557909604519774
curated	DeepVirFinder	0.9876646107684615	0.558435438265787
curated	DeepVirFinder	0.9876646107684615	0.5589095368361475
curated	DeepVirFinder	0.9876646107684615	0.5594372580492871
curated	DeepVirFinder	0.9876646107684615	0.55991305991306
curated	DeepVirFinder	0.9874979163193865	0.5603480892924707
curated	DeepVirFinder	0.9874979163193865	0.5608255230521633
curated	DeepVirFinder	0.9874979163193865	0.561356960106131
curated	DeepVirFinder	0.9874979163193865	0.5618361153262519
curated	DeepVirFinder	0.9874979163193865	0.5623694702866907
curated	DeepVirFinder	0.9873312218703117	0.5627553444180523
curated	DeepVirFinder	0.9873312218703117	0.5632905373276272
curated	DeepVirFinder	0.9873312218703117	0.5637730820483533
curated	DeepVirFinder	0.9873312218703117	0.5643102134146342
curated	DeepVirFinder	0.9873312218703117	0.5647945074854582
curated	DeepVirFinder	0.9873312218703117	0.56533358785912
curated	DeepVirFinder	0.9871645274212368	0.565724111578143
curated	DeepVirFinder	0.986997832972162	0.5661694396634156
curated	DeepVirFinder	0.986997832972162	0.5666570963728587
curated	DeepVirFinder	0.986997832972162	0.5671999233643069
curated	DeepVirFinder	0.9866644440740123	0.5674976030680728
curated	DeepVirFinder	0.9866644440740123	0.568042226487524
curated	DeepVirFinder	0.9866644440740123	0.5685332821054654
curated	DeepVirFinder	0.9864977496249375	0.5689837515623498
curated	DeepVirFinder	0.9864977496249375	0.5694765204003079
curated	DeepVirFinder	0.9864977496249375	0.5700250433442496
curated	DeepVirFinder	0.9863310551758626	0.5704232141135641
curated	DeepVirFinder	0.9863310551758626	0.5710287589268481
curated	DeepVirFinder	0.9863310551758626	0.5715251617888535
curated	DeepVirFinder	0.9859976662777129	0.5718843662380354
curated	DeepVirFinder	0.9859976662777129	0.5723824269401974
curated	DeepVirFinder	0.9859976662777129	0.5729368461836497
curated	DeepVirFinder	0.9858309718286381	0.5733397964129908
curated	DeepVirFinder	0.9858309718286381	0.5738961669092674
curated	DeepVirFinder	0.9856642773795633	0.5743006993006993
curated	DeepVirFinder	0.9854975829304884	0.5747618121718842
curated	DeepVirFinder	0.9854975829304884	0.5752651552009341
curated	DeepVirFinder	0.9854975829304884	0.5758254602123307
curated	DeepVirFinder	0.9853308884814136	0.5762331838565022
curated	DeepVirFinder	0.9853308884814136	0.5768517614911681
curated	DeepVirFinder	0.9849974995832639	0.5771635084977534
curated	DeepVirFinder	0.9849974995832639	0.5777278060226828
curated	DeepVirFinder	0.9848308051341891	0.5781387611312262
curated	DeepVirFinder	0.9846641106851142	0.5786071113723186
curated	DeepVirFinder	0.9846641106851142	0.5791176470588235
curated	DeepVirFinder	0.9843307217869645	0.5794896957801766
curated	DeepVirFinder	0.9843307217869645	0.5800019644435713
curated	DeepVirFinder	0.9841640273378897	0.5804738963720382
curated	DeepVirFinder	0.9841640273378897	0.5809879944892737
curated	DeepVirFinder	0.9839973328888149	0.581461780929866
curated	DeepVirFinder	0.9839973328888149	0.5819777186236813
curated	DeepVirFinder	0.98383063843974	0.5824533701766506
curated	DeepVirFinder	0.98383063843974	0.5829711576451996
curated	DeepVirFinder	0.98383063843974	0.583547557840617
curated	DeepVirFinder	0.9836639439906651	0.5843152787404694
curated	DeepVirFinder	0.9834972495415902	0.5847953216374269
curated	DeepVirFinder	0.9834972495415902	0.5853174603174603
curated	DeepVirFinder	0.9833305550925154	0.5857994041708043
curated	DeepVirFinder	0.9831638606434405	0.5862240333962827
curated	DeepVirFinder	0.9831638606434405	0.5868072828574271
curated	DeepVirFinder	0.9831638606434405	0.5873332005576578
curated	DeepVirFinder	0.9831638606434405	0.5879772704615691
curated	DeepVirFinder	0.9831638606434405	0.5885052883655957
curated	DeepVirFinder	0.9831638606434405	0.5890930882940472
curated	DeepVirFinder	0.9831638606434405	0.5896231130660802
curated	DeepVirFinder	0.9831638606434405	0.5902131492044431
curated	DeepVirFinder	0.9829971661943657	0.590763374073332
curated	DeepVirFinder	0.9829971661943657	0.5913557962294425
curated	DeepVirFinder	0.9829971661943657	0.5918899929740038
curated	DeepVirFinder	0.9828304717452909	0.5923842057671054
curated	DeepVirFinder	0.9828304717452909	0.5929203539823009
curated	DeepVirFinder	0.9828304717452909	0.5935172136098248
curated	DeepVirFinder	0.9828304717452909	0.5940554156171285
curated	DeepVirFinder	0.982663777296216	0.594553706505295
curated	DeepVirFinder	0.982663777296216	0.5950938824954572
curated	DeepVirFinder	0.982663777296216	0.5956952303961196
curated	DeepVirFinder	0.982663777296216	0.59665991902834
curated	DeepVirFinder	0.982663777296216	0.5972644376899696
curated	DeepVirFinder	0.9824970828471412	0.5977081431903458
curated	DeepVirFinder	0.9824970828471412	0.5983148918891483
curated	DeepVirFinder	0.9824970828471412	0.5988620199146515
curated	DeepVirFinder	0.9819969994999167	0.5991659886086249
curated	DeepVirFinder	0.9814969161526921	0.5994095490176117
curated	DeepVirFinder	0.9814969161526921	0.6000203811270763
curated	DeepVirFinder	0.9814969161526921	0.6005711954304366
curated	DeepVirFinder	0.9811635272545425	0.6009801919542577
curated	DeepVirFinder	0.9809968328054676	0.6014307613694431
curated	DeepVirFinder	0.9809968328054676	0.6020460358056265
curated	DeepVirFinder	0.9809968328054676	0.6026008601269711
curated	DeepVirFinder	0.9809968328054676	0.6032185321853218
curated	DeepVirFinder	0.980496749458243	0.6034677336616395
curated	DeepVirFinder	0.980496749458243	0.604087501283763
curated	DeepVirFinder	0.9803300550091681	0.6045435855263158
curated	DeepVirFinder	0.9801633605600933	0.6050627701173081
curated	DeepVirFinder	0.9799966661110185	0.6055206509424246
curated	DeepVirFinder	0.9799966661110185	0.6061449633982885
curated	DeepVirFinder	0.9798299716619436	0.6066047471620227
curated	DeepVirFinder	0.9798299716619436	0.6072314049586777
curated	DeepVirFinder	0.9796632772128688	0.6076931030917175
curated	DeepVirFinder	0.9796632772128688	0.6083221198633681
curated	DeepVirFinder	0.9793298883147191	0.6086821384169084
curated	DeepVirFinder	0.9791631938656443	0.6092097075295582
curated	DeepVirFinder	0.9788298049674946	0.6095712654417108
curated	DeepVirFinder	0.9788298049674946	0.6102047178634521
curated	DeepVirFinder	0.9788298049674946	0.6107759517370501
curated	DeepVirFinder	0.9786631105184197	0.611307788421491
curated	DeepVirFinder	0.9786631105184197	0.6118811881188119
curated	DeepVirFinder	0.9786631105184197	0.6125195618153365
curated	DeepVirFinder	0.9786631105184197	0.6130952380952381
curated	DeepVirFinder	0.9784964160693449	0.6136316119590215
curated	DeepVirFinder	0.9781630271711952	0.6140002092706917
curated	DeepVirFinder	0.9781630271711952	0.6146433434586781
curated	DeepVirFinder	0.9781630271711952	0.6152878263604907
curated	DeepVirFinder	0.9781630271711952	0.6159336622231553
curated	DeepVirFinder	0.9781630271711952	0.6165160748056314
curated	DeepVirFinder	0.9779963327221204	0.617059318468658
curated	DeepVirFinder	0.9778296382730455	0.6175386882829772
curated	DeepVirFinder	0.9778296382730455	0.6181894825587523
curated	DeepVirFinder	0.9776629438239707	0.6186708860759493
curated	DeepVirFinder	0.9776629438239707	0.619324181626188
curated	DeepVirFinder	0.9774962493748958	0.6198076313286122
curated	DeepVirFinder	0.977329554925821	0.6203576341127923
curated	DeepVirFinder	0.9771628604767462	0.6208430417284474
curated	DeepVirFinder	0.9768294715785965	0.6212892281594572
curated	DeepVirFinder	0.9766627771295215	0.6217765042979942
curated	DeepVirFinder	0.9764960826804467	0.6223308190799958
curated	DeepVirFinder	0.9763293882313719	0.6228200765631646
curated	DeepVirFinder	0.9759959993332222	0.6232701724505003
curated	DeepVirFinder	0.9758293048841473	0.6242934840567346
curated	DeepVirFinder	0.9758293048841473	0.6249599658375147
curated	DeepVirFinder	0.9758293048841473	0.6255610173113914
curated	DeepVirFinder	0.9756626104350725	0.6261232349165597
curated	DeepVirFinder	0.9754959159859977	0.6266866566716641
curated	DeepVirFinder	0.9754959159859977	0.6272912423625254
curated	DeepVirFinder	0.975162527087848	0.6277497585577851
curated	DeepVirFinder	0.9749958326387731	0.6282491944146079
curated	DeepVirFinder	0.9748291381896983	0.6295618473463236
curated	DeepVirFinder	0.9748291381896983	0.6301724137931034
curated	DeepVirFinder	0.9748291381896983	0.6310564368188195
curated	DeepVirFinder	0.9746624437406234	0.6315618924173687
curated	DeepVirFinder	0.9746624437406234	0.6324499729583559
curated	DeepVirFinder	0.9746624437406234	0.6330662624512776
curated	DeepVirFinder	0.9744957492915486	0.6336440494255365
curated	DeepVirFinder	0.9744957492915486	0.6342627753064989
curated	DeepVirFinder	0.9743290548424738	0.6348430541978929
curated	DeepVirFinder	0.9743290548424738	0.6358790252393386
curated	DeepVirFinder	0.9743290548424738	0.6365715530385537
curated	DeepVirFinder	0.9743290548424738	0.6371961190450235
curated	DeepVirFinder	0.9741623603933989	0.6377823856815453
curated	DeepVirFinder	0.9739956659443241	0.6383001966353506
curated	DeepVirFinder	0.9738289714952492	0.6388888888888888
curated	DeepVirFinder	0.9738289714952492	0.6395183360700603
curated	DeepVirFinder	0.9738289714952492	0.6402191780821918
curated	DeepVirFinder	0.9738289714952492	0.6408512505484861
curated	DeepVirFinder	0.9736622770461744	0.6414452009663958
curated	DeepVirFinder	0.9736622770461744	0.6420798065296252
curated	DeepVirFinder	0.9736622770461744	0.642786398151205
curated	DeepVirFinder	0.9736622770461744	0.6434236615994713
curated	DeepVirFinder	0.9736622770461744	0.644133215703573
curated	DeepVirFinder	0.9736622770461744	0.6447731537697318
curated	DeepVirFinder	0.9736622770461744	0.6454856890264118
curated	DeepVirFinder	0.9736622770461744	0.6461283185840708
curated	DeepVirFinder	0.9736622770461744	0.6468438538205981
curated	DeepVirFinder	0.9736622770461744	0.6474891918856003
curated	DeepVirFinder	0.9733288881480247	0.6479857951392742
curated	DeepVirFinder	0.9733288881480247	0.6486336369695623
curated	DeepVirFinder	0.9729954992498749	0.6491325622775801
curated	DeepVirFinder	0.9728288048008001	0.6496716019147278
curated	DeepVirFinder	0.9726621103517253	0.6502841858910063
curated	DeepVirFinder	0.9724954159026504	0.6508255243195002
curated	DeepVirFinder	0.9724954159026504	0.6515523788251061
curated	DeepVirFinder	0.9724954159026504	0.6522079373951929
curated	DeepVirFinder	0.9723287214535756	0.6528259653049804
curated	DeepVirFinder	0.9719953325554259	0.653260138920009
curated	DeepVirFinder	0.9719953325554259	0.6539928218932256
curated	DeepVirFinder	0.9716619436572762	0.6544291007073089
curated	DeepVirFinder	0.9714952492082014	0.6551258992805755
curated	DeepVirFinder	0.9713285547591265	0.6556768313266569
curated	DeepVirFinder	0.970828471411902	0.6560775036611468
curated	DeepVirFinder	0.9706617769628272	0.6566305818673883
curated	DeepVirFinder	0.9701616936156026	0.657033190336419
curated	DeepVirFinder	0.969828304717453	0.6574754209515199
curated	DeepVirFinder	0.969661610268378	0.658106120601878
curated	DeepVirFinder	0.9693282213702283	0.6585503963759909
curated	DeepVirFinder	0.9691615269211535	0.6591836734693878
curated	DeepVirFinder	0.9691615269211535	0.6598569969356486
curated	DeepVirFinder	0.9691615269211535	0.6606067492330417
curated	DeepVirFinder	0.9689948324720786	0.6611692447679709
curated	DeepVirFinder	0.9688281380230038	0.6618836123448354
curated	DeepVirFinder	0.9681613602267044	0.6621067031463749
curated	DeepVirFinder	0.9681613602267044	0.662862360191737
curated	DeepVirFinder	0.9681613602267044	0.6635439277961842
curated	DeepVirFinder	0.9678279713285548	0.6650630011454753
curated	DeepVirFinder	0.9674945824304051	0.6655200091732599
curated	DeepVirFinder	0.9674945824304051	0.666284008724601
curated	DeepVirFinder	0.9674945824304051	0.6669731096299701
curated	DeepVirFinder	0.9673278879813302	0.6676254026691211
curated	DeepVirFinder	0.9671611935322554	0.6682022342508349
curated	DeepVirFinder	0.9671611935322554	0.6689726738152888
curated	DeepVirFinder	0.9671611935322554	0.6696675900277008
curated	DeepVirFinder	0.9669944990831806	0.6703258608735845
curated	DeepVirFinder	0.9668278046341057	0.6710632882101122
curated	DeepVirFinder	0.9668278046341057	0.6719962924342486
curated	DeepVirFinder	0.9666611101850309	0.6725817675713291
curated	DeepVirFinder	0.9666611101850309	0.6733627496516489
curated	DeepVirFinder	0.9666611101850309	0.6740671858653958
curated	DeepVirFinder	0.9663277212868812	0.6746188758291632
curated	DeepVirFinder	0.9659943323887314	0.6755653998601072
curated	DeepVirFinder	0.9659943323887314	0.6763538748832867
curated	DeepVirFinder	0.9658276379396566	0.6769482416170113
curated	DeepVirFinder	0.965327554592432	0.6773891683237806
curated	DeepVirFinder	0.9651608601433572	0.6779859484777517
curated	DeepVirFinder	0.9649941656942824	0.6786635404454865
curated	DeepVirFinder	0.9648274712452075	0.6792629973007863
curated	DeepVirFinder	0.9648274712452075	0.6800610974033604
curated	DeepVirFinder	0.9648274712452075	0.6807809927075982
curated	DeepVirFinder	0.9648274712452075	0.6815826660386246
curated	DeepVirFinder	0.9644940823470578	0.6820700223977366
curated	DeepVirFinder	0.9641606934489082	0.6826389708485778
curated	DeepVirFinder	0.9641606934489082	0.6833648393194707
curated	DeepVirFinder	0.9641606934489082	0.6841731724627396
curated	DeepVirFinder	0.9639939989998333	0.6847838957963291
curated	DeepVirFinder	0.9638273045507585	0.6854771784232365
curated	DeepVirFinder	0.9636606101016836	0.6860906717303584
curated	DeepVirFinder	0.9634939156526088	0.686787072243346
curated	DeepVirFinder	0.9634939156526088	0.6876859012492564
curated	DeepVirFinder	0.9628271378563094	0.6880285884455033
curated	DeepVirFinder	0.9626604434072346	0.6886477462437396
curated	DeepVirFinder	0.9626604434072346	0.6894699140401146
curated	DeepVirFinder	0.9626604434072346	0.6902115453567587
curated	DeepVirFinder	0.9619936656109351	0.690558812971162
curated	DeepVirFinder	0.9619936656109351	0.6925477019080764
curated	DeepVirFinder	0.9616602767127854	0.6931394929712844
curated	DeepVirFinder	0.9614935822637106	0.6937695453452009
curated	DeepVirFinder	0.9613268878146358	0.6944845857418112
curated	DeepVirFinder	0.9611601933655609	0.6951175406871609
curated	DeepVirFinder	0.9609934989164861	0.695835847917924
curated	DeepVirFinder	0.9608268044674112	0.6964717254712421
curated	DeepVirFinder	0.9608268044674112	0.6973142995402855
curated	DeepVirFinder	0.9608268044674112	0.6982434887946699
curated	DeepVirFinder	0.9603267211201867	0.6987265009096422
curated	DeepVirFinder	0.9598266377729622	0.699125789218067
curated	DeepVirFinder	0.9594932488748125	0.6998176291793313
curated	DeepVirFinder	0.9593265544257377	0.7004625121713729
curated	DeepVirFinder	0.9591598599766628	0.7011942481111382
curated	DeepVirFinder	0.9591598599766628	0.7019641332194705
curated	DeepVirFinder	0.958826471078513	0.7025772566263588
curated	DeepVirFinder	0.9583263877312885	0.7029836145756909
curated	DeepVirFinder	0.9583263877312885	0.7038442703232125
curated	DeepVirFinder	0.9583263877312885	0.7046206642970952
curated	DeepVirFinder	0.9581596932822137	0.705362621180513
curated	DeepVirFinder	0.9581596932822137	0.7061425061425062
curated	DeepVirFinder	0.9579929988331388	0.7068880688806888
curated	DeepVirFinder	0.957826304384064	0.7078970062831095
curated	DeepVirFinder	0.957826304384064	0.7087701985938079
curated	DeepVirFinder	0.9576596099349892	0.7094344282538898
curated	DeepVirFinder	0.9574929154859143	0.7101879327398615
curated	DeepVirFinder	0.9571595265877646	0.7107315261789825
curated	DeepVirFinder	0.9564927487914653	0.7111166191597472
curated	DeepVirFinder	0.9561593598933156	0.7116625310173698
curated	DeepVirFinder	0.9561593598933156	0.7129008202833707
curated	DeepVirFinder	0.9558259709951659	0.7135390741662518
curated	DeepVirFinder	0.9558259709951659	0.7144281086468975
curated	DeepVirFinder	0.9554925820970162	0.7149806660845703
curated	DeepVirFinder	0.9551591931988664	0.7172361997746902
curated	DeepVirFinder	0.9548258043007168	0.7177944862155389
curated	DeepVirFinder	0.9546591098516419	0.7186598067511607
curated	DeepVirFinder	0.9541590265044174	0.7190954773869347
curated	DeepVirFinder	0.9539923320553425	0.719874213836478
curated	DeepVirFinder	0.9538256376062677	0.7205641606850522
curated	DeepVirFinder	0.9531588598099683	0.7209683520363132
curated	DeepVirFinder	0.9529921653608935	0.7216611966675082
curated	DeepVirFinder	0.952492082013669	0.7221941354903944
curated	DeepVirFinder	0.952492082013669	0.7230165759838036
curated	DeepVirFinder	0.952492082013669	0.7239325985050045
curated	DeepVirFinder	0.9523253875645941	0.7246321664129883
curated	DeepVirFinder	0.9519919986664445	0.7252984505969012
curated	DeepVirFinder	0.9514919153192198	0.7257469802924348
curated	DeepVirFinder	0.951325220870145	0.727098993502357
curated	DeepVirFinder	0.9509918319719953	0.7276785714285714
curated	DeepVirFinder	0.9508251375229205	0.7284802043422733
curated	DeepVirFinder	0.9506584430738456	0.7291906405830456
curated	DeepVirFinder	0.9501583597266211	0.7297401101011394
curated	DeepVirFinder	0.9496582763793966	0.7301973852858241
curated	DeepVirFinder	0.9494915819303217	0.731006160164271
curated	DeepVirFinder	0.9493248874812469	0.7320992415477567
curated	DeepVirFinder	0.9493248874812469	0.7330415754923414
curated	DeepVirFinder	0.9491581930321721	0.7337628865979381
curated	DeepVirFinder	0.9488248041340224	0.7344516129032258
curated	DeepVirFinder	0.9486581096849475	0.7351763338070016
curated	DeepVirFinder	0.9479913318886481	0.7356098822920709
curated	DeepVirFinder	0.9478246374395732	0.7363377363377364
curated	DeepVirFinder	0.9476579429904984	0.7371628630705395
curated	DeepVirFinder	0.9476579429904984	0.7380241464364533
curated	DeepVirFinder	0.9471578596432739	0.7385935265826076
curated	DeepVirFinder	0.9466577762960493	0.7390681936491411
curated	DeepVirFinder	0.9464910818469745	0.7399009642950222
curated	DeepVirFinder	0.9463243873978997	0.7406392694063927
curated	DeepVirFinder	0.9463243873978997	0.741606792945787
curated	DeepVirFinder	0.9461576929488248	0.7423489406225477
curated	DeepVirFinder	0.94599099849975	0.7431901519119958
curated	DeepVirFinder	0.9458243040506751	0.7439360167824833
curated	DeepVirFinder	0.9458243040506751	0.7451083388049902
curated	DeepVirFinder	0.9458243040506751	0.7463825309129176
curated	DeepVirFinder	0.9456576096016003	0.7472339304531085
curated	DeepVirFinder	0.9454909151525254	0.7479889225900039
curated	DeepVirFinder	0.9451575262543758	0.7487125313614156
curated	DeepVirFinder	0.9449908318053009	0.7494711792702274
curated	DeepVirFinder	0.9448241373562261	0.7503309504898067
curated	DeepVirFinder	0.9448241373562261	0.7512259774685222
curated	DeepVirFinder	0.9446574429071511	0.7520902455209024
curated	DeepVirFinder	0.9446574429071511	0.7529896359287802
curated	DeepVirFinder	0.9444907484580763	0.7554666666666666
curated	DeepVirFinder	0.9439906651108518	0.7559738352689894
curated	DeepVirFinder	0.9436572762127021	0.7571218403102848
curated	DeepVirFinder	0.9433238873145524	0.7577664702731655
curated	DeepVirFinder	0.9429904984164027	0.7585143470099223
curated	DeepVirFinder	0.9429904984164027	0.7594307960800107
curated	DeepVirFinder	0.9428238039673279	0.7603172469417933
curated	DeepVirFinder	0.9424904150691782	0.7609690444145356
curated	DeepVirFinder	0.9423237206201034	0.7618598382749326
curated	DeepVirFinder	0.9421570261710285	0.7626501146943733
curated	DeepVirFinder	0.9421570261710285	0.7636805837049048
curated	DeepVirFinder	0.9419903317219537	0.7644751082251082
curated	DeepVirFinder	0.941656942823804	0.7652397724193986
curated	DeepVirFinder	0.9411568594765795	0.7657669876576699
curated	DeepVirFinder	0.94049008168028	0.7662637511883743
curated	DeepVirFinder	0.94049008168028	0.7672015229806908
curated	DeepVirFinder	0.9399899983330555	0.7678376906318083
curated	DeepVirFinder	0.939489914985831	0.7683708248125426
curated	DeepVirFinder	0.9393232205367561	0.769283276450512
curated	DeepVirFinder	0.9386564427404568	0.7696828868234008
curated	DeepVirFinder	0.9383230538423071	0.7704626334519573
curated	DeepVirFinder	0.9379896649441574	0.7711388241743182
curated	DeepVirFinder	0.9374895815969329	0.7717853712090024
curated	DeepVirFinder	0.9369894982497082	0.772327562517175
curated	DeepVirFinder	0.9364894149024837	0.7729774353329665
curated	DeepVirFinder	0.9359893315552592	0.7735225237636038
curated	DeepVirFinder	0.9358226371061844	0.7744516485032418
curated	DeepVirFinder	0.9358226371061844	0.775414364640884
curated	DeepVirFinder	0.9356559426571095	0.7763485477178423
curated	DeepVirFinder	0.9354892482080347	0.7778239778239778
curated	DeepVirFinder	0.935155859309885	0.7786259541984732
curated	DeepVirFinder	0.9348224704117353	0.7793218454697054
curated	DeepVirFinder	0.9346557759626605	0.7802671861953799
curated	DeepVirFinder	0.9344890815135856	0.7811063118294552
curated	DeepVirFinder	0.9344890815135856	0.7821961769220036
curated	DeepVirFinder	0.9343223870645108	0.7830399552947751
curated	DeepVirFinder	0.933988998166361	0.7838556239507555
curated	DeepVirFinder	0.933988998166361	0.7848438156604567
curated	DeepVirFinder	0.9334889148191365	0.7855239163978117
curated	DeepVirFinder	0.9328221370228371	0.7863968521641371
curated	DeepVirFinder	0.9323220536756126	0.7877464788732395
curated	DeepVirFinder	0.9318219703283881	0.7883232266252996
curated	DeepVirFinder	0.9316552758793132	0.7892952972743963
curated	DeepVirFinder	0.9314885814302384	0.790158371040724
curated	DeepVirFinder	0.9313218869811636	0.7911356556216369
curated	DeepVirFinder	0.930821803633939	0.7917198355309797
curated	DeepVirFinder	0.9304884147357892	0.792559988641204
curated	DeepVirFinder	0.9301550258376396	0.7932897355700882
curated	DeepVirFinder	0.9298216369394899	0.7941343963553531
curated	DeepVirFinder	0.929654942490415	0.7950106913756236
curated	DeepVirFinder	0.9293215535922654	0.7958600999286224
curated	DeepVirFinder	0.9291548591431905	0.7967409948542024
curated	DeepVirFinder	0.928654775795966	0.797452046951045
curated	DeepVirFinder	0.9281546924487415	0.7980507381396016
curated	DeepVirFinder	0.9276546091015169	0.7987656093009904
curated	DeepVirFinder	0.9269878313052176	0.8000287728384405
curated	DeepVirFinder	0.9266544424070678	0.800893243048552
curated	DeepVirFinder	0.926487747957993	0.8017888055395268
curated	DeepVirFinder	0.9261543590598433	0.8065031209174045
curated	DeepVirFinder	0.9258209701616936	0.8072674418604651
curated	DeepVirFinder	0.9249874979163194	0.8077147016011644
curated	DeepVirFinder	0.9246541090181697	0.8097810218978102
curated	DeepVirFinder	0.9241540256709452	0.8104078351118258
curated	DeepVirFinder	0.9236539423237207	0.8111550285463329
curated	DeepVirFinder	0.923320553425571	0.8119319847552038
curated	DeepVirFinder	0.9229871645274212	0.8128302994715209
curated	DeepVirFinder	0.9223203867311218	0.8133176539761869
curated	DeepVirFinder	0.9214869144857476	0.8137788900338584
curated	DeepVirFinder	0.9211535255875979	0.8145636792452831
curated	DeepVirFinder	0.9211535255875979	0.8157661647475642
curated	DeepVirFinder	0.9209868311385231	0.8167036215816703
curated	DeepVirFinder	0.9203200533422237	0.817320503330866
curated	DeepVirFinder	0.9198199699949992	0.8179662021938927
curated	DeepVirFinder	0.9191531921986997	0.820169567157519
curated	DeepVirFinder	0.9188198033005501	0.8209711051534108
curated	DeepVirFinder	0.9186531088514752	0.8220465393794749
curated	DeepVirFinder	0.9184864144024004	0.8230022404779687
curated	DeepVirFinder	0.917819636606101	0.8236350037397158
curated	DeepVirFinder	0.9173195532588765	0.8242959856201318
curated	DeepVirFinder	0.9166527754625771	0.8249324932493249
curated	DeepVirFinder	0.9159859976662778	0.825446898002103
curated	DeepVirFinder	0.9153192198699783	0.8260869565217391
curated	DeepVirFinder	0.9151525254209035	0.8270563422717686
curated	DeepVirFinder	0.9144857476246041	0.8277006638503319
curated	DeepVirFinder	0.9143190531755293	0.8286750264390391
curated	DeepVirFinder	0.9138189698283047	0.8294749583900741
curated	DeepVirFinder	0.913485580930155	0.8303030303030303
curated	DeepVirFinder	0.9129854975829305	0.8311077389984826
curated	DeepVirFinder	0.9123187197866311	0.8316365294028263
curated	DeepVirFinder	0.9114852475412569	0.8321412266017348
curated	DeepVirFinder	0.9108184697449575	0.8326729655592807
curated	DeepVirFinder	0.910318386397733	0.8334859584859585
curated	DeepVirFinder	0.9096516086014336	0.8340210912425493
curated	DeepVirFinder	0.9094849141523588	0.835144650237257
curated	DeepVirFinder	0.9091515252542091	0.8359901900674432
curated	DeepVirFinder	0.9088181363560593	0.8369665336198956
curated	DeepVirFinder	0.9084847474579096	0.8378170637970792
curated	DeepVirFinder	0.9079846641106851	0.8391619164997689
curated	DeepVirFinder	0.9074845807634606	0.839864239432274
curated	DeepVirFinder	0.9068178029671612	0.8405438813349815
curated	DeepVirFinder	0.905984330721787	0.8409407395946155
curated	DeepVirFinder	0.9054842473745625	0.8417790175112351
curated	DeepVirFinder	0.9053175529254875	0.8427995034140285
curated	DeepVirFinder	0.904817469578263	0.8436431457880013
curated	DeepVirFinder	0.9044840806801133	0.8445136186770428
curated	DeepVirFinder	0.9036506084347391	0.8450506625097428
curated	DeepVirFinder	0.9029838306384398	0.8456134873556042
curated	DeepVirFinder	0.9024837472912152	0.8464665415884928
curated	DeepVirFinder	0.9016502750458409	0.84687646782527
curated	DeepVirFinder	0.9014835805967661	0.848047671318802
curated	DeepVirFinder	0.9011501916986164	0.8489321608040201
curated	DeepVirFinder	0.9003167194532422	0.8494809688581315
curated	DeepVirFinder	0.8996499416569428	0.8500551267916208
curated	DeepVirFinder	0.8986497749624938	0.8504495977283483
curated	DeepVirFinder	0.8979829971661943	0.8510268562401264
curated	DeepVirFinder	0.8978163027171195	0.8522151898734177
curated	DeepVirFinder	0.8971495249208201	0.8527967041673269
curated	DeepVirFinder	0.8968161360226704	0.8538327249642914
curated	DeepVirFinder	0.8954825804300717	0.8537825810553084
curated	DeepVirFinder	0.895149191531922	0.8548233046800382
curated	DeepVirFinder	0.8943157192865477	0.8552526701737606
curated	DeepVirFinder	0.8938156359393232	0.8561392304007664
curated	DeepVirFinder	0.8936489414902484	0.8572113847137832
curated	DeepVirFinder	0.8928154692448741	0.8577834721332479
curated	DeepVirFinder	0.8919819969994999	0.8582197273456295
curated	DeepVirFinder	0.8916486081013503	0.859277108433735
curated	DeepVirFinder	0.8911485247541256	0.860592401802962
curated	DeepVirFinder	0.890815135855976	0.8627704229899903
curated	DeepVirFinder	0.8904817469578263	0.8637025060630558
curated	DeepVirFinder	0.8901483580596766	0.8647773279352227
curated	DeepVirFinder	0.8899816636106017	0.8660178426601784
curated	DeepVirFinder	0.8898149691615269	0.8678263696959844
curated	DeepVirFinder	0.8891481913652275	0.8684467600130251
curated	DeepVirFinder	0.888648108018003	0.8699412532637075
curated	DeepVirFinder	0.8883147191198533	0.8713211249182472
curated	DeepVirFinder	0.887647941323554	0.872093023255814
curated	DeepVirFinder	0.8869811635272545	0.8727242906347384
curated	DeepVirFinder	0.8863143857309551	0.8735009035649746
curated	DeepVirFinder	0.8858143023837306	0.8743007568279039
curated	DeepVirFinder	0.8846474412402067	0.8745880026367832
curated	DeepVirFinder	0.8838139689948324	0.8750618914012214
curated	DeepVirFinder	0.8833138856476079	0.8763022986604928
curated	DeepVirFinder	0.882147024504084	0.8764491553494534
curated	DeepVirFinder	0.8814802467077846	0.8772395487723955
curated	DeepVirFinder	0.881146857809635	0.8782189732513707
curated	DeepVirFinder	0.8804800800133356	0.8790148111166584
curated	DeepVirFinder	0.8794799133188865	0.8793333333333333
curated	DeepVirFinder	0.8788131355225871	0.8801335559265442
curated	DeepVirFinder	0.8779796632772129	0.8806219695703059
curated	DeepVirFinder	0.8769794965827638	0.8810919443979233
curated	DeepVirFinder	0.8764794132355392	0.8819188191881919
curated	DeepVirFinder	0.8761460243373895	0.8830645161290323
curated	DeepVirFinder	0.8754792465410902	0.8852182706893645
curated	DeepVirFinder	0.874645774295716	0.8858686476447746
curated	DeepVirFinder	0.8739789964994166	0.8875909937362452
curated	DeepVirFinder	0.8731455242540423	0.8882482618280482
curated	DeepVirFinder	0.8721453575595932	0.8885869565217391
curated	DeepVirFinder	0.8714785797632939	0.8894181694453895
curated	DeepVirFinder	0.871311885314219	0.8906116885329698
curated	DeepVirFinder	0.8706451075179197	0.8914490527393754
curated	DeepVirFinder	0.8701450241706952	0.8923076923076924
curated	DeepVirFinder	0.8689781630271712	0.8926369863013699
curated	DeepVirFinder	0.8684780796799466	0.8935002572457554
curated	DeepVirFinder	0.8679779963327221	0.8945198419515548
curated	DeepVirFinder	0.8671445240873479	0.8950447350309704
curated	DeepVirFinder	0.8661443573928989	0.8955532574974147
curated	DeepVirFinder	0.8653108851475246	0.8960814776454341
curated	DeepVirFinder	0.8639773295549258	0.8962476223413454
curated	DeepVirFinder	0.8629771628604768	0.8966054728091445
curated	DeepVirFinder	0.8618103017169528	0.8969465648854962
curated	DeepVirFinder	0.8608101350225037	0.8973066898349261
curated	DeepVirFinder	0.8599766627771295	0.8979982593559617
curated	DeepVirFinder	0.859476579429905	0.898884239888424
curated	DeepVirFinder	0.8584764127354559	0.899406217254628
curated	DeepVirFinder	0.8574762460410068	0.8997726080111946
curated	DeepVirFinder	0.8568094682447075	0.9006483266164359
curated	DeepVirFinder	0.8556426071011836	0.9010005265929436
curated	DeepVirFinder	0.8546424404067344	0.9015298048180059
curated	DeepVirFinder	0.8538089681613602	0.9020781965480803
curated	DeepVirFinder	0.8533088848141357	0.9031404375441072
curated	DeepVirFinder	0.8524754125687615	0.9036932320197915
curated	DeepVirFinder	0.8516419403233872	0.9044078597981944
curated	DeepVirFinder	0.8511418569761627	0.9053191489361702
curated	DeepVirFinder	0.8503083847307885	0.9060390763765541
curated	DeepVirFinder	0.8494749124854143	0.9066002490660025
curated	DeepVirFinder	0.8488081346891149	0.9075031188736411
curated	DeepVirFinder	0.8484747457909652	0.908604069975009
curated	DeepVirFinder	0.8474745790965161	0.9091559370529327
curated	DeepVirFinder	0.846474412402067	0.9095468386172308
curated	DeepVirFinder	0.8453075512585431	0.9099228422752557
curated	DeepVirFinder	0.8448074679113186	0.9120028792513947
curated	DeepVirFinder	0.8438073012168695	0.9125653506399856
curated	DeepVirFinder	0.8428071345224204	0.9129649693029974
curated	DeepVirFinder	0.8416402733788965	0.9133502170767004
curated	DeepVirFinder	0.8406401066844474	0.9137524913933683
curated	DeepVirFinder	0.839973328888148	0.9146850608095843
curated	DeepVirFinder	0.8384730788464744	0.9145454545454546
curated	DeepVirFinder	0.8378063010501751	0.9154826958105646
curated	DeepVirFinder	0.8369728288048008	0.9160737091771575
curated	DeepVirFinder	0.835639273212202	0.9162858709559496
curated	DeepVirFinder	0.8344724120686781	0.9165140974002197
curated	DeepVirFinder	0.8333055509251542	0.9169112252384446
curated	DeepVirFinder	0.8323053842307051	0.9173250045930553
curated	DeepVirFinder	0.8309718286381064	0.9175409534327259
curated	DeepVirFinder	0.8304717452908819	0.9185103244837758
curated	DeepVirFinder	0.8294715785964327	0.9190986331732546
curated	DeepVirFinder	0.8286381063510585	0.9197039777983349
curated	DeepVirFinder	0.828138023003834	0.920852641334569
curated	DeepVirFinder	0.8278046341056843	0.9220200519866321
curated	DeepVirFinder	0.8268044674112353	0.9226190476190477
curated	DeepVirFinder	0.8259709951658609	0.9232345817029998
curated	DeepVirFinder	0.8248041340223371	0.9236512973679298
curated	DeepVirFinder	0.8243040506751125	0.924644727000748
curated	DeepVirFinder	0.8233038839806635	0.9252529037092544
curated	DeepVirFinder	0.822637106184364	0.9260649277538
curated	DeepVirFinder	0.8214702450408401	0.9264899417183681
curated	DeepVirFinder	0.8203033838973163	0.9267419962335216
curated	DeepVirFinder	0.8193032172028671	0.9273584905660377
curated	DeepVirFinder	0.8188031338556426	0.9283689283689284
curated	DeepVirFinder	0.8178029671611935	0.92899072145427
curated	DeepVirFinder	0.8168028004667445	0.9294385432473444
curated	DeepVirFinder	0.8158026337722953	0.9300646142151273
curated	DeepVirFinder	0.8148024670778463	0.9305158956786598
curated	DeepVirFinder	0.8138023003833972	0.9311462902918176
curated	DeepVirFinder	0.812968828138023	0.9317921283912878
curated	DeepVirFinder	0.8119686614435739	0.932427258805513
curated	DeepVirFinder	0.81080180030005	0.9326941514860978
curated	DeepVirFinder	0.809801633605601	0.9333333333333333
curated	DeepVirFinder	0.8088014669111518	0.9337952270977675
curated	DeepVirFinder	0.8076346057676279	0.9342460470497493
curated	DeepVirFinder	0.8068011335222537	0.9349043847788294
curated	DeepVirFinder	0.805467577929655	0.9351654731952778
curated	DeepVirFinder	0.8044674112352058	0.9372693726937269
curated	DeepVirFinder	0.803300550091682	0.9377310760848414
curated	DeepVirFinder	0.8026337722953826	0.9385964912280702
curated	DeepVirFinder	0.8016336056009334	0.9392578125
curated	DeepVirFinder	0.8004667444574096	0.939542163960086
curated	DeepVirFinder	0.7992998833138857	0.9400117623995295
curated	DeepVirFinder	0.7984664110685115	0.9406912804399057
curated	DeepVirFinder	0.7971328554759126	0.9409681227863046
curated	DeepVirFinder	0.7961326887814636	0.9414547604967475
curated	DeepVirFinder	0.7949658276379397	0.9419316610705115
curated	DeepVirFinder	0.7937989664944157	0.9422239810051445
curated	DeepVirFinder	0.792465410901817	0.9425059476605868
curated	DeepVirFinder	0.7912985497582931	0.9428003972194637
curated	DeepVirFinder	0.7901316886147691	0.9432835820895522
curated	DeepVirFinder	0.7889648274712452	0.9435805422647527
curated	DeepVirFinder	0.7877979663277213	0.944067119456652
curated	DeepVirFinder	0.786964494082347	0.9449559647718174
curated	DeepVirFinder	0.7854642440406735	0.9450461291616526
curated	DeepVirFinder	0.7844640773462244	0.9455495278280088
curated	DeepVirFinder	0.7834639106517753	0.9462452184417153
curated	DeepVirFinder	0.7821303550591765	0.9463493344090359
curated	DeepVirFinder	0.7809634939156526	0.9468472109943411
curated	DeepVirFinder	0.7799633272212035	0.9473577647297023
curated	DeepVirFinder	0.7784630771795299	0.9474538445932238
curated	DeepVirFinder	0.7771295215869312	0.947560975609756
curated	DeepVirFinder	0.7762960493415569	0.9484725050916497
curated	DeepVirFinder	0.7754625770961827	0.9491940420322383
curated	DeepVirFinder	0.7744624104017336	0.9499079942751993
curated	DeepVirFinder	0.7734622437072846	0.9504301515772224
curated	DeepVirFinder	0.7721286881146858	0.9507389162561576
curated	DeepVirFinder	0.7712952158693116	0.951470285831791
curated	DeepVirFinder	0.7706284380730122	0.95260663507109
curated	DeepVirFinder	0.769794965827638	0.9533443435177539
curated	DeepVirFinder	0.7684614102350392	0.9536615639222176
curated	DeepVirFinder	0.767627937989665	0.9544041450777202
curated	DeepVirFinder	0.7664610768461411	0.954932502596054
curated	DeepVirFinder	0.7654609101516919	0.9554723262588432
curated	DeepVirFinder	0.7637939656609435	0.9553794829024187
curated	DeepVirFinder	0.7626271045174196	0.9557133904324211
curated	DeepVirFinder	0.7611268544757459	0.9558300188402763
curated	DeepVirFinder	0.7599599933322221	0.9561661073825504
curated	DeepVirFinder	0.758959826637773	0.9569146700294241
curated	DeepVirFinder	0.757792965494249	0.9572541587702674
curated	DeepVirFinder	0.7561260210035006	0.9571639586410635
curated	DeepVirFinder	0.7549591598599766	0.9575052854122622
curated	DeepVirFinder	0.7536256042673779	0.9578389830508475
curated	DeepVirFinder	0.752458743123854	0.9581829760135853
curated	DeepVirFinder	0.7511251875312552	0.9585194639438417
curated	DeepVirFinder	0.7501250208368061	0.959079283887468
curated	DeepVirFinder	0.7486247707951326	0.9592054677488253
curated	DeepVirFinder	0.7474579096516086	0.9595548897924245
curated	DeepVirFinder	0.7462910485080847	0.9601115161912932
curated	DeepVirFinder	0.744957492915486	0.9602492479587451
curated	DeepVirFinder	0.7434572428738123	0.9603789836347976
curated	DeepVirFinder	0.7424570761793632	0.9609492988133764
curated	DeepVirFinder	0.7411235205867645	0.9612972972972973
curated	DeepVirFinder	0.7396232705450908	0.9612218370883883
curated	DeepVirFinder	0.7386231038506418	0.9620060790273556
curated	DeepVirFinder	0.7374562427071178	0.962366760931042
curated	DeepVirFinder	0.7361226871145191	0.9627207325049052
curated	DeepVirFinder	0.7349558259709952	0.9630843162953254
curated	DeepVirFinder	0.7336222703783964	0.9634413309982487
curated	DeepVirFinder	0.7321220203367228	0.9633691599034876
curated	DeepVirFinder	0.7309551591931989	0.9639481204660365
curated	DeepVirFinder	0.7301216869478246	0.9647577092511013
curated	DeepVirFinder	0.7289548258043007	0.9653421633554083
curated	DeepVirFinder	0.7274545757626271	0.9652731696527317
curated	DeepVirFinder	0.7257876312718786	0.9651961870982044
curated	DeepVirFinder	0.7242873812302051	0.9653410353254832
curated	DeepVirFinder	0.7229538256376062	0.9654942119323241
curated	DeepVirFinder	0.7212868811468578	0.9654172244533691
curated	DeepVirFinder	0.7202867144524088	0.9660183322155154
curated	DeepVirFinder	0.7189531588598099	0.9663903204122788
curated	DeepVirFinder	0.7176196032672112	0.9665469241131567
curated	DeepVirFinder	0.7161193532255375	0.9666966696669667
curated	DeepVirFinder	0.7149524920820137	0.9670800450958287
curated	DeepVirFinder	0.7134522420403401	0.9672316384180791
curated	DeepVirFinder	0.7119519919986664	0.9671648550724637
curated	DeepVirFinder	0.7106184364060677	0.9675442578302315
curated	DeepVirFinder	0.709118186364394	0.9674778257903116
curated	DeepVirFinder	0.7077846307717953	0.9678595851379075
curated	DeepVirFinder	0.7062843807301217	0.9677935130196437
curated	DeepVirFinder	0.7046174362393732	0.9677197802197802
curated	DeepVirFinder	0.7032838806467745	0.9678825418674007
curated	DeepVirFinder	0.7017836306051008	0.968261269549218
curated	DeepVirFinder	0.7002833805634272	0.9681954367365753
curated	DeepVirFinder	0.6986164360726788	0.9681219681219682
curated	DeepVirFinder	0.6971161860310051	0.9680555555555556
curated	DeepVirFinder	0.6954492415402567	0.9679814385150812
curated	DeepVirFinder	0.6944490748458076	0.9686119507091374
curated	DeepVirFinder	0.6927821303550592	0.9685388021440223
curated	DeepVirFinder	0.6914485747624604	0.9687062120504437
curated	DeepVirFinder	0.6901150191698616	0.9691011235955056
curated	DeepVirFinder	0.6889481580263377	0.969505043396669
curated	DeepVirFinder	0.6874479079846642	0.9696684693157771
curated	DeepVirFinder	0.686447741290215	0.970311027332705
curated	DeepVirFinder	0.6849474912485414	0.9704770902220122
curated	DeepVirFinder	0.6836139356559426	0.9706508875739644
curated	DeepVirFinder	0.682113685614269	0.9708185053380783
curated	DeepVirFinder	0.6807801300216703	0.9714557564224549
curated	DeepVirFinder	0.678946491081847	0.971380872883377
curated	DeepVirFinder	0.6772795465910986	0.9713124551757112
curated	DeepVirFinder	0.6757792965494249	0.971483345315121
curated	DeepVirFinder	0.6742790465077513	0.9714217098943324
curated	DeepVirFinder	0.6726121020170028	0.9713529128550794
curated	DeepVirFinder	0.6712785464244041	0.9715319662243667
curated	DeepVirFinder	0.6697782963827305	0.9717049576783555
curated	DeepVirFinder	0.6684447407901317	0.971885603490063
curated	DeepVirFinder	0.6669444907484581	0.9720602526724975
curated	DeepVirFinder	0.6656109351558593	0.9722425127830533
curated	DeepVirFinder	0.6641106851141857	0.9724188430558945
curated	DeepVirFinder	0.662610435072512	0.9723581213307241
curated	DeepVirFinder	0.6607767961326888	0.9722835418199657
curated	DeepVirFinder	0.6592765460910152	0.9722222222222222
curated	DeepVirFinder	0.6582763793965661	0.9731394775751602
curated	DeepVirFinder	0.6567761293548925	0.9730797727834033
curated	DeepVirFinder	0.6552758793132188	0.9732607080960634
curated	DeepVirFinder	0.6537756292715453	0.9732009925558313
curated	DeepVirFinder	0.6524420736789465	0.9736318407960199
curated	DeepVirFinder	0.6511085180863477	0.9738219895287958
curated	DeepVirFinder	0.649774962493749	0.9742564358910273
curated	DeepVirFinder	0.6482747124520754	0.9741983967935872
curated	DeepVirFinder	0.6467744624104017	0.9743847312908086
curated	DeepVirFinder	0.645440906817803	0.9745784042285427
curated	DeepVirFinder	0.644274045674279	0.9752712591471108
curated	DeepVirFinder	0.6427737956326054	0.9752149721800708
curated	DeepVirFinder	0.6412735455909319	0.9754056795131846
curated	DeepVirFinder	0.6397732955492582	0.9753494282083863
curated	DeepVirFinder	0.6384397399566595	0.975796178343949
curated	DeepVirFinder	0.6369394899149858	0.9757405515832482
curated	DeepVirFinder	0.6352725454242374	0.9756784434203789
curated	DeepVirFinder	0.6342723787297883	0.9763920964844752
curated	DeepVirFinder	0.6329388231371895	0.9768458965783381
curated	DeepVirFinder	0.6317719619936656	0.9773078906652913
curated	DeepVirFinder	0.630271711951992	0.9775077559462254
curated	DeepVirFinder	0.6289381563593932	0.9777144337911376
curated	DeepVirFinder	0.6272712118686448	0.9776565341647181
curated	DeepVirFinder	0.6264377396232705	0.9786458333333333
curated	DeepVirFinder	0.6247707951325221	0.9785900783289817
curated	DeepVirFinder	0.6234372395399234	0.9788013609002879
curated	DeepVirFinder	0.6219369894982497	0.9790081343479402
curated	DeepVirFinder	0.6202700450075013	0.9789529071297027
curated	DeepVirFinder	0.6186031005167528	0.9788973885518333
curated	DeepVirFinder	0.617269544924154	0.979111581173982
curated	DeepVirFinder	0.6156026004334055	0.9790562036055143
curated	DeepVirFinder	0.6142690448408068	0.9792718575604571
curated	DeepVirFinder	0.6127687947991332	0.9794830802025046
curated	DeepVirFinder	0.6114352392065344	0.9797008547008547
curated	DeepVirFinder	0.6099349891648608	0.9799143010176754
curated	DeepVirFinder	0.6084347391231872	0.9798657718120806
curated	DeepVirFinder	0.6072678779796633	0.9806191117092867
curated	DeepVirFinder	0.6061010168361394	0.9811117107393416
curated	DeepVirFinder	0.6044340723453909	0.9810606060606061
curated	DeepVirFinder	0.6029338223037173	0.9810143748304855
curated	DeepVirFinder	0.6012668778129688	0.9809627413652434
curated	DeepVirFinder	0.5997666277712952	0.9809160305343512
curated	DeepVirFinder	0.5984330721786965	0.9814106068890104
curated	DeepVirFinder	0.5970995165860977	0.9816388051520964
curated	DeepVirFinder	0.5954325720953493	0.9815883484473756
curated	DeepVirFinder	0.5939323220536756	0.9815426997245179
curated	DeepVirFinder	0.592432072012002	0.981767955801105
curated	DeepVirFinder	0.5909318219703283	0.9817225145389089
curated	DeepVirFinder	0.5894315719286548	0.9819494584837545
curated	DeepVirFinder	0.5879313218869812	0.9819042316258352
curated	DeepVirFinder	0.5862643773962327	0.9818537130094919
curated	DeepVirFinder	0.5847641273545591	0.9818080044780296
curated	DeepVirFinder	0.5830971828638106	0.9820325659741718
curated	DeepVirFinder	0.581596932822137	0.9819870531944835
curated	DeepVirFinder	0.5799299883313885	0.9819362122495061
curated	DeepVirFinder	0.578429738289715	0.9818902093944539
curated	DeepVirFinder	0.5769294882480414	0.9821225879682179
curated	DeepVirFinder	0.5755959326554426	0.9823613086770981
curated	DeepVirFinder	0.574095682613769	0.9825962910128389
curated	DeepVirFinder	0.5724287381230205	0.9828277046365197
curated	DeepVirFinder	0.5709284880813469	0.9830654420206659
curated	DeepVirFinder	0.5694282380396732	0.9830215827338129
curated	DeepVirFinder	0.5677612935489248	0.983256351039261
curated	DeepVirFinder	0.5664277379563261	0.9835021707670043
curated	DeepVirFinder	0.5647607934655776	0.9834542815674892
curated	DeepVirFinder	0.5635939323220537	0.9839930151338766
curated	DeepVirFinder	0.56209368228038	0.9842381786339754
curated	DeepVirFinder	0.5605934322387065	0.9841966637401229
curated	DeepVirFinder	0.5587597932988831	0.9841456253669995
curated	DeepVirFinder	0.5572595432572095	0.9841036208419194
curated	DeepVirFinder	0.555759293215536	0.984351933864777
curated	DeepVirFinder	0.5544257376229371	0.9846062759029012
curated	DeepVirFinder	0.5525920986831139	0.9845559845559846
curated	DeepVirFinder	0.5509251541923654	0.9845099791480488
curated	DeepVirFinder	0.5494249041506918	0.9847624738571855
curated	DeepVirFinder	0.5479246541090181	0.9847213900539245
curated	DeepVirFinder	0.5464244040673446	0.9849759615384616
curated	DeepVirFinder	0.5452575429238207	0.9855378125941548
curated	DeepVirFinder	0.5435905984330722	0.985494106980961
curated	DeepVirFinder	0.5420903483913986	0.985753258563201
curated	DeepVirFinder	0.5404234039006501	0.9857099422316814
curated	DeepVirFinder	0.5389231538589765	0.9856707317073171
curated	DeepVirFinder	0.5370895149191532	0.9856225145304375
curated	DeepVirFinder	0.5355892648774796	0.9855828220858895
curated	DeepVirFinder	0.534089014835806	0.9858461538461538
curated	DeepVirFinder	0.5325887647941323	0.9861111111111112
curated	DeepVirFinder	0.5309218203033839	0.9860681114551083
curated	DeepVirFinder	0.5294215702617103	0.9860291834833903
curated	DeepVirFinder	0.5279213202200367	0.9862971037060105
curated	DeepVirFinder	0.526421070178363	0.9862585883822611
curated	DeepVirFinder	0.5249208201366895	0.9865288220551378
curated	DeepVirFinder	0.5235872645440907	0.9868049010367578
curated	DeepVirFinder	0.5220870145024171	0.987078474629688
curated	DeepVirFinder	0.5205867644607435	0.9870417193426043
curated	DeepVirFinder	0.5195865977662943	0.9882688649334179
curated	DeepVirFinder	0.5180863477246208	0.9882352941176471
curated	DeepVirFinder	0.5164194032338724	0.9881977671451355
curated	DeepVirFinder	0.5150858476412735	0.9884836852207294
curated	DeepVirFinder	0.5139189864977496	0.9894094993581515
curated	DeepVirFinder	0.512418736456076	0.9893788220148053
curated	DeepVirFinder	0.5107517919653276	0.9893445269615757
curated	DeepVirFinder	0.5089181530255042	0.9893065456902139
curated	DeepVirFinder	0.5072512085347558	0.9895934959349594
curated	DeepVirFinder	0.5052508751458576	0.989552726085537
curated	DeepVirFinder	0.5034172362060343	0.9895150720838795
curated	DeepVirFinder	0.5017502917152858	0.9894806048652203
curated	DeepVirFinder	0.4999166527754626	0.9894424282415044
curated	DeepVirFinder	0.4982497082847141	0.9894074809665674
curated	DeepVirFinder	0.4967494582430405	0.9897044171371637
curated	DeepVirFinder	0.4952492082013669	0.9896735509660226
curated	DeepVirFinder	0.49391565260876813	0.9903074866310161
curated	DeepVirFinder	0.49258209701616934	0.9909456740442656
curated	DeepVirFinder	0.49108184697449575	0.9912516823687753
curated	DeepVirFinder	0.48958159693282216	0.9912251096861289
curated	DeepVirFinder	0.48791465244207366	0.9911953945140535
curated	DeepVirFinder	0.4859143190531755	0.9911594695681741
curated	DeepVirFinder	0.4839139856642774	0.9911232502560601
curated	DeepVirFinder	0.48241373562260376	0.9914354230900994
curated	DeepVirFinder	0.4804134022337056	0.9914000687994496
curated	DeepVirFinder	0.4785797632938823	0.9913674033149171
curated	DeepVirFinder	0.47607934655775963	0.9913224574800417
curated	DeepVirFinder	0.47424570761793633	0.9912891986062717
curated	DeepVirFinder	0.4722453742290382	0.9912526242127362
curated	DeepVirFinder	0.47007834639106516	0.9912126537785588
curated	DeepVirFinder	0.46824470745124186	0.9911785462244178
curated	DeepVirFinder	0.4665777629604934	0.9911473087818697
curated	DeepVirFinder	0.4644107351225204	0.9911063678406261
curated	DeepVirFinder	0.4625770961826971	0.9910714285714286
curated	DeepVirFinder	0.46091015169194866	0.9913947651487989
curated	DeepVirFinder	0.45907651275212535	0.9913606911447084
curated	DeepVirFinder	0.45724287381230205	0.9913263462233466
curated	DeepVirFinder	0.45574262377062846	0.9912980420594634
curated	DeepVirFinder	0.4537422903817303	0.9912600145666424
curated	DeepVirFinder	0.45224204034005666	0.9912312751187432
curated	DeepVirFinder	0.4502417069511585	0.9911926605504587
curated	DeepVirFinder	0.4487414569094849	0.9911634756995582
curated	DeepVirFinder	0.44674112352058676	0.9911242603550295
curated	DeepVirFinder	0.4450741790298383	0.9910913140311804
curated	DeepVirFinder	0.44274045674279044	0.991044776119403
curated	DeepVirFinder	0.44124020670111685	0.9910146012729315
curated	DeepVirFinder	0.4392398733122187	0.9909740503948853
curated	DeepVirFinder	0.4374062343723954	0.9913109180204005
curated	DeepVirFinder	0.4352392065344224	0.9912680334092635
curated	DeepVirFinder	0.43357226204367394	0.991234756097561
curated	DeepVirFinder	0.4319053175529255	0.9915805587447378
curated	DeepVirFinder	0.42990498416402734	0.9915417147251058
curated	DeepVirFinder	0.42807134522420404	0.9918887601390498
curated	DeepVirFinder	0.4260710118353059	0.9918509895227008
curated	DeepVirFinder	0.42440406734455743	0.991819244253993
curated	DeepVirFinder	0.4224037339556593	0.9917808219178083
curated	DeepVirFinder	0.4204034005667611	0.9917420369642155
curated	DeepVirFinder	0.41790298383063845	0.9916930379746836
curated	DeepVirFinder	0.41573595599266544	0.9916500994035785
curated	DeepVirFinder	0.41356892815469243	0.9916067146282974
curated	DeepVirFinder	0.411901983663944	0.9915730337078652
curated	DeepVirFinder	0.4100683447241207	0.9915356711003628
curated	DeepVirFinder	0.407567927987998	0.9914841849148418
curated	DeepVirFinder	0.40590098349724957	0.9918533604887984
curated	DeepVirFinder	0.40373395565927656	0.9918099918099919
curated	DeepVirFinder	0.40190031671945325	0.9917729329494035
curated	DeepVirFinder	0.39939989998333053	0.9917218543046358
curated	DeepVirFinder	0.39756626104350723	0.9916839916839917
curated	DeepVirFinder	0.3953992332055343	0.9916387959866221
curated	DeepVirFinder	0.39323220536756126	0.9915931063472047
curated	DeepVirFinder	0.3908984830805134	0.9919627749576988
curated	DeepVirFinder	0.38873145524254044	0.9919183326244151
curated	DeepVirFinder	0.38639773295549257	0.991869918699187
curated	DeepVirFinder	0.38456409401566927	0.9918314703353397
curated	DeepVirFinder	0.3817302883813969	0.9922010398613518
curated	DeepVirFinder	0.37906317719619936	0.9930131004366812
curated	DeepVirFinder	0.37639606601100184	0.9929639401934917
curated	DeepVirFinder	0.37389564927487917	0.9929172200088535
curated	DeepVirFinder	0.3712285380896816	0.992866696388765
curated	DeepVirFinder	0.3683947324554092	0.9941520467836257
curated	DeepVirFinder	0.36489414902483747	0.9940962761126249
curated	DeepVirFinder	0.3623937322887148	0.994055784179241
curated	DeepVirFinder	0.35822637106184363	0.994447015270708
curated	DeepVirFinder	0.3547257876312719	0.994392523364486
curated	DeepVirFinder	0.35205867644607436	0.9943502824858758
curated	DeepVirFinder	0.3490581763627271	0.9943019943019943
curated	DeepVirFinder	0.34405734289048173	0.9946987951807229
curated	DeepVirFinder	0.3402233705617603	0.9946393762183235
curated	DeepVirFinder	0.3358893148858143	0.9950617283950617
curated	DeepVirFinder	0.33255542590431736	0.9950124688279302
curated	DeepVirFinder	0.32888814802467076	0.9949571356530509
curated	DeepVirFinder	0.32438739789964993	0.9948875255623721
curated	DeepVirFinder	0.3180530088348058	0.9947862356621481
curated	DeepVirFinder	0.31238539756626105	0.9952203929899097
curated	DeepVirFinder	0.30655109184864143	0.9956686518678939
curated	DeepVirFinder	0.29821636939489915	0.9961024498886414
curated	DeepVirFinder	0.2888814802467078	0.9965497412305923
curated	DeepVirFinder	0.27887981330221706	0.9970202622169249
curated	DeepVirFinder	0.26071011835305885	0.998085513720485
curated	DeepVirFinder	0.0	1.0
curated	contrast	1.0	0.42877564148381103
curated	contrast	1.0	0.4289595995709689
curated	contrast	1.0	0.42917441694090713
curated	contrast	1.0	0.42938944957411784
curated	contrast	1.0	0.42960469779432825
curated	contrast	1.0	0.4298201619259153
curated	contrast	1.0	0.4300358422939068
curated	contrast	0.9998333055509252	0.43018001864734995
curated	contrast	0.9998333055509252	0.430426982418371
curated	contrast	0.9998333055509252	0.4306433084434233
curated	contrast	0.9998333055509252	0.43085985202212485
curated	contrast	0.9998333055509252	0.43107661348282306
curated	contrast	0.9998333055509252	0.4312935931545265
curated	contrast	0.9998333055509252	0.43151079136690645
curated	contrast	0.9998333055509252	0.4317282084502987
curated	contrast	0.9998333055509252	0.43197695354699317
curated	contrast	0.9996666111018503	0.43218506774286536
curated	contrast	0.9996666111018503	0.43240320138438243
curated	contrast	0.9996666111018503	0.43262155533112107
curated	contrast	0.9996666111018503	0.4328401299169975
curated	contrast	0.9996666111018503	0.4330902000433307
curated	contrast	0.9996666111018503	0.4333092485549133
curated	contrast	0.9996666111018503	0.43355986119144013
curated	contrast	0.9996666111018503	0.4337793851717902
curated	contrast	0.9996666111018503	0.4339991315675206
curated	contrast	0.9996666111018503	0.4342505430847212
curated	contrast	0.9994999166527755	0.43442979278365457
curated	contrast	0.9994999166527755	0.434650235592606
curated	contrast	0.9993332222037006	0.4348299122361645
curated	contrast	0.9993332222037006	0.4350507982583454
curated	contrast	0.9993332222037006	0.4352719088070863
curated	contrast	0.9993332222037006	0.43549324422490193
curated	contrast	0.9993332222037006	0.435714804855004
curated	contrast	0.9991665277546258	0.43589557123118317
curated	contrast	0.9991665277546258	0.43618105079318875
curated	contrast	0.9991665277546258	0.43640334910811795
curated	contrast	0.9991665277546258	0.4366258741258741
curated	contrast	0.9991665277546258	0.4368486261934261
curated	contrast	0.9991665277546258	0.4370716056584512
curated	contrast	0.9991665277546258	0.4373586282378694
curated	contrast	0.9991665277546258	0.4375821287779238
curated	contrast	0.9991665277546258	0.4378058578628296
curated	contrast	0.9991665277546258	0.43812586799210584
curated	contrast	0.9991665277546258	0.43838221312074893
curated	contrast	0.9991665277546258	0.43867096018735363
curated	contrast	0.9991665277546258	0.4389600878798975
curated	contrast	0.9991665277546258	0.4392174104198725
curated	contrast	0.9991665277546258	0.43947503482660016
curated	contrast	0.9991665277546258	0.43976522377109317
curated	contrast	0.9991665277546258	0.44002349141095287
curated	contrast	0.9991665277546258	0.4402820625826355
curated	contrast	0.9991665277546258	0.4405085617696774
curated	contrast	0.9991665277546258	0.44076770350761085
curated	contrast	0.9991665277546258	0.4410596026490066
curated	contrast	0.9991665277546258	0.4413193933146812
curated	contrast	0.998999833305551	0.44157088122605365
curated	contrast	0.998999833305551	0.44179874677478803
curated	contrast	0.998999833305551	0.4421899210506899
curated	contrast	0.998999833305551	0.44251642915159123
curated	contrast	0.998999833305551	0.4428106989803458
curated	contrast	0.998999833305551	0.443039846233459
curated	contrast	0.998999833305551	0.4433348128421364
curated	contrast	0.998999833305551	0.44356450299755756
curated	contrast	0.998999833305551	0.44386016886387203
curated	contrast	0.998999833305551	0.44418914912540763
curated	contrast	0.998999833305551	0.4444197256210604
curated	contrast	0.9988331388564761	0.44470832714858244
curated	contrast	0.9988331388564761	0.4451047392660823
curated	contrast	0.9988331388564761	0.445369406867846
curated	contrast	0.9988331388564761	0.4457006843201428
curated	contrast	0.9986664444074013	0.44595801697186244
curated	contrast	0.9986664444074013	0.44622374497244155
curated	contrast	0.9986664444074013	0.4464897898345506
curated	contrast	0.9986664444074013	0.44675615212527964
curated	contrast	0.9986664444074013	0.4471562919838782
curated	contrast	0.9984997499583264	0.44744901770374246
curated	contrast	0.9984997499583264	0.4482190960790183
curated	contrast	0.9984997499583264	0.44848757112908055
curated	contrast	0.9983330555092516	0.4487823154739603
curated	contrast	0.9983330555092516	0.4490515108345205
curated	contrast	0.9983330555092516	0.4493210293345337
curated	contrast	0.9983330555092516	0.4499962431437373
curated	contrast	0.9983330555092516	0.45030075187969926
curated	contrast	0.9983330555092516	0.4505717724947337
curated	contrast	0.9983330555092516	0.45094495896393344
curated	contrast	0.9983330555092516	0.4512167558200859
curated	contrast	0.9983330555092516	0.45155696297971804
curated	contrast	0.9983330555092516	0.4525464712105184
curated	contrast	0.9983330555092516	0.4528886872353297
curated	contrast	0.9983330555092516	0.45326572315144176
curated	contrast	0.9983330555092516	0.45357467434110876
curated	contrast	0.9983330555092516	0.4542627427184466
curated	contrast	0.9983330555092516	0.45536800486618007
curated	contrast	0.9983330555092516	0.4558185554456199
curated	contrast	0.9983330555092516	0.4560962607569873
curated	contrast	0.9983330555092516	0.45644386860757563
curated	contrast	0.9983330555092516	0.45672233661252193
curated	contrast	0.9983330555092516	0.45707089979394033
curated	contrast	0.9983330555092516	0.4574199954173986
curated	contrast	0.9983330555092516	0.45780461703103503
curated	contrast	0.9983330555092516	0.45836522271544466
curated	contrast	0.9983330555092516	0.458681167190013
curated	contrast	0.9983330555092516	0.4590679135367162
curated	contrast	0.9983330555092516	0.45938482779780626
curated	contrast	0.9983330555092516	0.45984336609336607
curated	contrast	0.9983330555092516	0.46019671123405564
curated	contrast	0.9983330555092516	0.46047977856373984
curated	contrast	0.9983330555092516	0.4608341028008618
curated	contrast	0.9983330555092516	0.4611534611534612
curated	contrast	0.9983330555092516	0.46140215716486904
curated	contrast	0.9983330555092516	0.4617579028527371
curated	contrast	0.9983330555092516	0.4620785433222745
curated	contrast	0.9983330555092516	0.4624353331789051
curated	contrast	0.9983330555092516	0.4627211620180793
curated	contrast	0.9983330555092516	0.46307894533364263
curated	contrast	0.9983330555092516	0.4634731465717381
curated	contrast	0.9983330555092516	0.4637602601827474
curated	contrast	0.9983330555092516	0.46411965282083073
curated	contrast	0.9983330555092516	0.4644435827840248
curated	contrast	0.9983330555092516	0.46480403570042683
curated	contrast	0.9983330555092516	0.4650928011182729
curated	contrast	0.9983330555092516	0.4655990048977688
curated	contrast	0.9983330555092516	0.46596125418190304
curated	contrast	0.9983330555092516	0.4662514597119502
curated	contrast	0.9983330555092516	0.4666874464271799
curated	contrast	0.9983330555092516	0.4669421487603306
curated	contrast	0.9983330555092516	0.4674523883858882
curated	contrast	0.9983330555092516	0.46781752851117014
curated	contrast	0.9983330555092516	0.46814664269522394
curated	contrast	0.9983330555092516	0.4685128686536807
curated	contrast	0.9983330555092516	0.4687328793926587
curated	contrast	0.9983330555092516	0.4692102789094328
curated	contrast	0.9983330555092516	0.4695045468798997
curated	contrast	0.9983330555092516	0.46994664155681104
curated	contrast	0.9983330555092516	0.4704634721131186
curated	contrast	0.9983330555092516	0.4708333333333333
curated	contrast	0.9983330555092516	0.4713521171100268
curated	contrast	0.9983330555092516	0.47168622509254154
curated	contrast	0.9983330555092516	0.47213243988963344
curated	contrast	0.9983330555092516	0.47261679292929293
curated	contrast	0.9983330555092516	0.4731395165112972
curated	contrast	0.9983330555092516	0.4734761641236461
curated	contrast	0.9981663610601766	0.4736967012103473
curated	contrast	0.9981663610601766	0.474034198860038
curated	contrast	0.9981663610601766	0.474372177770736
curated	contrast	0.9981663610601766	0.4746730083234245
curated	contrast	0.9981663610601766	0.47504958349861165
curated	contrast	0.9979996666111018	0.4754228539664893
curated	contrast	0.9979996666111018	0.47576287349014623
curated	contrast	0.9979996666111018	0.47621699013681196
curated	contrast	0.9979996666111018	0.47648229208117787
curated	contrast	0.997832972162027	0.47685812156456625
curated	contrast	0.997832972162027	0.477314408739335
curated	contrast	0.997832972162027	0.47765719757421005
curated	contrast	0.997832972162027	0.4780386519725284
curated	contrast	0.997832972162027	0.4786119772927161
curated	contrast	0.997832972162027	0.47888
curated	contrast	0.997832972162027	0.4792250420302618
curated	contrast	0.997832972162027	0.4796858722654059
curated	contrast	0.997832972162027	0.4801861062088882
curated	contrast	0.997832972162027	0.48061019670814936
curated	contrast	0.997832972162027	0.48095773742567893
curated	contrast	0.997832972162027	0.4813057811369301
curated	contrast	0.997832972162027	0.48169308763176955
curated	contrast	0.997832972162027	0.4819645732689211
curated	contrast	0.997832972162027	0.48231407622270567
curated	contrast	0.997832972162027	0.48262517132951704
curated	contrast	0.997832972162027	0.4830146050189623
curated	contrast	0.997832972162027	0.4834827558355545
curated	contrast	0.9976662777129521	0.4841057995632128
curated	contrast	0.9976662777129521	0.4846938775510204
curated	contrast	0.9974995832638773	0.48516296416409926
curated	contrast	0.9974995832638773	0.48563544879078074
curated	contrast	0.9974995832638773	0.4862273502884537
curated	contrast	0.9974995832638773	0.4867414999186595
curated	contrast	0.9974995832638773	0.48733610228845997
curated	contrast	0.9974995832638773	0.48769356153219234
curated	contrast	0.9974995832638773	0.48805154555093383
curated	contrast	0.9974995832638773	0.48848979591836733
curated	contrast	0.9973328888148024	0.4890069472823866
curated	contrast	0.9973328888148024	0.48936692295108786
curated	contrast	0.9973328888148024	0.48980761358984853
curated	contrast	0.9973328888148024	0.49016876945764376
curated	contrast	0.9973328888148024	0.49065113990487125
curated	contrast	0.9973328888148024	0.49097324798949615
curated	contrast	0.9973328888148024	0.49129577927410084
curated	contrast	0.9973328888148024	0.4918207973695027
curated	contrast	0.9973328888148024	0.4923469387755102
curated	contrast	0.9973328888148024	0.49279301540235565
curated	contrast	0.9973328888148024	0.49328056723555114
curated	contrast	0.9973328888148024	0.49385059843169626
curated	contrast	0.9973328888148024	0.4942177432678011
curated	contrast	0.9973328888148024	0.49458543440522446
curated	contrast	0.9973328888148024	0.49503557835512163
curated	contrast	0.9973328888148024	0.49577394763009613
curated	contrast	0.9973328888148024	0.4962674187126742
curated	contrast	0.9973328888148024	0.4968443780102973
curated	contrast	0.9973328888148024	0.4973399833748961
curated	contrast	0.9971661943657276	0.4981264051961029
curated	contrast	0.9971661943657276	0.498624656164041
curated	contrast	0.9971661943657276	0.49904062734629184
curated	contrast	0.9971661943657276	0.49945729314519494
curated	contrast	0.9971661943657276	0.5
curated	contrast	0.9971661943657276	0.5006276675872458
curated	contrast	0.9971661943657276	0.5010050251256282
curated	contrast	0.9971661943657276	0.5016352201257862
curated	contrast	0.9971661943657276	0.5020562316407889
curated	contrast	0.9971661943657276	0.5024779504409912
curated	contrast	0.9971661943657276	0.5032811711256941
curated	contrast	0.9971661943657276	0.5038322243746315
curated	contrast	0.9971661943657276	0.5045121025554524
curated	contrast	0.9971661943657276	0.5050232165470663
curated	contrast	0.9971661943657276	0.506134190709874
curated	contrast	0.9971661943657276	0.5067773636055575
curated	contrast	0.9971661943657276	0.5081549439347605
curated	contrast	0.9971661943657276	0.5088032661393213
curated	contrast	0.9971661943657276	0.5092797548101481
curated	contrast	0.9971661943657276	0.5097137014314929
curated	contrast	0.9969994999166528	0.510193636441184
curated	contrast	0.9969994999166528	0.5106292154016905
curated	contrast	0.9969994999166528	0.5110218728639782
curated	contrast	0.9969994999166528	0.5116776456497562
curated	contrast	0.9969994999166528	0.5122034769204419
curated	contrast	0.9969994999166528	0.5128622877722517
curated	contrast	0.9969994999166528	0.5132583883978374
curated	contrast	0.9969994999166528	0.5136551013397458
curated	contrast	0.9969994999166528	0.5139640800893701
curated	contrast	0.9969994999166528	0.5144061236776468
curated	contrast	0.9969994999166528	0.5148932506887053
curated	contrast	0.9969994999166528	0.515336894709633
curated	contrast	0.9969994999166528	0.5160928466649409
curated	contrast	0.9969994999166528	0.5164493567049477
curated	contrast	0.9969994999166528	0.5169403630077788
curated	contrast	0.9968328054675779	0.5173905519986157
curated	contrast	0.9968328054675779	0.5179282868525896
curated	contrast	0.9968328054675779	0.51851209572531
curated	contrast	0.9968328054675779	0.5191422866568278
curated	contrast	0.9968328054675779	0.5197288371284547
curated	contrast	0.9968328054675779	0.5200904505131327
curated	contrast	0.9966661110185031	0.5206827484106941
curated	contrast	0.9966661110185031	0.5211365815392661
curated	contrast	0.9966661110185031	0.5215912064904475
curated	contrast	0.9964994165694282	0.5218681798341336
curated	contrast	0.9964994165694282	0.5222785252489953
curated	contrast	0.9964994165694282	0.5231011550577529
curated	contrast	0.9964994165694282	0.5235134425081005
curated	contrast	0.9964994165694282	0.5241560718982903
curated	contrast	0.9964994165694282	0.5245700245700246
curated	contrast	0.9964994165694282	0.5252152521525215
curated	contrast	0.9964994165694282	0.5259546014428998
curated	contrast	0.9964994165694282	0.5264177527298345
curated	contrast	0.9964994165694282	0.5269746121297603
curated	contrast	0.9964994165694282	0.5277189265536724
curated	contrast	0.9964994165694282	0.5281385281385281
curated	contrast	0.9964994165694282	0.5288393489030432
curated	contrast	0.9964994165694282	0.5294013460857244
curated	contrast	0.9964994165694282	0.5300585210143642
curated	contrast	0.9964994165694282	0.5305760184609922
curated	contrast	0.9964994165694282	0.531047348316603
curated	contrast	0.9964994165694282	0.5314722617354196
curated	contrast	0.9964994165694282	0.5322767340397115
curated	contrast	0.9964994165694282	0.5332738626226583
curated	contrast	0.9964994165694282	0.5343224883804076
curated	contrast	0.9964994165694282	0.5347048300536673
curated	contrast	0.9964994165694282	0.5352793696275072
curated	contrast	0.9964994165694282	0.5357590966122961
curated	contrast	0.9964994165694282	0.5362877904368889
curated	contrast	0.9964994165694282	0.5367693274670019
curated	contrast	0.9964994165694282	0.5374449339207048
curated	contrast	0.9964994165694282	0.5381222432262129
curated	contrast	0.9964994165694282	0.538801261829653
curated	contrast	0.9964994165694282	0.5393359797906893
curated	contrast	0.9964994165694282	0.5402132658593891
curated	contrast	0.9964994165694282	0.5406529800126617
curated	contrast	0.9964994165694282	0.541191381495564
curated	contrast	0.9964994165694282	0.5417799528729382
curated	contrast	0.9964994165694282	0.5424190182379095
curated	contrast	0.9964994165694282	0.542862332001453
curated	contrast	0.9964994165694282	0.5435533733406074
curated	contrast	0.9963327221203534	0.5440065531992354
curated	contrast	0.9963327221203534	0.5446509932567888
curated	contrast	0.9963327221203534	0.545296961956026
curated	contrast	0.9963327221203534	0.5459943363478579
curated	contrast	0.9963327221203534	0.5466934967529498
curated	contrast	0.9963327221203534	0.5471939943239037
curated	contrast	0.9963327221203534	0.5480469466348799
curated	contrast	0.9963327221203534	0.5486002753556677
curated	contrast	0.9963327221203534	0.5490033985487278
curated	contrast	0.9963327221203534	0.5496091954022988
curated	contrast	0.9963327221203534	0.5502163306637209
curated	contrast	0.9963327221203534	0.5507233023127246
curated	contrast	0.9963327221203534	0.5513837638376384
curated	contrast	0.9963327221203534	0.5519948282231252
curated	contrast	0.9963327221203534	0.5529139685476411
curated	contrast	0.9963327221203534	0.5533746875289325
curated	contrast	0.9963327221203534	0.5537848605577689
curated	contrast	0.9963327221203534	0.5542470326409495
curated	contrast	0.9963327221203534	0.55512213244172
curated	contrast	0.9963327221203534	0.5556898475269617
curated	contrast	0.9963327221203534	0.5562069607295738
curated	contrast	0.9963327221203534	0.5572440798060787
curated	contrast	0.9963327221203534	0.5578682098189285
curated	contrast	0.9961660276712786	0.55855687447425
curated	contrast	0.9961660276712786	0.5590794274487791
curated	contrast	0.9961660276712786	0.5600224908630869
curated	contrast	0.9961660276712786	0.5604952166572875
curated	contrast	0.9961660276712786	0.5611267605633803
curated	contrast	0.9961660276712786	0.5622353937341237
curated	contrast	0.9961660276712786	0.5629238884702336
curated	contrast	0.9961660276712786	0.5636672325976231
curated	contrast	0.9961660276712786	0.564785937056989
curated	contrast	0.9959993332222037	0.565279091769158
curated	contrast	0.9959993332222037	0.5660287987874195
curated	contrast	0.9959993332222037	0.5665655224729755
curated	contrast	0.9959993332222037	0.5671570953962981
curated	contrast	0.9959993332222037	0.5677499049790954
curated	contrast	0.9959993332222037	0.5684520978023023
curated	contrast	0.9959993332222037	0.5714968914395027
curated	contrast	0.9959993332222037	0.5722083891974717
curated	contrast	0.9959993332222037	0.5728118109481354
curated	contrast	0.9959993332222037	0.5735265885966596
curated	contrast	0.9959993332222037	0.5744639938467455
curated	contrast	0.9959993332222037	0.5750168414974497
curated	contrast	0.9959993332222037	0.5756816649002794
curated	contrast	0.9959993332222037	0.5763480273946175
curated	contrast	0.9959993332222037	0.5769045090277107
curated	contrast	0.9959993332222037	0.577908888673953
curated	contrast	0.9958326387731289	0.5784275755228505
curated	contrast	0.9958326387731289	0.5791004265219077
curated	contrast	0.9958326387731289	0.579718583212033
curated	contrast	0.9958326387731289	0.5802253302253302
curated	contrast	0.9958326387731289	0.5811849401692771
curated	contrast	0.9958326387731289	0.5824315101881642
curated	contrast	0.9958326387731289	0.5831137140068327
curated	contrast	0.9958326387731289	0.5843114241001565
curated	contrast	0.9958326387731289	0.5848834932445662
curated	contrast	0.9958326387731289	0.5855714565771417
curated	contrast	0.995665944324054	0.5862204338011581
curated	contrast	0.995665944324054	0.5869693396226415
curated	contrast	0.995665944324054	0.5877779964573903
curated	contrast	0.995665944324054	0.5882990249187432
curated	contrast	0.995665944324054	0.5891113522043594
curated	contrast	0.995665944324054	0.5901590751901986
curated	contrast	0.995665944324054	0.5907427554148946
curated	contrast	0.995665944324054	0.5916790490341753
curated	contrast	0.995665944324054	0.5923244744149148
curated	contrast	0.995665944324054	0.5934426229508196
curated	contrast	0.995665944324054	0.5942692269425928
curated	contrast	0.995665944324054	0.5951574332403348
curated	contrast	0.995665944324054	0.5961672821638886
curated	contrast	0.995665944324054	0.5970014992503748
curated	contrast	0.995665944324054	0.5979577535288818
curated	contrast	0.995665944324054	0.5986169573060733
curated	contrast	0.995665944324054	0.5992174959871589
curated	contrast	0.995665944324054	0.6001205666633176
curated	contrast	0.995665944324054	0.6009658919408392
curated	contrast	0.995665944324054	0.6016923541855546
curated	contrast	0.995665944324054	0.6024205748865356
curated	contrast	0.995665944324054	0.6030287733467945
curated	contrast	0.995665944324054	0.6044934723206153
curated	contrast	0.995665944324054	0.6054738976178409
curated	contrast	0.995665944324054	0.6060882800608828
curated	contrast	0.995665944324054	0.6067655424624137
curated	contrast	0.995665944324054	0.6080008143322475
curated	contrast	0.995665944324054	0.6091168672241485
curated	contrast	0.995665944324054	0.6098631815397182
curated	contrast	0.995665944324054	0.6103617412630288
curated	contrast	0.995665944324054	0.6114238919029583
curated	contrast	0.995665944324054	0.6123013839056894
curated	contrast	0.995665944324054	0.6128039396737458
curated	contrast	0.995665944324054	0.6136223546332443
curated	contrast	0.995665944324054	0.6145694001440477
curated	contrast	0.995665944324054	0.6155193734542457
curated	contrast	0.995665944324054	0.61672689726381
curated	contrast	0.995665944324054	0.6172367469257001
curated	contrast	0.995665944324054	0.6181310152126669
curated	contrast	0.9954992498749792	0.618860103626943
curated	contrast	0.9954992498749792	0.6197592361975923
curated	contrast	0.9953325554259043	0.6204925698846514
curated	contrast	0.9953325554259043	0.6215906724963565
curated	contrast	0.9953325554259043	0.6221735959153902
curated	contrast	0.9953325554259043	0.6231475683573366
curated	contrast	0.9951658609768295	0.6238244514106583
curated	contrast	0.9951658609768295	0.6252618349392542
curated	contrast	0.9951658609768295	0.6259173830991822
curated	contrast	0.9951658609768295	0.626837463250735
curated	contrast	0.9951658609768295	0.627430373095113
curated	contrast	0.9951658609768295	0.62822266652636
curated	contrast	0.9951658609768295	0.6288844411671758
curated	contrast	0.9951658609768295	0.6294148655772273
curated	contrast	0.9949991665277547	0.6305725755334882
curated	contrast	0.9949991665277547	0.6314397545752671
curated	contrast	0.9949991665277547	0.6325103316732013
curated	contrast	0.9949991665277547	0.6332484617016763
curated	contrast	0.9949991665277547	0.634190395240119
curated	contrast	0.9949991665277547	0.6356762513312034
curated	contrast	0.9949991665277547	0.6366933333333333
curated	contrast	0.9949991665277547	0.6381227282446013
curated	contrast	0.9949991665277547	0.6390108125468366
curated	contrast	0.9949991665277547	0.6400386017585246
curated	contrast	0.9949991665277547	0.6415520206362855
curated	contrast	0.9949991665277547	0.6427956062890373
curated	contrast	0.9949991665277547	0.6438356164383562
curated	contrast	0.9949991665277547	0.645157803718115
curated	contrast	0.9949991665277547	0.6459257656097825
curated	contrast	0.9949991665277547	0.6467656300790985
curated	contrast	0.9949991665277547	0.6474671873305131
curated	contrast	0.9949991665277547	0.6485223815732291
curated	contrast	0.9949991665277547	0.6500762361141363
curated	contrast	0.9949991665277547	0.6509979278001963
curated	contrast	0.9948324720786798	0.652668416447944
curated	contrast	0.9948324720786798	0.6533829647470988
curated	contrast	0.9948324720786798	0.6548886206518161
curated	contrast	0.9948324720786798	0.6561125769569042
curated	contrast	0.994665777629605	0.6570862239841427
curated	contrast	0.994665777629605	0.6583186231244483
curated	contrast	0.994665777629605	0.6600663716814159
curated	contrast	0.994665777629605	0.6607241722954269
curated	contrast	0.994665777629605	0.6616766467065869
curated	contrast	0.994665777629605	0.663
curated	contrast	0.994665777629605	0.6638851802403204
curated	contrast	0.994665777629605	0.6652915598171479
curated	contrast	0.994665777629605	0.6661828737300436
curated	contrast	0.994665777629605	0.6668529280286097
curated	contrast	0.994665777629605	0.66782316731953
curated	contrast	0.994665777629605	0.6687212820800179
curated	contrast	0.994665777629605	0.6702235201617432
curated	contrast	0.994665777629605	0.6711281070745698
curated	contrast	0.994665777629605	0.6720351390922401
curated	contrast	0.994665777629605	0.67271702367531
curated	contrast	0.994665777629605	0.6734002934206071
curated	contrast	0.99449908318053	0.6742004746299017
curated	contrast	0.99449908318053	0.6748868778280543
curated	contrast	0.99449908318053	0.6761872379009407
curated	contrast	0.99449908318053	0.6777235033511303
curated	contrast	0.99449908318053	0.6787258248009101
curated	contrast	0.99449908318053	0.6815170207904958
curated	contrast	0.99449908318053	0.682530602905846
curated	contrast	0.9943323887314552	0.6835892734357094
curated	contrast	0.9943323887314552	0.6850809693350178
curated	contrast	0.9943323887314552	0.6861842862072932
curated	contrast	0.9943323887314552	0.6867372783790007
curated	contrast	0.9943323887314552	0.68800461361015
curated	contrast	0.9943323887314552	0.6885605448458963
curated	contrast	0.9941656942823804	0.6894797687861272
curated	contrast	0.9941656942823804	0.6913179552567521
curated	contrast	0.9941656942823804	0.692200557103064
curated	contrast	0.9938323053842307	0.6933364344691243
curated	contrast	0.9938323053842307	0.6941436721387821
curated	contrast	0.9938323053842307	0.6959262285514183
curated	contrast	0.9938323053842307	0.6975546975546976
curated	contrast	0.9938323053842307	0.6983717933700363
curated	contrast	0.9938323053842307	0.6999295609297957
curated	contrast	0.9938323053842307	0.7007522331922896
curated	contrast	0.9938323053842307	0.7018246027074749
curated	contrast	0.9938323053842307	0.7033148519523417
curated	contrast	0.9938323053842307	0.7048947741782927
curated	contrast	0.9938323053842307	0.7063144177230186
curated	contrast	0.9938323053842307	0.7074038917892739
curated	contrast	0.9938323053842307	0.7084125475285171
curated	contrast	0.9938323053842307	0.7096774193548387
curated	contrast	0.9936656109351558	0.7104886769964243
curated	contrast	0.9936656109351558	0.7115063260921461
curated	contrast	0.9936656109351558	0.7146625104903489
curated	contrast	0.9936656109351558	0.7158640566830792
curated	contrast	0.9936656109351558	0.7175875767425063
curated	contrast	0.993498916486081	0.7183319272026033
curated	contrast	0.9933322220370062	0.7192516596258298
curated	contrast	0.9933322220370062	0.7209921355111918
curated	contrast	0.9933322220370062	0.7216032937757326
curated	contrast	0.9933322220370062	0.7226534077128305
curated	contrast	0.9933322220370062	0.724146311824037
curated	contrast	0.9933322220370062	0.7256453969800293
curated	contrast	0.9933322220370062	0.7267073170731707
curated	contrast	0.9933322220370062	0.728128054740958
curated	contrast	0.9933322220370062	0.7297330394317904
curated	contrast	0.9933322220370062	0.7308966024776156
curated	contrast	0.9933322220370062	0.7320638820638821
curated	contrast	0.9931655275879313	0.7331118493909191
curated	contrast	0.9929988331388565	0.7353413158869275
curated	contrast	0.9929988331388565	0.7373437306597351
curated	contrast	0.9929988331388565	0.739357080799305
curated	contrast	0.9928321386897816	0.7413492656211103
curated	contrast	0.9928321386897816	0.7425508041391348
curated	contrast	0.9926654442407068	0.7435385191659383
curated	contrast	0.9926654442407068	0.745399924896733
curated	contrast	0.9926654442407068	0.7468021068472536
curated	contrast	0.9923320553425571	0.7474886991461577
curated	contrast	0.9921653608934823	0.748961872404681
curated	contrast	0.9921653608934823	0.7505674653215637
curated	contrast	0.9921653608934823	0.7518948964123294
curated	contrast	0.9921653608934823	0.7532270311313591
curated	contrast	0.9921653608934823	0.7546595663750475
curated	contrast	0.9918319719953326	0.7555555555555555
curated	contrast	0.9916652775462577	0.7572556008146639
curated	contrast	0.9916652775462577	0.7582207494264593
curated	contrast	0.9911651941990332	0.7599693251533742
curated	contrast	0.9911651941990332	0.761234156958136
curated	contrast	0.9909984997499584	0.7644335862157644
curated	contrast	0.9909984997499584	0.7670967741935484
curated	contrast	0.9908318053008834	0.7689521345407503
curated	contrast	0.9908318053008834	0.770646959678465
curated	contrast	0.9908318053008834	0.7726504614584687
curated	contrast	0.9908318053008834	0.775169535732916
curated	contrast	0.9908318053008834	0.7765874052782858
curated	contrast	0.9904984164027338	0.7777486910994764
curated	contrast	0.9904984164027338	0.7791765014424338
curated	contrast	0.9904984164027338	0.7810199789695058
curated	contrast	0.9904984164027338	0.7833882663150956
curated	contrast	0.9904984164027338	0.7848368775591071
curated	contrast	0.9901650275045841	0.7863383637807784
curated	contrast	0.9899983330555092	0.788083864118896
curated	contrast	0.9896649441573595	0.7893897088153171
curated	contrast	0.9896649441573595	0.7905459387483356
curated	contrast	0.9896649441573595	0.7921280853902601
curated	contrast	0.9896649441573595	0.7937165775401069
curated	contrast	0.9896649441573595	0.7962714592274678
curated	contrast	0.9896649441573595	0.7980911412824304
curated	contrast	0.9896649441573595	0.7989503431570448
curated	contrast	0.9896649441573595	0.8013227156161425
curated	contrast	0.9893315552592099	0.8028950216450217
curated	contrast	0.9893315552592099	0.8040915865058935
curated	contrast	0.9889981663610602	0.8052388707926167
curated	contrast	0.9886647774629105	0.8067192600652884
curated	contrast	0.9884980830138357	0.8087834151663938
curated	contrast	0.988164694115686	0.8100573927302541
curated	contrast	0.9879979996666111	0.8133662686976808
curated	contrast	0.9879979996666111	0.8154925701706109
curated	contrast	0.9874979163193865	0.8169907598951869
curated	contrast	0.9873312218703117	0.8182069346594834
curated	contrast	0.9868311385230871	0.8192637697204539
curated	contrast	0.9868311385230871	0.821423615928958
curated	contrast	0.9868311385230871	0.8227936066712995
curated	contrast	0.9866644440740123	0.8240289572601976
curated	contrast	0.9861643607267878	0.8261416003351487
curated	contrast	0.9861643607267878	0.828455398403585
curated	contrast	0.9854975829304884	0.8294051627384961
curated	contrast	0.9853308884814136	0.8311304836895388
curated	contrast	0.9853308884814136	0.8325352112676057
curated	contrast	0.9853308884814136	0.833827056002257
curated	contrast	0.9849974995832639	0.8360215053763441
curated	contrast	0.9846641106851142	0.8382290336313325
curated	contrast	0.9844974162360394	0.840352874217416
curated	contrast	0.9843307217869645	0.8418876532648988
curated	contrast	0.9841640273378897	0.8441521303974836
curated	contrast	0.9839973328888149	0.8452176403207331
curated	contrast	0.9833305550925154	0.8462200545115478
curated	contrast	0.982663777296216	0.8484455958549223
curated	contrast	0.9823303883980663	0.8504834752489536
curated	contrast	0.9821636939489915	0.852060737527115
curated	contrast	0.9821636939489915	0.8540368169299899
curated	contrast	0.9818303050508418	0.8551103368176539
curated	contrast	0.9749958326387731	0.9227007414418678
curated	contrast	0.9748291381896983	0.9240006320113762
curated	contrast	0.9746624437406234	0.9251582278481013
curated	contrast	0.9743290548424738	0.9260139416983524
curated	contrast	0.9739956659443241	0.9271659790542685
curated	contrast	0.9734955825970996	0.9281627463445645
curated	contrast	0.9726621103517253	0.9289921986944754
curated	contrast	0.9713285547591265	0.9293460925039873
curated	contrast	0.9709951658609768	0.9302139891408495
curated	contrast	0.9699949991665278	0.9313380281690141
curated	contrast	0.9689948324720786	0.9317198268953358
curated	contrast	0.9683280546757793	0.9330228075811114
curated	contrast	0.9676612768794799	0.9344816484224082
curated	contrast	0.9671611935322554	0.9353538610349831
curated	contrast	0.9661610268378062	0.9357442686470778
curated	contrast	0.9659943323887314	0.9372472909590813
curated	contrast	0.9654942490415069	0.9378238341968912
curated	contrast	0.9646607767961327	0.9382295719844358
curated	contrast	0.9641606934489082	0.938961038961039
curated	contrast	0.9631605267544591	0.9404296875
curated	contrast	0.9629938323053843	0.9417998043690903
curated	contrast	0.9624937489581596	0.9423861596213481
curated	contrast	0.9618269711618603	0.9431186662307943
curated	contrast	0.9604934155692615	0.9433529796987558
curated	contrast	0.9596599433238873	0.9443897637795275
curated	contrast	0.9586597766294382	0.9446452036793692
curated	contrast	0.9574929154859143	0.9452032252756294
curated	contrast	0.9566594432405401	0.9457811470006592
curated	contrast	0.9559926654442407	0.946994715984148
curated	contrast	0.9556592765460911	0.9482302348660271
curated	contrast	0.9546591098516419	0.9492789656887121
curated	contrast	0.9538256376062677	0.9501826635669213
curated	contrast	0.9528254709118187	0.9518734388009992
curated	contrast	0.9514919153192198	0.9526034712950601
curated	contrast	0.9506584430738456	0.9536789297658863
curated	contrast	0.9494915819303217	0.9542636957614341
curated	contrast	0.9483247207867977	0.9548506210137631
curated	contrast	0.9471578596432739	0.9554397175046242
curated	contrast	0.9461576929488248	0.956844234659474
curated	contrast	0.9453242207034506	0.9574539929089988
curated	contrast	0.9443240540090015	0.9583826763660971
curated	contrast	0.9434905817636273	0.9591594644975427
curated	contrast	0.9421570261710285	0.9591040217206855
curated	contrast	0.9406567761293549	0.9592044875063743
curated	contrast	0.9396566094349058	0.9599795640326976
curated	contrast	0.9388231371895316	0.9607642442852269
curated	contrast	0.9379896649441574	0.9620447939818773
curated	contrast	0.9371561926987831	0.9628361020722727
curated	contrast	0.9359893315552592	0.9634522992450241
curated	contrast	0.9344890815135856	0.9638927097661623
curated	contrast	0.9338223037172863	0.9643656395248752
curated	contrast	0.9323220536756126	0.964975845410628
curated	contrast	0.9313218869811636	0.9656066367092984
curated	contrast	0.9298216369394899	0.9665569225437532
curated	contrast	0.9283213868978163	0.9670081611390866
curated	contrast	0.9269878313052176	0.9676352879763355
curated	contrast	0.926487747957993	0.9689679218967922
curated	contrast	0.9254875812635439	0.9696122947956689
curated	contrast	0.92432072012002	0.9700839748075577
curated	contrast	0.923320553425571	0.9705624671456107
curated	contrast	0.9216536089348225	0.9705107951553449
curated	contrast	0.9206534422403734	0.9708208824046405
curated	contrast	0.9196532755459244	0.9713028169014084
curated	contrast	0.917819636606101	0.9717613836921991
curated	contrast	0.9171528588098017	0.9727722772277227
curated	contrast	0.9159859976662778	0.9739454094292804
curated	contrast	0.9144857476246041	0.9742496892203871
curated	contrast	0.9128188031338557	0.9743772241992883
curated	contrast	0.9118186364394065	0.9748707895205846
curated	contrast	0.9108184697449575	0.9753659407354516
curated	contrast	0.9098183030505084	0.9756882373972113
curated	contrast	0.9083180530088348	0.975823782234957
curated	contrast	0.9061510251708618	0.9761177949362543
curated	contrast	0.9046507751291882	0.9760791366906475
curated	contrast	0.9041506917819636	0.9769452449567724
curated	contrast	0.9026504417402901	0.9769078116543388
curated	contrast	0.9009834972495416	0.9768660762696548
curated	contrast	0.899483247207868	0.9770052507695093
curated	contrast	0.8986497749624938	0.9773386511965192
curated	contrast	0.8969828304717453	0.9778302743957841
curated	contrast	0.8958159693282214	0.9783360640815584
curated	contrast	0.8938156359393232	0.9784671532846715
curated	contrast	0.8923153858976496	0.9786106032906764
curated	contrast	0.890815135855976	0.9791132282887505
curated	contrast	0.8894815802633772	0.9798016893132574
curated	contrast	0.8883147191198533	0.9799558661272527
curated	contrast	0.8861476912818803	0.9799078341013825
curated	contrast	0.8846474412402067	0.9802364240857038
curated	contrast	0.8836472745457576	0.980940044411547
curated	contrast	0.882147024504084	0.9809082483781278
curated	contrast	0.8813135522587098	0.9812546399406088
curated	contrast	0.8796466077679613	0.9812197843064336
curated	contrast	0.8784797466244374	0.9811953081362875
curated	contrast	0.8769794965827638	0.9811637448713166
curated	contrast	0.8759793298883147	0.9815091520358611
curated	contrast	0.8749791631938656	0.9816719655881803
curated	contrast	0.8733122187031171	0.9821897262842145
curated	contrast	0.8724787464577429	0.9825417683499156
curated	contrast	0.8711451908651442	0.9825155104342922
curated	contrast	0.8694782463743957	0.9828528358771434
curated	contrast	0.8683113852308718	0.9830156633327043
curated	contrast	0.8671445240873479	0.9831789831789832
curated	contrast	0.8661443573928989	0.9835320840431573
curated	contrast	0.8639773295549258	0.9834914611005693
curated	contrast	0.862643773962327	0.9840273816314888
curated	contrast	0.8611435239206534	0.984
curated	contrast	0.8589764960826805	0.9839602826045446
curated	contrast	0.8576429404900817	0.9839357429718876
curated	contrast	0.8563093848974829	0.9839111281363724
curated	contrast	0.8549758293048841	0.9840752110514198
curated	contrast	0.8536422737122854	0.9844290657439446
curated	contrast	0.8521420236706118	0.9845916795069337
curated	contrast	0.850808468078013	0.9847578622419448
curated	contrast	0.8496416069344891	0.984927536231884
curated	contrast	0.8474745790965161	0.985080410773106
curated	contrast	0.8459743290548425	0.9860112687002137
curated	contrast	0.8448074679113186	0.9861840825063242
curated	contrast	0.8428071345224204	0.9865365853658536
curated	contrast	0.8418069678279714	0.986906390463162
curated	contrast	0.8408068011335222	0.9870841487279843
curated	contrast	0.8396399399899983	0.9872598980791847
curated	contrast	0.8383063843973996	0.9874337325741214
curated	contrast	0.8364727454575762	0.9876008659712655
curated	contrast	0.8349724954159027	0.9877736146716624
curated	contrast	0.8336389398233038	0.98814463544754
curated	contrast	0.83247207867978	0.988323768058579
curated	contrast	0.830305050841807	0.9884897797181981
curated	contrast	0.829138189698283	0.9884737678855325
curated	contrast	0.8274712452075346	0.9884508164078056
curated	contrast	0.8261376896149358	0.9884323893099322
curated	contrast	0.8251375229204867	0.9888134238913304
curated	contrast	0.8236372728788132	0.9889911929543634
curated	contrast	0.8209701616936156	0.9889558232931727
curated	contrast	0.8194699116519419	0.9889358278012472
curated	contrast	0.817302883813969	0.9889068172650263
curated	contrast	0.8154692448741457	0.9888821507984638
curated	contrast	0.8134689114852476	0.9888551165146909
curated	contrast	0.8116352725454242	0.9888302193338749
curated	contrast	0.8099683280546758	0.9888074888074888
curated	contrast	0.8088014669111518	0.9891946992864424
curated	contrast	0.8066344390731789	0.9893682273563689
curated	contrast	0.80530088348058	0.9893508089289371
curated	contrast	0.8034672445407568	0.9893267651888341
curated	contrast	0.8023003833972329	0.989514802631579
curated	contrast	0.8011335222537089	0.9897034596375618
curated	contrast	0.7996332722120353	0.989684340829379
curated	contrast	0.7981330221703618	0.989665150888797
curated	contrast	0.796799466577763	0.989648033126294
curated	contrast	0.7949658276379397	0.9896244034031957
curated	contrast	0.793465577596266	0.9896049896049897
curated	contrast	0.7921320220036673	0.9895876718034152
curated	contrast	0.7906317719619936	0.9895681201752555
curated	contrast	0.7894649108184697	0.9899665551839465
curated	contrast	0.7882980496749459	0.9899518526271719
curated	contrast	0.785964327387898	0.9899223178668907
curated	contrast	0.7842973828971496	0.9899011150852094
curated	contrast	0.7829638273045507	0.9898840885142255
curated	contrast	0.7814635772628772	0.9898648648648649
curated	contrast	0.7801300216702783	0.9898477157360406
curated	contrast	0.7781296882813802	0.989821882951654
curated	contrast	0.7769628271378564	0.9898067530261202
curated	contrast	0.7747957992998833	0.9899893503727369
curated	contrast	0.7731288548091348	0.9899679829242263
curated	contrast	0.7712952158693116	0.9903681506849316
curated	contrast	0.7699616602767128	0.9903516295025729
curated	contrast	0.7677946324387398	0.99075069907507
curated	contrast	0.7659609934989164	0.9907287623975851
curated	contrast	0.7639606601100183	0.9909189189189189
curated	contrast	0.7619603267211202	0.9908952959028832
curated	contrast	0.7606267711285214	0.991094700260643
curated	contrast	0.7581263543923987	0.9910655916321639
curated	contrast	0.7566261043507251	0.9910480349344978
curated	contrast	0.7551258543090515	0.9912472647702407
curated	contrast	0.7526254375729288	0.991218441273326
curated	contrast	0.75129188198033	0.9914210294764628
curated	contrast	0.7494582430405068	0.9918376351202294
curated	contrast	0.7476246041006834	0.9918177797434763
curated	contrast	0.7461243540590098	0.9918014624418346
curated	contrast	0.7446241040173363	0.9920053297801465
curated	contrast	0.7429571595265878	0.9919875361673715
curated	contrast	0.7414569094849142	0.991971454058876
curated	contrast	0.739456576096016	0.9919499105545617
curated	contrast	0.7381230205034173	0.9919354838709677
curated	contrast	0.7364560760126688	0.9919173776380781
curated	contrast	0.7347891315219203	0.991899189918992
curated	contrast	0.7332888814802467	0.9918827508455468
curated	contrast	0.7316219369894983	0.991864406779661
curated	contrast	0.7299549924987498	0.991845979614949
curated	contrast	0.728621436906151	0.9918311776718857
curated	contrast	0.7266211035172528	0.9922604142954701
curated	contrast	0.7247874645774296	0.9922409858512095
curated	contrast	0.723287214535756	0.9922250171506974
curated	contrast	0.7212868811468578	0.9922036230222426
curated	contrast	0.7201200200033339	0.9921910886541112
curated	contrast	0.7181196866144357	0.992169507139567
curated	contrast	0.7161193532255375	0.9921478060046189
curated	contrast	0.7142857142857143	0.9921278073628155
curated	contrast	0.7121186864477413	0.9921040408732001
curated	contrast	0.7106184364060677	0.9920875029090063
curated	contrast	0.7094515752625438	0.9923058988109116
curated	contrast	0.7076179363227204	0.9922861150070126
curated	contrast	0.7061176862810469	0.9922698524244554
curated	contrast	0.7042840473412235	0.9922498825739784
curated	contrast	0.7022837139523254	0.9922279792746114
curated	contrast	0.7007834639106518	0.9924457034938622
curated	contrast	0.6989498249708285	0.9924260355029586
curated	contrast	0.69728288048008	0.9924080664294187
curated	contrast	0.6947824637439574	0.9923809523809524
curated	contrast	0.6926154359059843	0.9923572963935993
curated	contrast	0.6914485747624604	0.9923444976076555
curated	contrast	0.6892815469244874	0.9925588094095055
curated	contrast	0.6867811301883647	0.9925319200192725
curated	contrast	0.6849474912485414	0.9925120772946859
curated	contrast	0.682113685614269	0.9924812030075187
curated	contrast	0.6802800466744457	0.9924610894941635
curated	contrast	0.6782797132855476	0.9924390243902439
curated	contrast	0.6764460743457242	0.9924186842748839
curated	contrast	0.6751125187531255	0.9924038225925018
curated	contrast	0.6739456576096016	0.9923907707412862
curated	contrast	0.6716119353225538	0.9923645320197044
curated	contrast	0.670278379729955	0.9923494570582428
curated	contrast	0.6684447407901317	0.9923286315268498
curated	contrast	0.6671111851975329	0.992313414331763
curated	contrast	0.6657776296049341	0.9922981366459628
curated	contrast	0.6642773795632605	0.9922808764940239
curated	contrast	0.662777129521587	0.9922635388070876
curated	contrast	0.6609434905817636	0.9922422422422422
curated	contrast	0.6596099349891649	0.9922266800401204
curated	contrast	0.6571095182530422	0.9921973319909388
curated	contrast	0.6552758793132188	0.9921756688541141
curated	contrast	0.6531088514752459	0.9921499113699671
curated	contrast	0.6504417402900483	0.9921179760996695
curated	contrast	0.6482747124520754	0.9920918367346939
curated	contrast	0.646441073512252	0.9920695830135584
curated	contrast	0.6447741290215036	0.9920492433957425
curated	contrast	0.64327387897983	0.9920308483290489
curated	contrast	0.6414402400400067	0.9920082495488528
curated	contrast	0.6402733788964827	0.9922500645827952
curated	contrast	0.6382730455075846	0.9922259652759783
curated	contrast	0.6359393232205367	0.9924557752341311
curated	contrast	0.6341056842807135	0.9924341247064962
curated	contrast	0.6322720453408901	0.9924123495552067
curated	contrast	0.6299383230538423	0.9923844537815126
curated	contrast	0.628104684114019	0.9923623913616013
curated	contrast	0.625937656276046	0.9923361522198731
curated	contrast	0.6241040173362227	0.9923138086403392
curated	contrast	0.6226037672945491	0.9925591283550359
curated	contrast	0.6211035172528755	0.9925412892914225
curated	contrast	0.6189364894149025	0.9925153702218658
curated	contrast	0.617269544924154	0.9924953095684803
curated	contrast	0.6156026004334055	0.9924751410911046
curated	contrast	0.6137689614935823	0.9924528301886792
curated	contrast	0.6119353225537589	0.99269875608437
curated	contrast	0.6102683780630105	0.9926789587852495
curated	contrast	0.608601433572262	0.9926590538336052
curated	contrast	0.6069344890815136	0.992639040348964
curated	contrast	0.6046007667944657	0.9926108374384236
curated	contrast	0.6031005167527921	0.9925925925925926
curated	contrast	0.601100183363894	0.9925681255161024
curated	contrast	0.5997666277712952	0.992551724137931
curated	contrast	0.5982663777296217	0.9925331858407079
curated	contrast	0.5969328221370228	0.9925166297117517
curated	contrast	0.5950991831971996	0.9924937447873228
curated	contrast	0.5935989331555259	0.9924749163879598
curated	contrast	0.5917652942157026	0.9924517752306402
curated	contrast	0.5887647941323554	0.9924135993256533
curated	contrast	0.5872645440906817	0.9923943661971831
curated	contrast	0.5862643773962327	0.9926615862263618
curated	contrast	0.5850975162527088	0.9926470588235294
curated	contrast	0.5830971828638106	0.9926220204313281
curated	contrast	0.5812635439239874	0.9931643406436913
curated	contrast	0.5792632105350892	0.9931408973992569
curated	contrast	0.5779296549424904	0.9931251790317961
curated	contrast	0.5757626271045174	0.9930994824611846
curated	contrast	0.5744290715119187	0.9930835734870317
curated	contrast	0.5727621270211702	0.9930635838150289
curated	contrast	0.5699283213868979	0.9933178384660082
curated	contrast	0.5684280713452242	0.9933003204194581
curated	contrast	0.5672612102017003	0.9935766423357664
curated	contrast	0.5650941823637273	0.9935521688159438
curated	contrast	0.5635939323220537	0.9935351160740523
curated	contrast	0.5615935989331555	0.9935122382777941
curated	contrast	0.5600933488914819	0.9934949733885275
curated	contrast	0.5585930988498083	0.9934776163652534
curated	contrast	0.556759459909985	0.9934562760261749
curated	contrast	0.555592598766461	0.9934426229508196
curated	contrast	0.5544257376229371	0.9934289127837514
curated	contrast	0.552425404234039	0.9934052757793765
curated	contrast	0.5512585430905151	0.9933914088314809
curated	contrast	0.5495915985997666	0.9933714974389877
curated	contrast	0.5479246541090181	0.9933514656996071
curated	contrast	0.5464244040673446	0.9933333333333333
curated	contrast	0.5450908484747458	0.9933171324422844
curated	contrast	0.5434239039839973	0.9932967702620353
curated	contrast	0.5414235705950992	0.9935760171306209
curated	contrast	0.5400900150025004	0.9938650306748467
curated	contrast	0.5387564594099017	0.993849938499385
curated	contrast	0.5370895149191532	0.9938309685379395
curated	contrast	0.5357559593265544	0.9938157081014224
curated	contrast	0.5337556259376562	0.9937926753569212
curated	contrast	0.5322553758959827	0.9937752878929349
curated	contrast	0.5309218203033839	0.9937597503900156
curated	contrast	0.5287547924654109	0.993734335839599
curated	contrast	0.5274212368728122	0.9937185929648241
curated	contrast	0.5259209868311385	0.9937007874015747
curated	contrast	0.5237539589931656	0.9936748893105629
curated	contrast	0.5219203200533422	0.9936528086321803
curated	contrast	0.5197532922153693	0.9936265137029955
curated	contrast	0.5182530421736956	0.9936081815276446
curated	contrast	0.5160860143357227	0.993581514762516
curated	contrast	0.514585764294049	0.9935629224332153
curated	contrast	0.5132522087014503	0.9935463052597612
curated	contrast	0.5110851808634772	0.9935191186001296
curated	contrast	0.509251541923654	0.9934959349593496
curated	contrast	0.5077512918819803	0.9934768427919113
curated	contrast	0.5062510418403067	0.9934576382073929
curated	contrast	0.5042507084514085	0.993431855500821
curated	contrast	0.502750458409735	0.9937397034596376
curated	contrast	0.5009168194699116	0.9937169312169312
curated	contrast	0.4990831805300883	0.9936939926983074
curated	contrast	0.4977496249374896	0.9940079893475366
curated	contrast	0.4964160693448908	0.9939919893190922
curated	contrast	0.4949158193032172	0.9939738868429863
curated	contrast	0.49324887481246876	0.9939536446086664
curated	contrast	0.4912485414235706	0.993929173693086
curated	contrast	0.48974829138189696	0.9939106901217862
curated	contrast	0.4884147357892982	0.9938941655359566
curated	contrast	0.48641440240040007	0.9938692098092643
curated	contrast	0.4840806801133522	0.9941800753166724
curated	contrast	0.4817469578263044	0.9941520467836257
curated	contrast	0.4799133188864811	0.9941298342541437
curated	contrast	0.4777462910485081	0.9941033645508152
curated	contrast	0.47641273545590934	0.9940869565217392
curated	contrast	0.4744124020670112	0.9940621725462802
curated	contrast	0.47324554092348725	0.9940476190476191
curated	contrast	0.47141190198366395	0.99402460456942
curated	contrast	0.47024504084014	0.9940098661028893
curated	contrast	0.468078013002167	0.9939823008849558
curated	contrast	0.46674445740956827	0.9939652112176074
curated	contrast	0.4654109018169695	0.9939480242079032
curated	contrast	0.4634105684280713	0.9939220593493028
curated	contrast	0.46191031838639773	0.9942590599210621
curated	contrast	0.46041006834472414	0.994240460763139
curated	contrast	0.4589098183030505	0.994221740700614
curated	contrast	0.45757626271045176	0.9942049981890619
curated	contrast	0.45574262377062846	0.9941818181818182
curated	contrast	0.45407567927987996	0.9941605839416059
curated	contrast	0.45274212368728123	0.9941434846266471
curated	contrast	0.4515752625437573	0.9941284403669725
curated	contrast	0.44957492915485914	0.9941024695908588
curated	contrast	0.4484080680113352	0.9940872135994088
curated	contrast	0.44624104017336225	0.9940586706275529
curated	contrast	0.4450741790298383	0.9940431868950111
curated	contrast	0.44224037339556593	0.994005245410266
curated	contrast	0.4405734289048175	0.9939827002632569
curated	contrast	0.4384064010668445	0.9939531368102796
curated	contrast	0.4369061510251709	0.993932499051953
curated	contrast	0.4347391231871979	0.9939024390243902
curated	contrast	0.43323887314552423	0.9938814531548757
curated	contrast	0.4314052342057009	0.9938556067588326
curated	contrast	0.4294049008168028	0.9938271604938271
curated	contrast	0.4282380396732789	0.9938104448742746
curated	contrast	0.42707117852975496	0.9937936384794415
curated	contrast	0.42490415069178195	0.9937621832358674
curated	contrast	0.42373728954825807	0.9937451133698202
curated	contrast	0.42157026171028505	0.993713163064833
curated	contrast	0.42023670611768627	0.9936933385888845
curated	contrast	0.41890315052508753	0.9936733886911823
curated	contrast	0.41656942823803966	0.9936381709741551
curated	contrast	0.41540256709451573	0.9936204146730463
curated	contrast	0.4130688448074679	0.9935846030473136
curated	contrast	0.4117352892148691	0.9935639581657281
curated	contrast	0.40956826137689617	0.9935301253538212
curated	contrast	0.4080680113352225	0.9935064935064936
curated	contrast	0.40606767794632437	0.9934747145187602
curated	contrast	0.40473412235372563	0.9934533551554828
curated	contrast	0.4030671778629772	0.9934264585045193
curated	contrast	0.40156692782130354	0.9938118811881188
curated	contrast	0.3998999833305551	0.9937862468931234
curated	contrast	0.39823303883980665	0.9937603993344426
curated	contrast	0.396732788798133	0.9937369519832986
curated	contrast	0.3953992332055343	0.993715961457897
curated	contrast	0.39373228871478577	0.993689524610854
curated	contrast	0.3922320386731122	0.9936655405405406
curated	contrast	0.38956492748791466	0.9936224489795918
curated	contrast	0.388064677446241	0.9940222032450897
curated	contrast	0.38639773295549257	0.9939965694682675
curated	contrast	0.38523087181196863	0.993978494623656
curated	contrast	0.38373062177029504	0.9939550949913645
curated	contrast	0.3817302883813969	0.9939236111111112
curated	contrast	0.3798966494415736	0.9938944614042738
curated	contrast	0.3780630105017503	0.9938650306748467
curated	contrast	0.37606267711285213	0.9938325991189427
curated	contrast	0.3743957326221037	0.9938053097345133
curated	contrast	0.37322887147857975	0.9937860630270751
curated	contrast	0.37089514919153194	0.9937472085752568
curated	contrast	0.36906151025170864	0.9937163375224417
curated	contrast	0.3670611768628105	0.9936823104693141
curated	contrast	0.3657276212702117	0.9936594202898551
curated	contrast	0.3642273712285381	0.9936334697589814
curated	contrast	0.3623937322887148	0.993601462522852
curated	contrast	0.36072678779796635	0.9935720844811754
curated	contrast	0.35855975995999334	0.9935334872979215
curated	contrast	0.35639273212202033	0.9934944237918215
curated	contrast	0.3550591765294216	0.9934701492537313
curated	contrast	0.35355892648774795	0.9934426229508196
curated	contrast	0.352392065344224	0.993421052631579
curated	contrast	0.3505584264044007	0.9938563327032136
curated	contrast	0.34939156526087684	0.9938359412043622
curated	contrast	0.3478913152192032	0.9938095238095238
curated	contrast	0.3453908984830805	0.9937649880095923
curated	contrast	0.3442240373395566	0.9937439846005774
curated	contrast	0.34305717619603265	0.993722839208112
curated	contrast	0.3413902317052842	0.9936923823386705
curated	contrast	0.3398899816636106	0.9936647173489279
curated	contrast	0.3382230371728621	0.9936336924583742
curated	contrast	0.3368894815802634	0.9936086529006883
curated	contrast	0.3350558426404401	0.9935739001482946
curated	contrast	0.3330555092515419	0.9935355544505221
curated	contrast	0.33155525920986834	0.9935064935064936
curated	contrast	0.32972162027004503	0.99347061778001
curated	contrast	0.3278879813302217	0.9939363314805457
curated	contrast	0.32655442573762294	0.9939117199391172
curated	contrast	0.3245540923487248	0.9938744257274119
curated	contrast	0.323220536756126	0.9938493080471553
curated	contrast	0.3217202867144524	0.9938208032955715
curated	contrast	0.3205534255709285	0.993798449612403
curated	contrast	0.31888648108018003	0.9937662337662337
curated	contrast	0.3172195365894316	0.993733681462141
curated	contrast	0.31571928654775794	0.993704092339979
curated	contrast	0.31388564760793464	0.9936675461741424
curated	contrast	0.3122187031171862	0.9936339522546419
curated	contrast	0.3107184530755126	0.9936034115138592
curated	contrast	0.3090515085847641	0.9935691318327974
curated	contrast	0.30738456409401566	0.9940700808625337
curated	contrast	0.30588431405234207	0.9940411700975081
curated	contrast	0.3045507584597433	0.9940152339499456
curated	contrast	0.30321720286714454	0.9939890710382514
curated	contrast	0.3020503417236206	0.9939659901261657
curated	contrast	0.3007167861310218	0.9939393939393939
curated	contrast	0.2993832305384231	0.993912562257886
curated	contrast	0.29771628604767464	0.9938786867000556
curated	contrast	0.29604934155692614	0.9938444320089536
curated	contrast	0.29488248041340226	0.9938202247191011
curated	contrast	0.2925487581263544	0.9937712344280861
curated	contrast	0.2915485914319053	0.99375
curated	contrast	0.2892148691448575	0.9936998854524628
curated	contrast	0.28771461910318386	0.9936672423719056
curated	contrast	0.28621436906151027	0.9936342592592593
curated	contrast	0.2847141190198366	0.9936009307737056
curated	contrast	0.2830471745290882	0.9941451990632318
curated	contrast	0.28188031338556424	0.9941211052322163
curated	contrast	0.28071345224204036	0.9940968122786304
curated	contrast	0.2792132022003667	0.9940652818991098
curated	contrast	0.2777129521586931	0.9940334128878282
curated	contrast	0.2765460910151692	0.994008388256441
curated	contrast	0.27537922987164526	0.9939831528279182
curated	contrast	0.2732122020336723	0.9939357186173439
curated	contrast	0.2718786464410735	0.9945121951219512
curated	contrast	0.2707117852975496	0.9950980392156863
curated	contrast	0.269211535255876	0.9950708564386938
curated	contrast	0.26804467411235205	0.995049504950495
curated	contrast	0.2663777296216036	0.9950186799501868
curated	contrast	0.2650441740290048	0.9949937421777222
curated	contrast	0.2632105350891815	0.9949590422180214
curated	contrast	0.26171028504750793	0.9949302915082383
curated	contrast	0.2592098683113852	0.9948816378758797
curated	contrast	0.25754292382063676	0.9954896907216495
curated	contrast	0.256209368228038	0.9954663212435233
curated	contrast	0.2545424237372895	0.9960861056751468
curated	contrast	0.25304217369561594	0.9960629921259843
curated	contrast	0.25120853475579263	0.9960343688037012
curated	contrast	0.24970828471411902	0.9966733200266135
curated	contrast	0.2482080346724454	0.9966532797858099
curated	contrast	0.24620770128354727	0.9966261808367072
curated	contrast	0.24470745124187365	0.9966055668703326
curated	contrast	0.24287381230205035	0.9965800273597811
curated	contrast	0.24154025670945156	0.9965612104539202
curated	contrast	0.2402067011168528	0.9965421853388658
curated	contrast	0.2387064510751792	0.9965205288796103
curated	contrast	0.23687281213535588	0.9964936886395512
curated	contrast	0.23587264544090683	0.9964788732394366
curated	contrast	0.23453908984830804	0.9964589235127479
curated	contrast	0.23303883980663445	0.9964362081254454
curated	contrast	0.23120520086681112	0.9964080459770115
curated	contrast	0.22987164527421236	0.9963872832369942
curated	contrast	0.22803800633438906	0.9963583394027676
curated	contrast	0.22637106184364061	0.9963316214233309
curated	contrast	0.22520420070011668	0.9963126843657817
curated	contrast	0.22387064510751792	0.9962908011869436
curated	contrast	0.22187031171861976	0.9962574850299402
curated	contrast	0.22070345057509586	0.9962377727614747
curated	contrast	0.21953658943157192	0.9962178517397882
curated	contrast	0.21703617269544925	0.9961744452945677
curated	contrast	0.21553592265377564	0.9961479198767335
curated	contrast	0.21386897816302716	0.9961180124223602
curated	contrast	0.21236872812135357	0.9960906958561376
curated	contrast	0.21103517252875478	0.996066089693155
curated	contrast	0.20986831138523088	0.9968329374505146
curated	contrast	0.20836806134355726	0.9968102073365231
curated	contrast	0.20686781130188364	0.9967871485943776
curated	contrast	0.2052008668111352	0.9967611336032388
curated	contrast	0.20386731121853643	0.9967400162999185
curated	contrast	0.2027004500750125	0.9967213114754099
curated	contrast	0.20103350558426406	0.996694214876033
curated	contrast	0.19953325554259044	0.9966694421315571
curated	contrast	0.19786631105184196	0.9974789915966387
curated	contrast	0.19636606101016837	0.9974597798475868
curated	contrast	0.19486581096849476	0.9974402730375427
curated	contrast	0.193532255375896	0.9974226804123711
curated	contrast	0.19186531088514752	0.9974003466204506
curated	contrast	0.19069844974162362	0.997384481255449
curated	contrast	0.18919819969995	0.9973637961335676
curated	contrast	0.18786464410735124	0.9973451327433628
curated	contrast	0.1860310051675279	0.9973190348525469
curated	contrast	0.1841973662277046	0.9972924187725631
curated	contrast	0.18219703283880648	0.9972627737226277
curated	contrast	0.18069678279713286	0.9972401103955841
curated	contrast	0.1793632272045341	0.9972196478220574
curated	contrast	0.17819636606101016	0.9972014925373134
curated	contrast	0.17652942157026172	0.9971751412429378
curated	contrast	0.17486247707951325	0.997148288973384
curated	contrast	0.17336222703783963	0.99712368168744
curated	contrast	0.17186197699616604	0.9970986460348162
curated	contrast	0.17019503250541757	0.9970703125
curated	contrast	0.1688614769128188	0.9970472440944882
curated	contrast	0.16719453242207036	0.9970178926441352
curated	contrast	0.16486081013502252	0.9969758064516129
curated	contrast	0.16286047674612436	0.996938775510204
curated	contrast	0.1611935322553759	0.9969072164948454
curated	contrast	0.15985997666277713	0.9968814968814969
curated	contrast	0.15819303217202868	0.9968487394957983
curated	contrast	0.15635939323220538	0.9968119022316685
curated	contrast	0.1546924487414569	0.9967776584317938
curated	contrast	0.15335889314885814	0.9967497291440953
curated	contrast	0.1516919486581097	0.9967141292442497
curated	contrast	0.15019169861643608	0.9966814159292036
curated	contrast	0.14869144857476246	0.9966480446927374
curated	contrast	0.147024504084014	0.9966101694915255
curated	contrast	0.1455242540423404	0.9965753424657534
curated	contrast	0.14435739289881647	0.996547756041427
curated	contrast	0.14319053175529256	0.9965197215777262
curated	contrast	0.14135689281546923	0.9964747356051704
curated	contrast	0.14002333722287047	0.99644128113879
curated	contrast	0.13852308718119685	0.9964028776978417
curated	contrast	0.1368561426904484	0.9963592233009708
curated	contrast	0.13552258709784964	0.9963235294117647
curated	contrast	0.1343557259543257	0.9962917181705809
curated	contrast	0.13268878146357727	0.9962453066332916
curated	contrast	0.1306884480746791	0.9961880559085133
curated	contrast	0.1295215869311552	0.9961538461538462
curated	contrast	0.12802133688948159	0.9961089494163424
curated	contrast	0.12668778129688282	0.9960681520314548
curated	contrast	0.1255209201533589	0.996031746031746
curated	contrast	0.12418736456076013	0.9959893048128342
curated	contrast	0.12318719786631105	0.9959568733153639
curated	contrast	0.12168694782463745	0.9959072305593452
curated	contrast	0.12002000333388899	0.995850622406639
curated	contrast	0.11835305884314053	0.9971910112359551
curated	contrast	0.11651941990331723	0.9971469329529244
curated	contrast	0.11501916986164361	0.9971098265895953
curated	contrast	0.11368561426904485	0.9970760233918129
curated	contrast	0.11201866977829639	0.9970326409495549
curated	contrast	0.11068511418569761	0.996996996996997
curated	contrast	0.10868478079679947	0.9969418960244648
curated	contrast	0.10751791965327555	0.9969088098918083
curated	contrast	0.10635105850975163	0.996875
curated	contrast	0.10468411401900317	0.9968253968253968
curated	contrast	0.10301716952825471	0.9967741935483871
curated	contrast	0.10101683613935655	0.9967105263157895
curated	contrast	0.09984997499583263	0.9966722129783694
curated	contrast	0.09868311385230871	0.9966329966329966
curated	contrast	0.09734955825970995	0.9965870307167235
curated	contrast	0.09618269711618603	0.9965457685664939
curated	contrast	0.09501583597266211	0.9965034965034965
curated	contrast	0.09368228038006335	0.9964539007092199
curated	contrast	0.09251541923653943	0.9964093357271095
curated	contrast	0.09101516919486581	0.9963503649635036
curated	contrast	0.08984830805134189	0.9963031423290203
curated	contrast	0.08851475245874313	0.9962476547842402
curated	contrast	0.08718119686614435	0.9961904761904762
curated	contrast	0.08601433572262043	0.9961389961389961
curated	contrast	0.08468078013002167	0.996078431372549
curated	contrast	0.08318053008834805	0.9960079840319361
curated	contrast	0.08184697449574929	0.9959432048681541
curated	contrast	0.08051341890315053	0.9958762886597938
curated	contrast	0.07884647441240207	0.9957894736842106
curated	contrast	0.0775129188198033	0.9957173447537473
curated	contrast	0.07601266877812969	0.9956331877729258
curated	contrast	0.07484580763460577	0.9955654101995566
curated	contrast	0.073512252042007	0.9954853273137697
curated	contrast	0.07234539089848308	0.9954128440366973
curated	contrast	0.07101183530588431	0.9953271028037384
curated	contrast	0.06967827971328555	0.9952380952380953
curated	contrast	0.06834472412068678	0.9951456310679612
curated	contrast	0.06701116852808801	0.995049504950495
curated	contrast	0.06567761293548925	0.9949494949494949
curated	contrast	0.06401066844474079	0.9948186528497409
curated	contrast	0.06284380730121687	0.9947229551451188
curated	contrast	0.061676946157692945	0.9946236559139785
curated	contrast	0.06001000166694449	0.994475138121547
curated	contrast	0.05884314052342057	0.9943661971830986
curated	contrast	0.057509584930821804	0.9942363112391931
curated	contrast	0.055509251541923654	0.9940298507462687
curated	contrast	0.054342390398399734	0.9939024390243902
curated	contrast	0.053175529254875814	0.9937694704049844
curated	contrast	0.051841973662277045	0.9936102236421726
curated	contrast	0.050675112518753125	0.9934640522875817
curated	contrast	0.049508251375229205	0.9933110367892977
curated	contrast	0.047674612435405904	0.9930555555555556
curated	contrast	0.046174362393732286	0.992831541218638
curated	contrast	0.045174195699283215	0.9926739926739927
curated	contrast	0.044007334555759295	0.9924812030075187
curated	contrast	0.042673778963160526	0.9922480620155039
curated	contrast	0.040673445574262376	0.991869918699187
curated	contrast	0.039673278879813305	0.99581589958159
curated	contrast	0.038506417736289385	0.9956896551724138
curated	contrast	0.03700616769461577	0.9955156950672646
curated	contrast	0.035672612102017005	0.9953488372093023
curated	contrast	0.03417236206034339	0.9951456310679612
curated	contrast	0.03267211201866978	0.9949238578680203
curated	contrast	0.03150525087514586	0.9947368421052631
curated	contrast	0.030338389731621937	0.994535519125683
curated	contrast	0.02900483413902317	0.9942857142857143
curated	contrast	0.027671278546424403	0.9940119760479041
curated	contrast	0.026337722953825637	0.9937106918238994
curated	contrast	0.025004167361226872	0.9933774834437086
curated	contrast	0.023837306217702952	0.9930555555555556
curated	contrast	0.022503750625104183	0.9926470588235294
curated	contrast	0.021336889481580263	0.9922480620155039
curated	contrast	0.020003333888981498	0.9917355371900827
curated	contrast	0.018836472745457578	0.9912280701754386
curated	contrast	0.017669611601933654	0.9906542056074766
curated	contrast	0.01666944490748458	1.0
curated	contrast	0.01550258376396066	1.0
curated	contrast	0.014335722620436739	1.0
curated	contrast	0.013002167027837973	1.0
curated	contrast	0.011835305884314052	1.0
curated	contrast	0.010668444740790132	1.0
curated	contrast	0.009501583597266211	1.0
curated	contrast	0.00833472245374229	1.0
curated	contrast	0.007167861310218369	1.0
curated	contrast	0.005834305717619603	1.0
curated	contrast	0.004667444574095682	1.0
curated	contrast	0.003500583430571762	1.0
curated	contrast	0.002333722287047841	1.0
curated	contrast	0.0011668611435239206	1.0
curated	contrast	0.0	1.0
CHGV	QOV	1.0	0.19549477071600965
CHGV	QOV	1.0	0.20012353304508956
CHGV	QOV	1.0	0.20516428621684374
CHGV	QOV	1.0	0.21031373963216732
CHGV	QOV	1.0	0.21548921075968075
CHGV	QOV	1.0	0.22097605334949985
CHGV	QOV	1.0	0.22592391725420313
CHGV	QOV	1.0	0.23067795269361602
CHGV	QOV	1.0	0.23592233009708738
CHGV	QOV	1.0	0.2403164661282347
CHGV	QOV	0.9996570644718793	0.24483453720813037
CHGV	QOV	0.9996570644718793	0.25002144266232096
CHGV	QOV	0.9993141289437586	0.25521107023997197
CHGV	QOV	0.9993141289437586	0.2599001070281841
CHGV	QOV	0.9982853223593965	0.2649977241693218
CHGV	QOV	0.9982853223593965	0.26986187077037177
CHGV	QOV	0.9979423868312757	0.2750212645307627
CHGV	QOV	0.9979423868312757	0.27991535205848406
CHGV	QOV	0.997599451303155	0.284554436075516
CHGV	QOV	0.9972565157750343	0.28863523573200994
CHGV	QOV	0.9965706447187929	0.29297308196390764
CHGV	QOV	0.9958847736625515	0.29665951578302174
CHGV	QOV	0.9955418381344308	0.3012348241153886
CHGV	QOV	0.9948559670781894	0.3054327226784586
CHGV	QOV	0.9948559670781894	0.30924208506555806
CHGV	QOV	0.9948559670781894	0.31413102328099624
CHGV	QOV	0.9941700960219478	0.3177334502411223
CHGV	QOV	0.9941700960219478	0.32157515252357183
CHGV	QOV	0.9941700960219478	0.3263904526007656
CHGV	QOV	0.9934842249657064	0.32984173972446773
CHGV	QOV	0.992798353909465	0.3338715257755738
CHGV	QOV	0.9914266117969822	0.3375364856976065
CHGV	QOV	0.9910836762688614	0.34088228355744277
CHGV	QOV	0.9910836762688614	0.34470419847328243
CHGV	QOV	0.9907407407407407	0.3487445678416224
CHGV	QOV	0.9907407407407407	0.3518450858604311
CHGV	QOV	0.9907407407407407	0.35508849557522126
CHGV	QOV	0.9907407407407407	0.35825892857142855
CHGV	QOV	0.9897119341563786	0.3613824192336589
CHGV	QOV	0.9893689986282579	0.3646820882315763
CHGV	QOV	0.9890260631001372	0.3679040693966067
CHGV	QOV	0.9883401920438958	0.37115260785576304
CHGV	QOV	0.9879972565157751	0.37493492972410203
CHGV	QOV	0.9873113854595336	0.37797032952606013
CHGV	QOV	0.9869684499314129	0.3811920529801324
CHGV	QOV	0.9866255144032922	0.3842147435897436
CHGV	QOV	0.9862825788751715	0.3868190988567586
CHGV	QOV	0.9859396433470508	0.3896719978313906
CHGV	QOV	0.9859396433470508	0.3920632756034365
CHGV	QOV	0.98559670781893	0.3943468715697036
CHGV	QOV	0.9849108367626886	0.39723374827109265
CHGV	QOV	0.9838820301783264	0.4005864283719631
CHGV	QOV	0.983196159122085	0.4031214848143982
CHGV	QOV	0.9828532235939643	0.40594900849858356
CHGV	QOV	0.9825102880658436	0.4081196581196581
CHGV	QOV	0.9825102880658436	0.41069380733944955
CHGV	QOV	0.9821673525377229	0.4138130327987285
CHGV	QOV	0.9814814814814815	0.4167152009318579
CHGV	QOV	0.9811385459533608	0.41980924431401323
CHGV	QOV	0.9797668038408779	0.4221335697399527
CHGV	QOV	0.9783950617283951	0.4249329758713137
CHGV	QOV	0.9780521262002744	0.4280996697688382
CHGV	QOV	0.977366255144033	0.43064369900271987
CHGV	QOV	0.9770233196159122	0.4337697929354446
CHGV	QOV	0.9753086419753086	0.4357285123333844
CHGV	QOV	0.9746227709190672	0.4375673595073133
CHGV	QOV	0.9739368998628258	0.43962848297213625
CHGV	QOV	0.9739368998628258	0.4432651787107851
CHGV	QOV	0.9732510288065843	0.4455259026687598
CHGV	QOV	0.9729080932784636	0.44818325434439177
CHGV	QOV	0.9725651577503429	0.4502301952690903
CHGV	QOV	0.9715363511659808	0.45161804559222063
CHGV	QOV	0.9711934156378601	0.4544287548138639
CHGV	QOV	0.9705075445816187	0.45645161290322583
CHGV	QOV	0.9698216735253772	0.4584954604409857
CHGV	QOV	0.9694787379972565	0.46079869600651996
CHGV	QOV	0.9684499314128944	0.46295081967213114
CHGV	QOV	0.967764060356653	0.4659072147928017
CHGV	QOV	0.9653635116598079	0.4676079734219269
CHGV	QOV	0.9650205761316872	0.4700183731418072
CHGV	QOV	0.9639917695473251	0.4731526679010268
CHGV	QOV	0.9639917695473251	0.4751521298174442
CHGV	QOV	0.9639917695473251	0.4776550552251487
CHGV	QOV	0.9639917695473251	0.4798566063502902
CHGV	QOV	0.9629629629629629	0.48214285714285715
CHGV	QOV	0.9622770919067215	0.4851313969571231
CHGV	QOV	0.9612482853223594	0.4874782608695652
CHGV	QOV	0.9609053497942387	0.4896033548838022
CHGV	QOV	0.9591906721536351	0.4918234570072094
CHGV	QOV	0.9574759945130316	0.49380969225327204
CHGV	QOV	0.9574759945130316	0.4961791363070908
CHGV	QOV	0.9564471879286695	0.4983917083631165
CHGV	QOV	0.9550754458161865	0.5000897827258035
CHGV	QOV	0.9547325102880658	0.5015312556296163
CHGV	QOV	0.9540466392318244	0.5028922631959508
CHGV	QOV	0.9537037037037037	0.5049019607843137
CHGV	QOV	0.9526748971193416	0.5066569396315885
CHGV	QOV	0.9519890260631001	0.5085180435977286
CHGV	QOV	0.9513031550068587	0.5107714969618855
CHGV	QOV	0.9499314128943759	0.5125832716506291
CHGV	QOV	0.948559670781893	0.5148920327624721
CHGV	QOV	0.9482167352537723	0.5172091283202395
CHGV	QOV	0.9482167352537723	0.5198345553675503
CHGV	QOV	0.9468449931412894	0.5212384368510478
CHGV	QOV	0.9454732510288066	0.5224559408754974
CHGV	QOV	0.9451303155006858	0.5243531202435312
CHGV	QOV	0.9447873799725651	0.5259641084383352
CHGV	QOV	0.9441015089163237	0.5285083509310808
CHGV	QOV	0.943758573388203	0.5312741312741313
CHGV	QOV	0.943758573388203	0.5327138985675571
CHGV	QOV	0.9430727023319616	0.5349153861116515
CHGV	QOV	0.941358024691358	0.5364471369943327
CHGV	QOV	0.9403292181069959	0.5389150943396226
CHGV	QOV	0.9389574759945131	0.5404658507698381
CHGV	QOV	0.9382716049382716	0.5425342058298632
CHGV	QOV	0.9379286694101509	0.544062064849811
CHGV	QOV	0.9375857338820301	0.5458175284487922
CHGV	QOV	0.9372427983539094	0.5481347773766546
CHGV	QOV	0.936556927297668	0.5501611603545528
CHGV	QOV	0.9358710562414266	0.551647463108955
CHGV	QOV	0.9351851851851852	0.5537055837563452
CHGV	QOV	0.9344993141289437	0.5561224489795918
CHGV	QOV	0.9344993141289437	0.5581728799672265
CHGV	QOV	0.9331275720164609	0.5591861898890259
CHGV	QOV	0.9320987654320988	0.5601813685078318
CHGV	QOV	0.9320987654320988	0.5622672734795201
CHGV	QOV	0.9320987654320988	0.5643687707641196
CHGV	QOV	0.9314128943758574	0.5663052543786489
CHGV	QOV	0.9310699588477366	0.5677540777917189
CHGV	QOV	0.9296982167352538	0.5692986140277194
CHGV	QOV	0.9296982167352538	0.5708570225310592
CHGV	QOV	0.9293552812071331	0.5728175861340097
CHGV	QOV	0.9290123456790124	0.5741839762611276
CHGV	QOV	0.9279835390946503	0.5757446808510638
CHGV	QOV	0.9276406035665294	0.577005119453925
CHGV	QOV	0.926954732510288	0.5783055198973043
CHGV	QOV	0.9266117969821673	0.5808254514187446
CHGV	QOV	0.9259259259259259	0.5823986194995686
CHGV	QOV	0.9255829903978052	0.5849588209796273
CHGV	QOV	0.9248971193415638	0.5860495436766623
CHGV	QOV	0.9248971193415638	0.5882224645583424
CHGV	QOV	0.9235253772290809	0.5900525854513584
CHGV	QOV	0.9228395061728395	0.5926007487337591
CHGV	QOV	0.9221536351165981	0.5943854995579133
CHGV	QOV	0.9214677640603567	0.5956550653956995
CHGV	QOV	0.921124828532236	0.5975528364849834
CHGV	QOV	0.921124828532236	0.5996874302299621
CHGV	QOV	0.9200960219478738	0.601165135559041
CHGV	QOV	0.9200960219478738	0.6022446689113355
CHGV	QOV	0.918724279835391	0.6032425129475344
CHGV	QOV	0.9183813443072703	0.6039693279206134
CHGV	QOV	0.9176954732510288	0.6050192177255257
CHGV	QOV	0.9173525377229081	0.6067135404853709
CHGV	QOV	0.9170096021947873	0.6077272727272728
CHGV	QOV	0.9159807956104252	0.6093999543691535
CHGV	QOV	0.9142661179698217	0.6110474444189777
CHGV	QOV	0.913923182441701	0.6115190454336852
CHGV	QOV	0.9132373113854595	0.6127473538886332
CHGV	QOV	0.9108367626886146	0.6141040462427746
CHGV	QOV	0.9101508916323731	0.6152063050533148
CHGV	QOV	0.9098079561042524	0.6166899116689911
CHGV	QOV	0.909122085048011	0.6178047075273829
CHGV	QOV	0.9077503429355281	0.6191812865497076
CHGV	QOV	0.906721536351166	0.6200750469043153
CHGV	QOV	0.9056927297668038	0.6208274565115186
CHGV	QOV	0.9053497942386831	0.6226415094339622
CHGV	QOV	0.9050068587105624	0.6241721854304636
CHGV	QOV	0.9050068587105624	0.6252072968490879
CHGV	QOV	0.9036351165980796	0.6260394392967451
CHGV	QOV	0.901920438957476	0.6264888041924727
CHGV	QOV	0.9015775034293553	0.6274463007159905
CHGV	QOV	0.9005486968449932	0.6276290630975143
CHGV	QOV	0.9005486968449932	0.6288314176245211
CHGV	QOV	0.9002057613168725	0.6308579668348955
CHGV	QOV	0.8988340192043895	0.6323281061519903
CHGV	QOV	0.8981481481481481	0.6335268505079826
CHGV	QOV	0.8974622770919067	0.6345780795344326
CHGV	QOV	0.897119341563786	0.6363415227438579
CHGV	QOV	0.8967764060356653	0.6378048780487805
CHGV	QOV	0.8960905349794238	0.6390315480557593
CHGV	QOV	0.8954046639231824	0.6404218788324748
CHGV	QOV	0.8943758573388203	0.6411012782694199
CHGV	QOV	0.8933470507544582	0.6421000739462657
CHGV	QOV	0.892318244170096	0.6432632880098887
CHGV	QOV	0.892318244170096	0.6440594059405941
CHGV	QOV	0.892318244170096	0.6461385646883536
CHGV	QOV	0.892318244170096	0.6487160309149838
CHGV	QOV	0.892318244170096	0.6493636136760669
CHGV	QOV	0.8919753086419753	0.6505752876438219
CHGV	QOV	0.8892318244170097	0.6513438834463703
CHGV	QOV	0.8885459533607681	0.6528092718568909
CHGV	QOV	0.8882030178326474	0.6540404040404041
CHGV	QOV	0.887517146776406	0.6548582995951417
CHGV	QOV	0.8864883401920439	0.6560913705583756
CHGV	QOV	0.8858024691358025	0.6580891719745223
CHGV	QOV	0.8847736625514403	0.6600153491941673
CHGV	QOV	0.8840877914951989	0.6601792573623559
CHGV	QOV	0.8827160493827161	0.6611867454405342
CHGV	QOV	0.8823731138545954	0.6628026790314271
CHGV	QOV	0.8823731138545954	0.664171399070728
CHGV	QOV	0.8813443072702332	0.6644260599793175
CHGV	QOV	0.8806584362139918	0.6651126651126651
CHGV	QOV	0.8789437585733882	0.6665799739921977
CHGV	QOV	0.8786008230452675	0.6682316118935837
CHGV	QOV	0.877914951989026	0.6687565308254964
CHGV	QOV	0.8772290809327846	0.6696335078534031
CHGV	QOV	0.8762002743484225	0.6700760555992656
CHGV	QOV	0.8762002743484225	0.6707797322131793
CHGV	QOV	0.8758573388203018	0.6721052631578948
CHGV	QOV	0.8751714677640604	0.6747752511898466
CHGV	QOV	0.8737997256515775	0.6762208067940552
CHGV	QOV	0.8727709190672154	0.6772219265566791
CHGV	QOV	0.870713305898491	0.6779706275033378
CHGV	QOV	0.8703703703703703	0.6789727126805778
CHGV	QOV	0.8693415637860082	0.6798069187449718
CHGV	QOV	0.8689986282578875	0.680999731255039
CHGV	QOV	0.8679698216735254	0.6820264079762867
CHGV	QOV	0.8676268861454046	0.6832298136645962
CHGV	QOV	0.8665980795610425	0.6851952277657267
CHGV	QOV	0.8655692729766804	0.6860559934764882
CHGV	QOV	0.8641975308641975	0.6872102536133079
CHGV	QOV	0.8638545953360768	0.6888159693738036
CHGV	QOV	0.8631687242798354	0.6894001643385373
CHGV	QOV	0.8628257887517147	0.69177893868573
CHGV	QOV	0.8621399176954733	0.6923712475901955
CHGV	QOV	0.8617969821673526	0.6940071803369235
CHGV	QOV	0.8607681755829903	0.6950983107172528
CHGV	QOV	0.8597393689986282	0.6965823839955543
CHGV	QOV	0.8590534979423868	0.6973830734966593
CHGV	QOV	0.857681755829904	0.6986033519553073
CHGV	QOV	0.8566529492455418	0.699719887955182
CHGV	QOV	0.8559670781893004	0.7005332584900364
CHGV	QOV	0.8545953360768176	0.7011817670230726
CHGV	QOV	0.8539094650205762	0.7020016915703411
CHGV	QOV	0.852880658436214	0.7039343334276819
CHGV	QOV	0.852880658436214	0.7051318400907287
CHGV	QOV	0.8521947873799726	0.7071713147410359
CHGV	QOV	0.8518518518518519	0.7076923076923077
CHGV	QOV	0.8508230452674898	0.7082500713673994
CHGV	QOV	0.8497942386831275	0.7088100686498856
CHGV	QOV	0.8491083676268861	0.7102696500286861
CHGV	QOV	0.8487654320987654	0.7112068965517241
CHGV	QOV	0.8473936899862826	0.7116935483870968
CHGV	QOV	0.8470507544581619	0.7130484988452656
CHGV	QOV	0.8463648834019204	0.7141203703703703
CHGV	QOV	0.8460219478737997	0.7154872389791184
CHGV	QOV	0.8446502057613169	0.7168218859138533
CHGV	QOV	0.8443072702331962	0.7182030338389732
CHGV	QOV	0.8439643347050755	0.7193802981584332
CHGV	QOV	0.8425925925925926	0.7203166226912929
CHGV	QOV	0.8425925925925926	0.7220099911842492
CHGV	QOV	0.8419067215363512	0.7229093050647821
CHGV	QOV	0.8398491083676269	0.7234859675036928
CHGV	QOV	0.8391632373113854	0.7243931320307875
CHGV	QOV	0.8377914951989026	0.726002971768202
CHGV	QOV	0.8377914951989026	0.7268670038678965
CHGV	QOV	0.8371056241426612	0.7286567164179104
CHGV	QOV	0.8357338820301783	0.7300778909526663
CHGV	QOV	0.8353909465020576	0.7308730873087309
CHGV	QOV	0.8350480109739369	0.7316706730769231
CHGV	QOV	0.8343621399176955	0.7323901264298616
CHGV	QOV	0.8333333333333334	0.7332528666264333
CHGV	QOV	0.8319615912208504	0.7338173018753781
CHGV	QOV	0.8316186556927297	0.7357402912621359
CHGV	QOV	0.8295610425240055	0.7368260737130673
CHGV	QOV	0.8275034293552812	0.7372441185456767
CHGV	QOV	0.8264746227709191	0.7383578431372549
CHGV	QOV	0.8247599451303155	0.738863287250384
CHGV	QOV	0.8233882030178327	0.7401356350184957
CHGV	QOV	0.8227023319615913	0.7418058132343847
CHGV	QOV	0.8203017832647462	0.7417054263565891
CHGV	QOV	0.8203017832647462	0.7428571428571429
CHGV	QOV	0.8196159122085048	0.7438530967942732
CHGV	QOV	0.8182441700960219	0.7442295695570805
CHGV	QOV	0.8165294924554184	0.7459273182957393
CHGV	QOV	0.8151577503429356	0.746779767514923
CHGV	QOV	0.813443072702332	0.7470866141732283
CHGV	QOV	0.8120713305898491	0.7484197218710493
CHGV	QOV	0.8117283950617284	0.7495250158328056
CHGV	QOV	0.8106995884773662	0.75
CHGV	QOV	0.8096707818930041	0.7504767959313414
CHGV	QOV	0.8082990397805213	0.7513547975773032
CHGV	QOV	0.8076131687242798	0.7516757101819342
CHGV	QOV	0.8065843621399177	0.7521586184841701
CHGV	QOV	0.8058984910836763	0.7532051282051282
CHGV	QOV	0.8028120713305898	0.7534599291921468
CHGV	QOV	0.801440329218107	0.7558214747736093
CHGV	QOV	0.8010973936899863	0.7567217363135731
CHGV	QOV	0.8000685871056241	0.7591929710380736
CHGV	QOV	0.7986968449931413	0.7606139777922927
CHGV	QOV	0.7983539094650206	0.7617801047120419
CHGV	QOV	0.7962962962962963	0.761311475409836
CHGV	QOV	0.7959533607681756	0.761482939632546
CHGV	QOV	0.7942386831275721	0.7615915817165406
CHGV	QOV	0.7928669410150891	0.7622815694032311
CHGV	QOV	0.7925240054869684	0.7637144745538665
CHGV	QOV	0.7911522633744856	0.7639072847682119
CHGV	QOV	0.7897805212620027	0.7643544639893793
CHGV	QOV	0.789437585733882	0.7655470568673096
CHGV	QOV	0.7887517146776406	0.7666666666666667
CHGV	QOV	0.7873799725651578	0.7671232876712328
CHGV	QOV	0.7863511659807956	0.7671462027433924
CHGV	QOV	0.7849794238683128	0.7688948605979173
CHGV	QOV	0.7846364883401921	0.7703703703703704
CHGV	QOV	0.7846364883401921	0.7714093054619016
CHGV	QOV	0.7846364883401921	0.772972972972973
CHGV	QOV	0.7832647462277091	0.7737127371273713
CHGV	QOV	0.7818930041152263	0.7741935483870968
CHGV	QOV	0.7815500685871056	0.7759618658495063
CHGV	QOV	0.779835390946502	0.7763741891430522
CHGV	QOV	0.7791495198902606	0.7770177838577291
CHGV	QOV	0.7777777777777778	0.777511141583819
CHGV	QOV	0.7764060356652949	0.779077770130764
CHGV	QOV	0.7757201646090535	0.78
CHGV	QOV	0.77400548696845	0.7815096952908587
CHGV	QOV	0.7729766803840878	0.7823672335994446
CHGV	QOV	0.772633744855967	0.7836521739130434
CHGV	QOV	0.7716049382716049	0.7853403141361257
CHGV	QOV	0.7712620027434842	0.7858141160027953
CHGV	QOV	0.7705761316872428	0.7862141357592722
CHGV	QOV	0.7702331961591221	0.7866900175131348
CHGV	QOV	0.7692043895747599	0.7875702247191011
CHGV	QOV	0.7678326474622771	0.7883802816901408
CHGV	QOV	0.7661179698216736	0.78995756718529
CHGV	QOV	0.7661179698216736	0.7905166312809625
CHGV	QOV	0.7657750342935528	0.7912827781715096
CHGV	QOV	0.7650891632373114	0.7925399644760213
CHGV	QOV	0.7626886145404664	0.7931526390870185
CHGV	QOV	0.7613168724279835	0.7942754919499105
CHGV	QOV	0.7582304526748971	0.7944664031620553
CHGV	QOV	0.7554869684499315	0.7947330447330447
CHGV	QOV	0.7541152263374485	0.7976060935799782
CHGV	QOV	0.7530864197530864	0.8
CHGV	QOV	0.752400548696845	0.8019005847953217
CHGV	QOV	0.7513717421124828	0.8037417461482025
CHGV	QOV	0.7506858710562414	0.8047794117647059
CHGV	QOV	0.7489711934156379	0.8053097345132744
CHGV	QOV	0.7472565157750343	0.8067382450944095
CHGV	QOV	0.7455418381344308	0.8066790352504638
CHGV	QOV	0.74519890260631	0.8075065031586771
CHGV	QOV	0.7448559670781894	0.8086373790022338
CHGV	QOV	0.7431412894375857	0.8091859596713966
CHGV	QOV	0.7414266117969822	0.8100412139378044
CHGV	QOV	0.74039780521262	0.8104354354354354
CHGV	QOV	0.7397119341563786	0.8127354935945742
CHGV	QOV	0.7386831275720165	0.814366729678639
CHGV	QOV	0.7359396433470508	0.8141122913505311
CHGV	QOV	0.7352537722908093	0.8158295281582952
CHGV	QOV	0.7338820301783264	0.816793893129771
CHGV	QOV	0.7321673525377229	0.8180076628352491
CHGV	QOV	0.7307956104252401	0.8186707645024971
CHGV	QOV	0.7301097393689986	0.8191612158522509
CHGV	QOV	0.7297668038408779	0.8213045156310305
CHGV	QOV	0.7290809327846365	0.821483771251932
CHGV	QOV	0.7280521262002744	0.8215944272445821
CHGV	QOV	0.727366255144033	0.8224117875145405
CHGV	QOV	0.7263374485596708	0.8234836702954899
CHGV	QOV	0.72599451303155	0.82341501361338
CHGV	QOV	0.7256515775034293	0.8249512670565302
CHGV	QOV	0.7246227709190672	0.8266823161189358
CHGV	QOV	0.7229080932784636	0.8276403612092658
CHGV	QOV	0.7225651577503429	0.8301812450748621
CHGV	QOV	0.7215363511659808	0.831291979454761
CHGV	QOV	0.7205075445816187	0.8314206569054214
CHGV	QOV	0.7191358024691358	0.8318127727092424
CHGV	QOV	0.7181069958847737	0.833267011539992
CHGV	QOV	0.7174211248285323	0.8337983260263053
CHGV	QOV	0.7170781893004116	0.8350638977635783
CHGV	QOV	0.7160493827160493	0.8375451263537906
CHGV	QOV	0.7150205761316872	0.8383594692400482
CHGV	QOV	0.7143347050754458	0.839242546333602
CHGV	QOV	0.7139917695473251	0.841552142279709
CHGV	QOV	0.7133058984910837	0.8421052631578947
CHGV	QOV	0.7119341563786008	0.843216896831844
CHGV	QOV	0.7109053497942387	0.8440553745928339
CHGV	QOV	0.7095336076817559	0.8451797385620915
CHGV	QOV	0.7085048010973937	0.8456815390912812
CHGV	QOV	0.7061042524005487	0.8462803123715578
CHGV	QOV	0.7037037037037037	0.8458367683429514
CHGV	QOV	0.7019890260631001	0.8465674110835402
CHGV	QOV	0.700960219478738	0.8467274233637117
CHGV	QOV	0.7002743484224966	0.8487115544472152
CHGV	QOV	0.6995884773662552	0.8489388264669163
CHGV	QOV	0.698559670781893	0.8491037932471863
CHGV	QOV	0.6971879286694102	0.8495612202256582
CHGV	QOV	0.696159122085048	0.8515100671140939
CHGV	QOV	0.6951303155006858	0.8520386717108028
CHGV	QOV	0.6944444444444444	0.8533501896333755
CHGV	QOV	0.6934156378600823	0.8538851351351351
CHGV	QOV	0.6923868312757202	0.8540609137055838
CHGV	QOV	0.6896433470507545	0.8542905692438403
CHGV	QOV	0.6886145404663924	0.8551959114139693
CHGV	QOV	0.6872427983539094	0.8553137003841229
CHGV	QOV	0.6858710562414266	0.856898029134533
CHGV	QOV	0.6834705075445816	0.8572043010752688
CHGV	QOV	0.6824417009602195	0.8570198105081827
CHGV	QOV	0.6814128943758574	0.857204486626402
CHGV	QOV	0.6807270233196159	0.857451403887689
CHGV	QOV	0.6803840877914952	0.8588744588744589
CHGV	QOV	0.6793552812071331	0.8594360086767896
CHGV	QOV	0.6776406035665294	0.8598781549173194
CHGV	QOV	0.6766117969821673	0.8611959842863378
CHGV	QOV	0.6755829903978052	0.862521891418564
CHGV	QOV	0.6731824417009602	0.8624780316344464
CHGV	QOV	0.6721536351165981	0.8630559225011009
CHGV	QOV	0.6714677640603567	0.8644591611479029
CHGV	QOV	0.6700960219478738	0.8653675819309123
CHGV	QOV	0.6694101508916324	0.8664003550821128
CHGV	QOV	0.6690672153635117	0.8667258996001777
CHGV	QOV	0.6673525377229081	0.8664292074799644
CHGV	QOV	0.6666666666666666	0.8674698795180723
CHGV	QOV	0.6656378600823045	0.8692342140618002
CHGV	QOV	0.6652949245541838	0.8699551569506726
CHGV	QOV	0.663923182441701	0.8708951866846604
CHGV	QOV	0.6625514403292181	0.8706624605678234
CHGV	QOV	0.6618655692729767	0.8717253839205059
CHGV	QOV	0.6604938271604939	0.8714932126696833
CHGV	QOV	0.6594650205761317	0.8713185319438151
CHGV	QOV	0.6584362139917695	0.8723307587460245
CHGV	QOV	0.6563786008230452	0.8731751824817519
CHGV	QOV	0.6546639231824417	0.8740842490842491
CHGV	QOV	0.6529492455418381	0.8762080073630925
CHGV	QOV	0.6526063100137174	0.8777675276752768
CHGV	QOV	0.6502057613168725	0.8785912882298424
CHGV	QOV	0.6484910836762688	0.8795348837209302
CHGV	QOV	0.6460905349794238	0.8799626342830453
CHGV	QOV	0.6443758573388203	0.8817456593148757
CHGV	QOV	0.6436899862825789	0.8820488721804511
CHGV	QOV	0.6433470507544582	0.8828235294117647
CHGV	QOV	0.6412894375857339	0.8841607565011821
CHGV	QOV	0.6402606310013718	0.8839962121212122
CHGV	QOV	0.6395747599451304	0.8855650522317189
CHGV	QOV	0.6388888888888888	0.8858773181169758
CHGV	QOV	0.6385459533607681	0.8870890900428776
CHGV	QOV	0.6382030178326474	0.8887297039159503
CHGV	QOV	0.6364883401920439	0.890167865707434
CHGV	QOV	0.6354595336076817	0.8904372897645363
CHGV	QOV	0.6344307270233196	0.891566265060241
CHGV	QOV	0.6327160493827161	0.8917351377477042
CHGV	QOV	0.6320301783264746	0.8929263565891473
CHGV	QOV	0.6299725651577504	0.8939172749391727
CHGV	QOV	0.6289437585733882	0.89419795221843
CHGV	QOV	0.6268861454046639	0.8938875305623472
CHGV	QOV	0.6255144032921811	0.8941176470588236
CHGV	QOV	0.6241426611796982	0.8947885939036382
CHGV	QOV	0.6231138545953361	0.8955150320354854
CHGV	QOV	0.6213991769547325	0.8956994562530894
CHGV	QOV	0.6189986282578875	0.8962264150943396
CHGV	QOV	0.6186556927297668	0.8975124378109453
CHGV	QOV	0.6179698216735254	0.8983050847457628
CHGV	QOV	0.6165980795610425	0.900350525788683
CHGV	QOV	0.6162551440329218	0.9012036108324974
CHGV	QOV	0.6155692729766804	0.9024635495223731
CHGV	QOV	0.6131687242798354	0.9025744573447754
CHGV	QOV	0.6111111111111112	0.9036511156186613
CHGV	QOV	0.6100823045267489	0.9039634146341463
CHGV	QOV	0.6083676268861454	0.9051020408163265
CHGV	QOV	0.607681755829904	0.9054675523760859
CHGV	QOV	0.6059670781893004	0.9061538461538462
CHGV	QOV	0.6049382716049383	0.9060092449922958
CHGV	QOV	0.602880658436214	0.9066529138731305
CHGV	QOV	0.6015089163237312	0.9069286452947259
CHGV	QOV	0.6011659807956105	0.9087610160705029
CHGV	QOV	0.5987654320987654	0.9084287200832466
CHGV	QOV	0.5977366255144033	0.9092331768388107
CHGV	QOV	0.5977366255144033	0.9111343439623628
CHGV	QOV	0.5970507544581619	0.9115183246073298
CHGV	QOV	0.5963648834019204	0.9114255765199162
CHGV	QOV	0.595679012345679	0.9113326337880377
CHGV	QOV	0.5943072702331962	0.9111461619348055
CHGV	QOV	0.5943072702331962	0.9125855713533438
CHGV	QOV	0.5939643347050755	0.9139841688654353
CHGV	QOV	0.5929355281207133	0.915299100052938
CHGV	QOV	0.5925925925925926	0.9157392686804452
CHGV	QOV	0.5922496570644719	0.915694591728526
CHGV	QOV	0.5919067215363512	0.9166224110462029
CHGV	QOV	0.590877914951989	0.9164893617021277
CHGV	QOV	0.5901920438957476	0.9173773987206824
CHGV	QOV	0.588477366255144	0.917156600748263
CHGV	QOV	0.5871056241426612	0.9184549356223176
CHGV	QOV	0.586076817558299	0.9198062432723358
CHGV	QOV	0.5843621399176955	0.9200863930885529
CHGV	QOV	0.5826474622770919	0.9208672086720867
CHGV	QOV	0.5826474622770919	0.9223669923995657
CHGV	QOV	0.5819615912208504	0.9237887860642352
CHGV	QOV	0.5816186556927297	0.9237472766884531
CHGV	QOV	0.5802469135802469	0.9235807860262009
CHGV	QOV	0.5799039780521262	0.9240437158469945
CHGV	QOV	0.578875171467764	0.924931506849315
CHGV	QOV	0.5781893004115226	0.9258649093904449
CHGV	QOV	0.5775034293552812	0.925783397471138
CHGV	QOV	0.5761316872427984	0.9281767955801105
CHGV	QOV	0.5751028806584362	0.9280575539568345
CHGV	QOV	0.5737311385459534	0.9294444444444444
CHGV	QOV	0.5733882030178327	0.9309576837416481
CHGV	QOV	0.5720164609053497	0.9308035714285714
CHGV	QOV	0.5709876543209876	0.9306875349357183
CHGV	QOV	0.5703017832647462	0.9306099608282037
CHGV	QOV	0.5685871056241426	0.9330332020258864
CHGV	QOV	0.5675582990397805	0.9339729119638827
CHGV	QOV	0.5665294924554184	0.9349179400113187
CHGV	QOV	0.5641289437585734	0.9357224118316269
CHGV	QOV	0.5624142661179699	0.9355390758699372
CHGV	QOV	0.5613854595336076	0.9359634076615209
CHGV	QOV	0.5600137174211248	0.9363532110091743
CHGV	QOV	0.5582990397805213	0.9361702127659575
CHGV	QOV	0.5565843621399177	0.9365262550490479
CHGV	QOV	0.5555555555555556	0.9364161849710982
CHGV	QOV	0.5545267489711934	0.9363057324840764
CHGV	QOV	0.5528120713305898	0.936664729808251
CHGV	QOV	0.551440329218107	0.9370629370629371
CHGV	QOV	0.5500685871056241	0.9374634716540035
CHGV	QOV	0.5483539094650206	0.9378299120234604
CHGV	QOV	0.5456104252400549	0.9380896226415094
CHGV	QOV	0.5445816186556928	0.9385342789598109
CHGV	QOV	0.5428669410150891	0.938908659549229
CHGV	QOV	0.5421810699588477	0.9393939393939394
CHGV	QOV	0.5408093278463649	0.9403697078115683
CHGV	QOV	0.5384087791495199	0.9401197604790419
CHGV	QOV	0.5373799725651578	0.9417067307692307
CHGV	QOV	0.5366941015089163	0.9427710843373494
CHGV	QOV	0.5346364883401921	0.9437046004842615
CHGV	QOV	0.5329218106995884	0.9452554744525548
CHGV	QOV	0.5315500685871056	0.9451219512195121
CHGV	QOV	0.5294924554183813	0.946078431372549
CHGV	QOV	0.5274348422496571	0.9458794587945879
CHGV	QOV	0.5270919067215364	0.9458461538461539
CHGV	QOV	0.5260631001371742	0.946329426280074
CHGV	QOV	0.5246913580246914	0.9473684210526315
CHGV	QOV	0.5233196159122085	0.9478260869565217
CHGV	QOV	0.522633744855967	0.9489414694894147
CHGV	QOV	0.5212620027434842	0.95
CHGV	QOV	0.5205761316872428	0.9505322479649343
CHGV	QOV	0.5192043895747599	0.9510050251256281
CHGV	QOV	0.5192043895747599	0.9528005034612964
CHGV	QOV	0.5185185185185185	0.9539432176656152
CHGV	QOV	0.5171467764060357	0.9544303797468354
CHGV	QOV	0.5161179698216736	0.9549492385786802
CHGV	QOV	0.5154320987654321	0.9554990464081373
CHGV	QOV	0.51440329218107	0.9560229445506692
CHGV	QOV	0.5133744855967078	0.9571611253196931
CHGV	QOV	0.5116598079561042	0.9576379974326059
CHGV	QOV	0.5109739368998628	0.9575835475578406
CHGV	QOV	0.5089163237311386	0.9574193548387097
CHGV	QOV	0.5068587105624143	0.9584954604409858
CHGV	QOV	0.5051440329218106	0.9583604424202993
CHGV	QOV	0.50480109739369	0.958957654723127
CHGV	QOV	0.5041152263374485	0.9595300261096605
CHGV	QOV	0.5030864197530864	0.9600785340314136
CHGV	QOV	0.5030864197530864	0.9607072691552063
CHGV	QOV	0.5013717421124828	0.9612097304404996
CHGV	QOV	0.4996570644718793	0.9610817941952506
CHGV	QOV	0.49897119341563784	0.9623015873015873
CHGV	QOV	0.49725651577503427	0.9628154050464808
CHGV	QOV	0.49588477366255146	0.96271637816245
CHGV	QOV	0.49519890260631	0.9626666666666667
CHGV	QOV	0.4945130315500686	0.9626168224299065
CHGV	QOV	0.49382716049382713	0.9625668449197861
CHGV	QOV	0.4924554183813443	0.9624664879356568
CHGV	QOV	0.49039780521262005	0.9629629629629629
CHGV	QOV	0.4900548696844993	0.9635873229939312
CHGV	QOV	0.4893689986282579	0.964841108857336
CHGV	QOV	0.4876543209876543	0.9647218453188603
CHGV	QOV	0.48628257887517146	0.9652825051055139
CHGV	QOV	0.4842249657064472	0.9658002735978112
CHGV	QOV	0.4835390946502058	0.9664153529814942
CHGV	QOV	0.4828532235939643	0.9663692518874399
CHGV	QOV	0.4821673525377229	0.9669876203576341
CHGV	QOV	0.48010973936899864	0.967519004837595
CHGV	QOV	0.47976680384087794	0.9674965421853389
CHGV	QOV	0.4787379972565158	0.9674289674289674
CHGV	QOV	0.4777091906721536	0.9673611111111111
CHGV	QOV	0.47530864197530864	0.9678770949720671
CHGV	QOV	0.4742798353909465	0.9684873949579832
CHGV	QOV	0.4722222222222222	0.9690358902181563
CHGV	QOV	0.47050754458161864	0.9702970297029703
CHGV	QOV	0.4691358024691358	0.9709013484740951
CHGV	QOV	0.46776406035665297	0.9708185053380783
CHGV	QOV	0.4670781893004115	0.9707769066286529
CHGV	QOV	0.4660493827160494	0.9714081486776269
CHGV	QOV	0.46502057613168724	0.9720430107526882
CHGV	QOV	0.46330589849108367	0.9719424460431655
CHGV	QOV	0.46227709190672156	0.9718817591925017
CHGV	QOV	0.4612482853223594	0.9725234996384671
CHGV	QOV	0.460562414266118	0.9731884057971014
CHGV	QOV	0.4591906721536351	0.9738181818181818
CHGV	QOV	0.45747599451303156	0.9751461988304093
CHGV	QOV	0.4567901234567901	0.9751098096632503
CHGV	QOV	0.4554183813443073	0.9750367107195301
CHGV	QOV	0.4537037037037037	0.9749447310243183
CHGV	QOV	0.4537037037037037	0.9756637168141593
CHGV	QOV	0.45233196159122085	0.9763138415988157
CHGV	QOV	0.45198902606310015	0.9770200148257969
CHGV	QOV	0.450960219478738	0.9776951672862454
CHGV	QOV	0.448559670781893	0.9775784753363229
CHGV	QOV	0.44787379972565156	0.9775449101796407
CHGV	QOV	0.44650205761316875	0.9782118707738543
CHGV	QOV	0.4444444444444444	0.9781132075471698
CHGV	QOV	0.4434156378600823	0.9795454545454545
CHGV	QOV	0.44204389574759945	0.979483282674772
CHGV	QOV	0.4403292181069959	0.9794050343249427
CHGV	QOV	0.438957475994513	0.9800918836140888
CHGV	QOV	0.43724279835390945	0.9800153727901614
CHGV	QOV	0.43449931412894377	0.979891724671307
CHGV	QOV	0.4331275720164609	0.9798293250581847
CHGV	QOV	0.4324417009602195	0.9797979797979798
CHGV	QOV	0.43106995884773663	0.9797349961028838
CHGV	QOV	0.43004115226337447	0.9796875
CHGV	QOV	0.42901234567901236	0.9796397807361003
CHGV	QOV	0.4272976680384088	0.980330448465775
CHGV	QOV	0.42592592592592593	0.9802683504340963
CHGV	QOV	0.42489711934156377	0.9802215189873418
CHGV	QOV	0.4231824417009602	0.9809220985691574
CHGV	QOV	0.41975308641975306	0.9807692307692307
CHGV	QOV	0.41838134430727025	0.9807073954983923
CHGV	QOV	0.4176954732510288	0.9806763285024155
CHGV	QOV	0.4170096021947874	0.9806451612903225
CHGV	QOV	0.4156378600823045	0.9805825242718447
CHGV	QOV	0.41460905349794236	0.9813311688311688
CHGV	QOV	0.41323731138545955	0.9812703583061889
CHGV	QOV	0.411522633744856	0.9811937857726901
CHGV	QOV	0.4098079561042524	0.9811165845648604
CHGV	QOV	0.4094650205761317	0.981101068200493
CHGV	QOV	0.40843621399176955	0.9810543657331137
CHGV	QOV	0.4074074074074074	0.9810074318744839
CHGV	QOV	0.4056927297668038	0.9809286898839138
CHGV	QOV	0.4046639231824417	0.9808811305070657
CHGV	QOV	0.404320987654321	0.9825
CHGV	QOV	0.40089163237311387	0.9823529411764705
CHGV	QOV	0.40089163237311387	0.9831791421362489
CHGV	QOV	0.399519890260631	0.9839527027027027
CHGV	QOV	0.39746227709190673	0.9838709677419355
CHGV	QOV	0.39643347050754457	0.9838297872340426
CHGV	QOV	0.39540466392318246	0.9837883959044369
CHGV	QOV	0.3940329218106996	0.9837328767123288
CHGV	QOV	0.39334705075445814	0.983704974271012
CHGV	QOV	0.39266117969821673	0.9836769759450171
CHGV	QOV	0.39060356652949246	0.9835924006908463
CHGV	QOV	0.39026063100137176	0.9844290657439446
CHGV	QOV	0.3888888888888889	0.984375
CHGV	QOV	0.3868312757201646	0.9842931937172775
CHGV	QOV	0.38511659807956106	0.9850877192982456
CHGV	QOV	0.3840877914951989	0.9850483729111698
CHGV	QOV	0.38271604938271603	0.9849955869373345
CHGV	QOV	0.3820301783264746	0.9849690539345711
CHGV	QOV	0.3813443072702332	0.9849424269264836
CHGV	QOV	0.37962962962962965	0.9857524487978628
CHGV	QOV	0.3792866941015089	0.9857397504456328
CHGV	QOV	0.3782578875171468	0.9857015192135835
CHGV	QOV	0.3775720164609053	0.9856759176365264
CHGV	QOV	0.3768861454046639	0.9856502242152466
CHGV	QOV	0.37551440329218105	0.9855985598559855
CHGV	QOV	0.37551440329218105	0.9864864864864865
CHGV	QOV	0.37482853223593965	0.9864620938628159
CHGV	QOV	0.3727709190672154	0.9863883847549909
CHGV	QOV	0.3720850480109739	0.9863636363636363
CHGV	QOV	0.3710562414266118	0.9872262773722628
CHGV	QOV	0.3707133058984911	0.9872146118721461
CHGV	QOV	0.37037037037037035	0.9881061299176578
CHGV	QOV	0.36899862825788754	0.9880624426078971
CHGV	QOV	0.3676268861454047	0.9880184331797235
CHGV	QOV	0.3669410150891632	0.9879963065558633
CHGV	QOV	0.3659122085048011	0.9879629629629629
CHGV	QOV	0.3631687242798354	0.9878731343283582
CHGV	QOV	0.36179698216735257	0.9878277153558053
CHGV	QOV	0.3611111111111111	0.9878048780487805
CHGV	QOV	0.3604252400548697	0.9877819548872181
CHGV	QOV	0.35939643347050754	0.9877474081055608
CHGV	QOV	0.35836762688614543	0.9877126654064272
CHGV	QOV	0.35459533607681754	0.9875835721107927
CHGV	QOV	0.35219478737997256	0.9875
CHGV	QOV	0.350480109739369	0.9874396135265701
CHGV	QOV	0.3501371742112483	0.9874274661508704
CHGV	QOV	0.34739368998628256	0.9873294346978557
CHGV	QOV	0.34602194787379975	0.987279843444227
CHGV	QOV	0.3453360768175583	0.9891944990176817
CHGV	QOV	0.3449931412894376	0.9891838741396264
CHGV	QOV	0.3436213991769547	0.9891411648568608
CHGV	QOV	0.34190672153635115	0.9890873015873016
CHGV	QOV	0.34122085048010975	0.9900497512437811
CHGV	QOV	0.3395061728395062	0.99
CHGV	QOV	0.3391632373113855	0.98998998998999
CHGV	QOV	0.33676268861454045	0.9899193548387096
CHGV	QOV	0.33539094650205764	0.9898785425101214
CHGV	QOV	0.3347050754458162	0.9898580121703854
CHGV	QOV	0.3333333333333333	0.9898167006109979
CHGV	QOV	0.3326474622770919	0.9897959183673469
CHGV	QOV	0.33127572016460904	0.9897540983606558
CHGV	QOV	0.33024691358024694	0.9897225077081192
CHGV	QOV	0.3295610425240055	0.9897013388259527
CHGV	QOV	0.32853223593964337	0.9896694214876033
CHGV	QOV	0.3275034293552812	0.9896373056994818
CHGV	QOV	0.32510288065843623	0.9895615866388309
CHGV	QOV	0.32338820301783266	0.9895068205666316
CHGV	QOV	0.3216735253772291	0.989451476793249
CHGV	QOV	0.3196159122085048	0.9893842887473461
CHGV	QOV	0.31824417009602196	0.9893390191897654
CHGV	QOV	0.31790123456790126	0.9893276414087513
CHGV	QOV	0.3168724279835391	0.9892933618843683
CHGV	QOV	0.31550068587105623	0.989247311827957
CHGV	QOV	0.31378600823045266	0.9891891891891892
CHGV	QOV	0.31275720164609055	0.990228013029316
CHGV	QOV	0.3103566529492455	0.9901531728665208
CHGV	QOV	0.3096707818930041	0.9901315789473685
CHGV	QOV	0.30829903978052126	0.9900881057268722
CHGV	QOV	0.3069272976680384	0.9900442477876106
CHGV	QOV	0.3058984910836763	0.9900110987791343
CHGV	QOV	0.3041838134430727	0.9910614525139665
CHGV	QOV	0.30281207133058985	0.9910213243546577
CHGV	QOV	0.3000685871056241	0.9909399773499433
CHGV	QOV	0.2993827160493827	0.9909194097616345
CHGV	QOV	0.2986968449931413	0.9908987485779295
CHGV	QOV	0.29801097393689985	0.9908779931584949
CHGV	QOV	0.296639231824417	0.9908361970217641
CHGV	QOV	0.2945816186556927	0.9907727797001153
CHGV	QOV	0.2932098765432099	0.9907300115874855
CHGV	QOV	0.29149519890260633	0.9906759906759907
CHGV	QOV	0.28978052126200277	0.9906213364595545
CHGV	QOV	0.28703703703703703	0.9905325443786982
CHGV	QOV	0.28566529492455417	0.990487514863258
CHGV	QOV	0.2839506172839506	0.9904306220095693
CHGV	QOV	0.28189300411522633	0.9903614457831326
CHGV	QOV	0.2808641975308642	0.9903264812575574
CHGV	QOV	0.27914951989026066	0.9902676399026764
CHGV	QOV	0.2774348422496571	0.9902080783353733
CHGV	QOV	0.2757201646090535	0.9901477832512315
CHGV	QOV	0.2736625514403292	0.9900744416873449
CHGV	QOV	0.2716049382716049	0.99
CHGV	QOV	0.26989026063100136	0.9911838790931989
CHGV	QOV	0.2664609053497942	0.9923371647509579
CHGV	QOV	0.2650891632373114	0.9922978177150192
CHGV	QOV	0.2630315500685871	0.9922380336351876
CHGV	QOV	0.2606310013717421	0.9921671018276762
CHGV	QOV	0.25857338820301784	0.9921052631578947
CHGV	QOV	0.2575445816186557	0.9920739762219286
CHGV	QOV	0.2551440329218107	0.992
CHGV	QOV	0.25342935528120714	0.9919463087248322
CHGV	QOV	0.25102880658436216	0.991869918699187
CHGV	QOV	0.24862825788751713	0.9917920656634747
CHGV	QOV	0.24554183813443073	0.9930651872399445
CHGV	QOV	0.24382716049382716	0.9930167597765364
CHGV	QOV	0.2397119341563786	0.9928977272727273
CHGV	QOV	0.2366255144032922	0.9928057553956835
CHGV	QOV	0.23388203017832648	0.992721979621543
CHGV	QOV	0.23251028806584362	0.9926793557833089
CHGV	QOV	0.23010973936899862	0.992603550295858
CHGV	QOV	0.22770919067215364	0.992526158445441
CHGV	QOV	0.2246227709190672	0.9939301972685888
CHGV	QOV	0.22290809327846364	0.9954058192955589
CHGV	QOV	0.22085048010973937	0.9953632148377125
CHGV	QOV	0.21844993141289437	0.9953125
CHGV	QOV	0.21707818930041153	0.9952830188679245
CHGV	QOV	0.21502057613168724	0.9952380952380953
CHGV	QOV	0.2136488340192044	0.9952076677316294
CHGV	QOV	0.20919067215363513	0.9951060358890701
CHGV	QOV	0.205761316872428	0.9950248756218906
CHGV	QOV	0.203360768175583	0.9949664429530202
CHGV	QOV	0.2006172839506173	0.9948979591836735
CHGV	QOV	0.19855967078189302	0.9948453608247423
CHGV	QOV	0.19684499314128945	0.9948006932409013
CHGV	QOV	0.1934156378600823	0.9947089947089947
CHGV	QOV	0.1906721536351166	0.9946332737030411
CHGV	QOV	0.18689986282578874	0.9945255474452555
CHGV	QOV	0.17901234567901234	0.9942857142857143
CHGV	QOV	0.17421124828532236	0.9941291585127201
CHGV	QOV	0.17181069958847736	0.9940476190476191
CHGV	QOV	0.1670096021947874	0.9938775510204082
CHGV	QOV	0.16323731138545952	0.9937369519832986
CHGV	QOV	0.15912208504801098	0.9935760171306209
CHGV	QOV	0.1526063100137174	0.9933035714285714
CHGV	QOV	0.15123456790123457	0.9932432432432432
CHGV	QOV	0.14643347050754457	0.9930232558139535
CHGV	QOV	0.13991769547325103	0.9927007299270073
CHGV	QOV	0.1337448559670782	0.9948979591836735
CHGV	QOV	0.12825788751714678	0.9946808510638298
CHGV	QOV	0.11968449931412894	0.9943019943019943
CHGV	QOV	0.11179698216735254	0.9939024390243902
CHGV	QOV	0.10596707818930041	0.9935691318327974
CHGV	QOV	0.100480109739369	0.9932203389830508
CHGV	QOV	0.0953360768175583	0.9928571428571429
CHGV	QOV	0.08916323731138547	0.9923664122137404
CHGV	QOV	0.07853223593964334	0.9956521739130435
CHGV	QOV	0.07030178326474623	1.0
CHGV	QOV	0.06138545953360768	1.0
CHGV	QOV	0.05281207133058985	1.0
CHGV	QOV	0.04355281207133059	1.0
CHGV	QOV	0.035322359396433474	1.0
CHGV	QOV	0.028463648834019206	1.0
CHGV	QOV	0.01954732510288066	1.0
CHGV	QOV	0.009945130315500686	1.0
CHGV	QOV	0.0037722908093278463	1.0
CHGV	QOV	0.0	1.0
CHGV	geNomad	1.0	0.19549477071600965
CHGV	geNomad	0.9996570644718793	0.19548015021459228
CHGV	geNomad	0.9996570644718793	0.19558507783145465
CHGV	geNomad	0.9996570644718793	0.19563758389261746
CHGV	geNomad	0.9996570644718793	0.19571639586410636
CHGV	geNomad	0.9993141289437586	0.19575440010748354
CHGV	geNomad	0.9993141289437586	0.19587282382200713
CHGV	geNomad	0.9989711934156379	0.19592413236481032
CHGV	geNomad	0.9986282578875172	0.19593594401830172
CHGV	geNomad	0.9986282578875172	0.1960942760942761
CHGV	geNomad	0.9986282578875172	0.19622641509433963
CHGV	geNomad	0.9986282578875172	0.19633225458468176
CHGV	geNomad	0.9986282578875172	0.19642495784148398
CHGV	geNomad	0.9986282578875172	0.19651774868403293
CHGV	geNomad	0.9986282578875172	0.1966903073286052
CHGV	geNomad	0.9986282578875172	0.19684986142094235
CHGV	geNomad	0.9982853223593965	0.1969020562770563
CHGV	geNomad	0.9982853223593965	0.1969953305813088
CHGV	geNomad	0.9982853223593965	0.1971554351506942
CHGV	geNomad	0.9982853223593965	0.19744963711591942
CHGV	geNomad	0.9982853223593965	0.19757024569024026
CHGV	geNomad	0.9982853223593965	0.1977447184294545
CHGV	geNomad	0.9979423868312757	0.19782460910944935
CHGV	geNomad	0.9979423868312757	0.19802653963933312
CHGV	geNomad	0.9979423868312757	0.19820187985288107
CHGV	geNomad	0.9979423868312757	0.1982694011037678
CHGV	geNomad	0.9972565157750343	0.19833583412904107
CHGV	geNomad	0.9965706447187929	0.19833469833469833
CHGV	geNomad	0.9965706447187929	0.19849726775956283
CHGV	geNomad	0.9965706447187929	0.19872803118375162
CHGV	geNomad	0.9965706447187929	0.19886402518305618
CHGV	geNomad	0.9965706447187929	0.19897295446764807
CHGV	geNomad	0.9965706447187929	0.19908200315133245
CHGV	geNomad	0.9965706447187929	0.19924580047994514
CHGV	geNomad	0.9965706447187929	0.1993278002606489
CHGV	geNomad	0.9965706447187929	0.19956049993132813
CHGV	geNomad	0.9965706447187929	0.19971136004398324
CHGV	geNomad	0.9965706447187929	0.19976627483329895
CHGV	geNomad	0.9965706447187929	0.19995871464941856
CHGV	geNomad	0.9965706447187929	0.20002753303964757
CHGV	geNomad	0.9965706447187929	0.20019289060347203
CHGV	geNomad	0.9965706447187929	0.20028947549796677
CHGV	geNomad	0.9965706447187929	0.20046909492273732
CHGV	geNomad	0.9965706447187929	0.200552104899931
CHGV	geNomad	0.9965706447187929	0.20067674884331194
CHGV	geNomad	0.9965706447187929	0.20077380129888076
CHGV	geNomad	0.9965706447187929	0.20094039551929194
CHGV	geNomad	0.9965706447187929	0.20106552272884523
CHGV	geNomad	0.9965706447187929	0.20130229980604045
CHGV	geNomad	0.9965706447187929	0.20142787828377348
CHGV	geNomad	0.9965706447187929	0.20156759381285982
CHGV	geNomad	0.9965706447187929	0.20167950586439032
CHGV	geNomad	0.9965706447187929	0.20176352148857876
CHGV	geNomad	0.9965706447187929	0.20188967625399473
CHGV	geNomad	0.9965706447187929	0.20201598887730274
CHGV	geNomad	0.9965706447187929	0.20212839952702233
CHGV	geNomad	0.9965706447187929	0.20225501113585745
CHGV	geNomad	0.9965706447187929	0.20246638333449454
CHGV	geNomad	0.9965706447187929	0.2025651749616618
CHGV	geNomad	0.9965706447187929	0.20274890113723576
CHGV	geNomad	0.9965706447187929	0.20290462225946096
CHGV	geNomad	0.9965706447187929	0.20310315907184792
CHGV	geNomad	0.9965706447187929	0.20321678321678321
CHGV	geNomad	0.9965706447187929	0.2033305345647915
CHGV	geNomad	0.9962277091906722	0.2034171276521252
CHGV	geNomad	0.9962277091906722	0.2035739313244569
CHGV	geNomad	0.9962277091906722	0.20365956253505327
CHGV	geNomad	0.9962277091906722	0.2038310412573674
CHGV	geNomad	0.9962277091906722	0.20391688895128457
CHGV	geNomad	0.9962277091906722	0.20406012924978928
CHGV	geNomad	0.9962277091906722	0.20426100407818873
CHGV	geNomad	0.9962277091906722	0.20440472839853646
CHGV	geNomad	0.9962277091906722	0.20450545582541357
CHGV	geNomad	0.9962277091906722	0.20463510848126232
CHGV	geNomad	0.9962277091906722	0.2047937962636588
CHGV	geNomad	0.9958847736625515	0.20483882344642731
CHGV	geNomad	0.9958847736625515	0.20501235439463467
CHGV	geNomad	0.9958847736625515	0.20517168291649004
CHGV	geNomad	0.9958847736625515	0.20534577853203226
CHGV	geNomad	0.9958847736625515	0.2055492638731597
CHGV	geNomad	0.9958847736625515	0.2056802889723068
CHGV	geNomad	0.9958847736625515	0.20575315289783194
CHGV	geNomad	0.9955418381344308	0.20588652482269504
CHGV	geNomad	0.9955418381344308	0.20616433491939493
CHGV	geNomad	0.9955418381344308	0.20629619101762364
CHGV	geNomad	0.9955418381344308	0.20644289574740435
CHGV	geNomad	0.9955418381344308	0.20669277322890708
CHGV	geNomad	0.9955418381344308	0.20703180716017686
CHGV	geNomad	0.9955418381344308	0.20717956037681987
CHGV	geNomad	0.9955418381344308	0.20744604830641702
CHGV	geNomad	0.99519890260631	0.20765652951699462
CHGV	geNomad	0.99519890260631	0.20783499248012605
CHGV	geNomad	0.9948559670781894	0.20798680814453685
CHGV	geNomad	0.9945130315500685	0.20804935791663678
CHGV	geNomad	0.9941700960219478	0.20811198851399856
CHGV	geNomad	0.9941700960219478	0.2083063878709492
CHGV	geNomad	0.992798353909465	0.20822843990505646
CHGV	geNomad	0.9914266117969822	0.20816532258064516
CHGV	geNomad	0.9910836762688614	0.2082732776016143
CHGV	geNomad	0.9910836762688614	0.2084535487593768
CHGV	geNomad	0.9907407407407407	0.2085619405140052
CHGV	geNomad	0.9907407407407407	0.208742774566474
CHGV	geNomad	0.9907407407407407	0.208984375
CHGV	geNomad	0.9907407407407407	0.20913565947589402
CHGV	geNomad	0.99039780521262	0.20922987756284867
CHGV	geNomad	0.99039780521262	0.20944230908695338
CHGV	geNomad	0.99039780521262	0.2097008422887017
CHGV	geNomad	0.9900548696844993	0.20976531279517546
CHGV	geNomad	0.9897119341563786	0.21004366812227074
CHGV	geNomad	0.9886831275720165	0.2101465121364531
CHGV	geNomad	0.9883401920438958	0.21036496350364964
CHGV	geNomad	0.9876543209876543	0.21044939715016442
CHGV	geNomad	0.9873113854595336	0.21068422978412002
CHGV	geNomad	0.9866255144032922	0.21086191732629728
CHGV	geNomad	0.9862825788751715	0.2110670776456774
CHGV	geNomad	0.9859396433470508	0.21127278071722516
CHGV	geNomad	0.9859396433470508	0.21158375036797175
CHGV	geNomad	0.9852537722908093	0.21170142215017315
CHGV	geNomad	0.9838820301783264	0.21176557425450251
CHGV	geNomad	0.9828532235939643	0.2118725511939085
CHGV	geNomad	0.9818244170096022	0.21197986080260625
CHGV	geNomad	0.9807956104252401	0.21210323346188076
CHGV	geNomad	0.9807956104252401	0.21246564148280217
CHGV	geNomad	0.9801097393689986	0.21269628637344645
CHGV	geNomad	0.9801097393689986	0.21296572280178838
CHGV	geNomad	0.9790809327846365	0.21313923105636431
CHGV	geNomad	0.9783950617283951	0.21348398683029032
CHGV	geNomad	0.9780521262002744	0.21368097699857647
CHGV	geNomad	0.977366255144033	0.21377137713771377
CHGV	geNomad	0.9766803840877915	0.2139262375122061
CHGV	geNomad	0.9763374485596708	0.21430184418517126
CHGV	geNomad	0.9749657064471879	0.21433956574185767
CHGV	geNomad	0.9746227709190672	0.2144743792921289
CHGV	geNomad	0.9735939643347051	0.2147178944183936
CHGV	geNomad	0.9735939643347051	0.21494548758328286
CHGV	geNomad	0.9729080932784636	0.21515243440012133
CHGV	geNomad	0.9725651577503429	0.21543603767851716
CHGV	geNomad	0.9722222222222222	0.21583555386372288
CHGV	geNomad	0.9718792866941015	0.2162038449801648
CHGV	geNomad	0.9715363511659808	0.21647436387254526
CHGV	geNomad	0.970164609053498	0.21669858291842206
CHGV	geNomad	0.9691358024691358	0.21685082872928177
CHGV	geNomad	0.9684499314128944	0.2171806506190879
CHGV	geNomad	0.9674211248285323	0.21743486973947895
CHGV	geNomad	0.96639231824417	0.21757257566399013
CHGV	geNomad	0.9660493827160493	0.21815224967087432
CHGV	geNomad	0.9650205761316872	0.21851219133405808
CHGV	geNomad	0.9639917695473251	0.21872082166199813
CHGV	geNomad	0.9629629629629629	0.21894736842105264
CHGV	geNomad	0.9626200274348422	0.21910857856529545
CHGV	geNomad	0.9615912208504801	0.2193538293045451
CHGV	geNomad	0.9615912208504801	0.21968035098715136
CHGV	geNomad	0.9609053497942387	0.21988542729341598
CHGV	geNomad	0.960562414266118	0.22020440251572326
CHGV	geNomad	0.9595336076817559	0.22067986434261377
CHGV	geNomad	0.9588477366255144	0.2210276679841897
CHGV	geNomad	0.9571330589849109	0.22106930693069307
CHGV	geNomad	0.9561042524005487	0.22146318214314084
CHGV	geNomad	0.9557613168724279	0.22164784475902657
CHGV	geNomad	0.9550754458161865	0.22208931419457736
CHGV	geNomad	0.9543895747599451	0.2223731522173392
CHGV	geNomad	0.9537037037037037	0.22255121638924455
CHGV	geNomad	0.9519890260631001	0.22284659227743436
CHGV	geNomad	0.9516460905349794	0.22339397842537434
CHGV	geNomad	0.9499314128943759	0.22345918038076798
CHGV	geNomad	0.9482167352537723	0.22372360223319038
CHGV	geNomad	0.9475308641975309	0.22396044419226716
CHGV	geNomad	0.9454732510288066	0.22410990082913348
CHGV	geNomad	0.9434156378600823	0.22413231220466026
CHGV	geNomad	0.9430727023319616	0.22487529642652712
CHGV	geNomad	0.9423868312757202	0.22511673629884493
CHGV	geNomad	0.9410150891632373	0.22530585433943673
CHGV	geNomad	0.9406721536351166	0.22572416063199474
CHGV	geNomad	0.9399862825788752	0.22591279980219237
CHGV	geNomad	0.9368998628257887	0.22582244999173418
CHGV	geNomad	0.9348422496570644	0.22599900514010943
CHGV	geNomad	0.9338134430727023	0.22638842700365813
CHGV	geNomad	0.9327846364883402	0.22678005669501416
CHGV	geNomad	0.9317558299039781	0.2271549201571775
CHGV	geNomad	0.9303840877914952	0.22740989103101425
CHGV	geNomad	0.928326474622771	0.2275363537026141
CHGV	geNomad	0.9276406035665294	0.22790462549498694
CHGV	geNomad	0.9259259259259259	0.22829119810602858
CHGV	geNomad	0.9248971193415638	0.22857869310958556
CHGV	geNomad	0.9238683127572016	0.22886755585761617
CHGV	geNomad	0.9221536351165981	0.22902648837407377
CHGV	geNomad	0.921124828532236	0.22947458351131994
CHGV	geNomad	0.9204389574759945	0.2297158507360493
CHGV	geNomad	0.9180384087791496	0.2298445951747231
CHGV	geNomad	0.9163237311385459	0.23028527105059035
CHGV	geNomad	0.9156378600823045	0.2306496199032481
CHGV	geNomad	0.9142661179698217	0.23102253032928943
CHGV	geNomad	0.9135802469135802	0.23129015454071888
CHGV	geNomad	0.9128943758573388	0.23174022808392095
CHGV	geNomad	0.911522633744856	0.23226144704648724
CHGV	geNomad	0.9108367626886146	0.23265592151366504
CHGV	geNomad	0.909122085048011	0.2330754352030948
CHGV	geNomad	0.909122085048011	0.2335477050480134
CHGV	geNomad	0.9077503429355281	0.23401998054990716
CHGV	geNomad	0.9060356652949245	0.234531735463826
CHGV	geNomad	0.9050068587105624	0.2349537037037037
CHGV	geNomad	0.9029492455418381	0.2352363084070401
CHGV	geNomad	0.901920438957476	0.2355153577505149
CHGV	geNomad	0.9008916323731139	0.23613483146067415
CHGV	geNomad	0.8988340192043895	0.2362751284593888
CHGV	geNomad	0.8978052126200274	0.23668746044661423
CHGV	geNomad	0.8964334705075446	0.23707600217667332
CHGV	geNomad	0.8954046639231824	0.2376012376012376
CHGV	geNomad	0.8940329218106996	0.23779987229772873
CHGV	geNomad	0.8936899862825789	0.23836092563797676
CHGV	geNomad	0.8912894375857339	0.23857169083899393
CHGV	geNomad	0.8899176954732511	0.23881833241303146
CHGV	geNomad	0.8882030178326474	0.23904014766958928
CHGV	geNomad	0.8878600823045267	0.239700027775206
CHGV	geNomad	0.887517146776406	0.24007421150278294
CHGV	geNomad	0.8861454046639232	0.24057350339819383
CHGV	geNomad	0.8854595336076817	0.24128586113447342
CHGV	geNomad	0.8837448559670782	0.2414956423952769
CHGV	geNomad	0.8830589849108368	0.24196579590302575
CHGV	geNomad	0.8816872427983539	0.24227289860535242
CHGV	geNomad	0.8796296296296297	0.24262202043132802
CHGV	geNomad	0.879286694101509	0.24317147192716237
CHGV	geNomad	0.877914951989026	0.243531202435312
CHGV	geNomad	0.8755144032921811	0.24372315035799522
CHGV	geNomad	0.8748285322359396	0.24418493347372452
CHGV	geNomad	0.8724279835390947	0.24438040345821327
CHGV	geNomad	0.8717421124828533	0.24479969183359013
CHGV	geNomad	0.870713305898491	0.24548003480614908
CHGV	geNomad	0.8693415637860082	0.24580626393871813
CHGV	geNomad	0.8683127572016461	0.24620770128354727
CHGV	geNomad	0.8665980795610425	0.24663283232480968
CHGV	geNomad	0.8662551440329218	0.2471866131715432
CHGV	geNomad	0.8641975308641975	0.24764150943396226
CHGV	geNomad	0.8631687242798354	0.2482493342538712
CHGV	geNomad	0.8617969821673526	0.24866415990500693
CHGV	geNomad	0.8597393689986282	0.24880905121079794
CHGV	geNomad	0.8587105624142661	0.24925343420266774
CHGV	geNomad	0.857681755829904	0.24970047923322683
CHGV	geNomad	0.8559670781893004	0.249924902373085
CHGV	geNomad	0.8542524005486969	0.25042726450185987
CHGV	geNomad	0.8518518518518519	0.25063061245081225
CHGV	geNomad	0.8511659807956105	0.25096056622851365
CHGV	geNomad	0.848079561042524	0.25093860984271943
CHGV	geNomad	0.8477366255144033	0.2513472292831723
CHGV	geNomad	0.8463648834019204	0.25163132137030997
CHGV	geNomad	0.8449931412894376	0.2520200470491971
CHGV	geNomad	0.8436213991769548	0.2523076923076923
CHGV	geNomad	0.843278463648834	0.25311374163664435
CHGV	geNomad	0.8422496570644719	0.25332645693656525
CHGV	geNomad	0.8405349794238683	0.25364793542378145
CHGV	geNomad	0.8391632373113854	0.2535751295336788
CHGV	geNomad	0.8388203017832647	0.2540770748935286
CHGV	geNomad	0.8371056241426612	0.2543503178076482
CHGV	geNomad	0.8350480109739369	0.2543877977434183
CHGV	geNomad	0.8333333333333334	0.2548772813089994
CHGV	geNomad	0.8329903978052127	0.2554153522607781
CHGV	geNomad	0.8316186556927297	0.2557477325458764
CHGV	geNomad	0.8316186556927297	0.25647805393971446
CHGV	geNomad	0.8295610425240055	0.256657824933687
CHGV	geNomad	0.828875171467764	0.2572645023948909
CHGV	geNomad	0.8281893004115226	0.257847533632287
CHGV	geNomad	0.8261316872427984	0.2579505300353357
CHGV	geNomad	0.8257887517146777	0.25856329861483945
CHGV	geNomad	0.8240740740740741	0.25866523143164694
CHGV	geNomad	0.8227023319615913	0.25887558001510735
CHGV	geNomad	0.821673525377229	0.259055032976538
CHGV	geNomad	0.8199588477366255	0.25941195616795054
CHGV	geNomad	0.8192729766803841	0.25958926437031404
CHGV	geNomad	0.8179012345679012	0.2602291325695581
CHGV	geNomad	0.8175582990397805	0.2610028465075542
CHGV	geNomad	0.8161865569272977	0.26119402985074625
CHGV	geNomad	0.8155006858710563	0.2616637323943662
CHGV	geNomad	0.8144718792866941	0.26208342529242995
CHGV	geNomad	0.8141289437585734	0.2626687320203585
CHGV	geNomad	0.813443072702332	0.2632046160674656
CHGV	geNomad	0.8124142661179699	0.26348570793015236
CHGV	geNomad	0.8120713305898491	0.2643447198035276
CHGV	geNomad	0.8100137174211248	0.2643832549809716
CHGV	geNomad	0.8096707818930041	0.264775148592576
CHGV	geNomad	0.808641975308642	0.2654209815398469
CHGV	geNomad	0.8082990397805213	0.26599706579392846
CHGV	geNomad	0.8072702331961591	0.2665911664779162
CHGV	geNomad	0.8065843621399177	0.26687847498014294
CHGV	geNomad	0.8052126200274349	0.2673650649054885
CHGV	geNomad	0.8041838134430727	0.26787754169522504
CHGV	geNomad	0.8028120713305898	0.26855569576689226
CHGV	geNomad	0.8017832647462277	0.26916877734285055
CHGV	geNomad	0.8010973936899863	0.26974595842956123
CHGV	geNomad	0.799039780521262	0.27008229975657816
CHGV	geNomad	0.7980109739368999	0.27067581714551586
CHGV	geNomad	0.7969821673525377	0.2713051599346253
CHGV	geNomad	0.796639231824417	0.2720777699695479
CHGV	geNomad	0.7952674897119342	0.2723429242513212
CHGV	geNomad	0.7942386831275721	0.272984441301273
CHGV	geNomad	0.7928669410150891	0.2734800094629761
CHGV	geNomad	0.7911522633744856	0.2737629049483802
CHGV	geNomad	0.7890946502057613	0.27415703562492555
CHGV	geNomad	0.7873799725651578	0.2745426282434533
CHGV	geNomad	0.7856652949245542	0.2747002398081535
CHGV	geNomad	0.7829218106995884	0.2746631376323388
CHGV	geNomad	0.7808641975308642	0.27483403741701873
CHGV	geNomad	0.7808641975308642	0.2754324422402322
CHGV	geNomad	0.7805212620027435	0.27607957302280445
CHGV	geNomad	0.7794924554183813	0.27719512195121954
CHGV	geNomad	0.7784636488340192	0.27770981159774893
CHGV	geNomad	0.7777777777777778	0.27845303867403315
CHGV	geNomad	0.7767489711934157	0.2788035450516987
CHGV	geNomad	0.7757201646090535	0.2791558681969641
CHGV	geNomad	0.7736625514403292	0.2791388270230141
CHGV	geNomad	0.772633744855967	0.2792513634110064
CHGV	geNomad	0.7719478737997256	0.2797315769852119
CHGV	geNomad	0.7698902606310014	0.2800998128509046
CHGV	geNomad	0.7688614540466392	0.2805305305305305
CHGV	geNomad	0.7688614540466392	0.28155217882707523
CHGV	geNomad	0.7674897119341564	0.2817929992445228
CHGV	geNomad	0.7661179698216736	0.2822845590093505
CHGV	geNomad	0.7650891632373114	0.28283468559837727
CHGV	geNomad	0.7640603566529492	0.2834245006996565
CHGV	geNomad	0.7630315500685871	0.2839821314613912
CHGV	geNomad	0.7609739368998628	0.28401382311532064
CHGV	geNomad	0.75960219478738	0.28433889602053913
CHGV	geNomad	0.7592592592592593	0.2850521436848204
CHGV	geNomad	0.7578875171467764	0.28530854634650143
CHGV	geNomad	0.7565157750342936	0.2856772856772857
CHGV	geNomad	0.7558299039780522	0.28615943910672553
CHGV	geNomad	0.7554869684499315	0.286736951711571
CHGV	geNomad	0.7537722908093278	0.2869077143975982
CHGV	geNomad	0.752400548696845	0.2872103678491949
CHGV	geNomad	0.7520576131687243	0.2880220646178093
CHGV	geNomad	0.7513717421124828	0.28882151331399947
CHGV	geNomad	0.7496570644718793	0.2892299550145541
CHGV	geNomad	0.7489711934156379	0.2895399708338857
CHGV	geNomad	0.7482853223593965	0.29004386547919714
CHGV	geNomad	0.7479423868312757	0.2904901438465637
CHGV	geNomad	0.7458847736625515	0.2908531692966034
CHGV	geNomad	0.74519890260631	0.29101379402705235
CHGV	geNomad	0.7438271604938271	0.2913364674278039
CHGV	geNomad	0.742798353909465	0.2918350848827809
CHGV	geNomad	0.7417695473251029	0.29213938411669366
CHGV	geNomad	0.7397119341563786	0.292236824278553
CHGV	geNomad	0.7397119341563786	0.29259359739555074
CHGV	geNomad	0.7386831275720165	0.29310110219077423
CHGV	geNomad	0.7379972565157751	0.29378839590443684
CHGV	geNomad	0.7373113854595336	0.2942384015327768
CHGV	geNomad	0.7352537722908093	0.2947079037800687
CHGV	geNomad	0.7345679012345679	0.29500068861038425
CHGV	geNomad	0.7338820301783264	0.2957026392151444
CHGV	geNomad	0.7321673525377229	0.29595231494316604
CHGV	geNomad	0.7290809327846365	0.295647336948964
CHGV	geNomad	0.7283950617283951	0.2962756311898452
CHGV	geNomad	0.7270233196159122	0.2967109867039888
CHGV	geNomad	0.7263374485596708	0.2973883740522325
CHGV	geNomad	0.7263374485596708	0.2979741136747327
CHGV	geNomad	0.7253086419753086	0.29860228716645487
CHGV	geNomad	0.7249657064471879	0.2991368331682468
CHGV	geNomad	0.7239368998628258	0.29973022859576887
CHGV	geNomad	0.7232510288065843	0.3002135231316726
CHGV	geNomad	0.7222222222222222	0.30090012858979853
CHGV	geNomad	0.7218792866941015	0.3017921146953405
CHGV	geNomad	0.7211934156378601	0.30228546787408367
CHGV	geNomad	0.720164609053498	0.3025064822817632
CHGV	geNomad	0.7194787379972565	0.30304781164235156
CHGV	geNomad	0.7187928669410151	0.3034163288940359
CHGV	geNomad	0.7170781893004116	0.3034833091436865
CHGV	geNomad	0.7157064471879286	0.30374035802648813
CHGV	geNomad	0.7146776406035665	0.30423357664233575
CHGV	geNomad	0.7139917695473251	0.30487626299604625
CHGV	geNomad	0.7133058984910837	0.30507480199471987
CHGV	geNomad	0.7129629629629629	0.30578026180320633
CHGV	geNomad	0.7109053497942387	0.3057973152382357
CHGV	geNomad	0.7074759945130316	0.3058561897702001
CHGV	geNomad	0.7067901234567902	0.30619521616401724
CHGV	geNomad	0.7061042524005487	0.3064900267936886
CHGV	geNomad	0.7047325102880658	0.30680800238877276
CHGV	geNomad	0.7040466392318244	0.3068759342301943
CHGV	geNomad	0.7037037037037037	0.30741573033707864
CHGV	geNomad	0.703360768175583	0.30795795795795794
CHGV	geNomad	0.703360768175583	0.30869957856712826
CHGV	geNomad	0.7013031550068587	0.30895905725940476
CHGV	geNomad	0.7013031550068587	0.3096608116293156
CHGV	geNomad	0.6999314128943759	0.3102766798418972
CHGV	geNomad	0.6989026063100137	0.31057604388905824
CHGV	geNomad	0.6982167352537723	0.31093463653023823
CHGV	geNomad	0.6982167352537723	0.31150550795593634
CHGV	geNomad	0.6975308641975309	0.3117241379310345
CHGV	geNomad	0.6968449931412894	0.3123270826928989
CHGV	geNomad	0.6965020576131687	0.3126058180698784
CHGV	geNomad	0.6954732510288066	0.31334981458590855
CHGV	geNomad	0.6951303155006858	0.314214850410789
CHGV	geNomad	0.6941015089163237	0.3145788001243394
CHGV	geNomad	0.693758573388203	0.31535463756819954
CHGV	geNomad	0.6930727023319616	0.31612701392147663
CHGV	geNomad	0.6920438957475995	0.3168472287643272
CHGV	geNomad	0.6910150891632373	0.31737281461647504
CHGV	geNomad	0.6906721536351166	0.3180669614655717
CHGV	geNomad	0.6893004115226338	0.3186429930247305
CHGV	geNomad	0.6886145404663924	0.31908469728269506
CHGV	geNomad	0.6875857338820301	0.31987874920229736
CHGV	geNomad	0.6868998628257887	0.32032624340316646
CHGV	geNomad	0.686556927297668	0.32093619749919844
CHGV	geNomad	0.6855281207133059	0.32143431419842416
CHGV	geNomad	0.6851851851851852	0.32179094862296664
CHGV	geNomad	0.684156378600823	0.3222940226171244
CHGV	geNomad	0.6838134430727023	0.322914979757085
CHGV	geNomad	0.6831275720164609	0.32327166504381694
CHGV	geNomad	0.6824417009602195	0.3235772357723577
CHGV	geNomad	0.6820987654320988	0.32420537897310514
CHGV	geNomad	0.6814128943758574	0.325098167539267
CHGV	geNomad	0.6800411522633745	0.3252419222568476
CHGV	geNomad	0.6796982167352538	0.32614777028138886
CHGV	geNomad	0.6790123456790124	0.3271645736946464
CHGV	geNomad	0.678326474622771	0.3273750413770275
CHGV	geNomad	0.678326474622771	0.32818981251037
CHGV	geNomad	0.676954732510288	0.3283433133732535
CHGV	geNomad	0.6755829903978052	0.328881469115192
CHGV	geNomad	0.6755829903978052	0.32998324958123953
CHGV	geNomad	0.6755829903978052	0.33098118279569894
CHGV	geNomad	0.6748971193415638	0.3314805457301668
CHGV	geNomad	0.6745541838134431	0.332207397399088
CHGV	geNomad	0.6731824417009602	0.33254277486024053
CHGV	geNomad	0.6718106995884774	0.332710597826087
CHGV	geNomad	0.6718106995884774	0.3334468085106383
CHGV	geNomad	0.6700960219478738	0.33373185311699405
CHGV	geNomad	0.668724279835391	0.3341902313624679
CHGV	geNomad	0.6683813443072703	0.3350524325253567
CHGV	geNomad	0.6680384087791496	0.33522629495783857
CHGV	geNomad	0.6666666666666666	0.335809293487649
CHGV	geNomad	0.6656378600823045	0.3361038961038961
CHGV	geNomad	0.6649519890260631	0.3364567065764359
CHGV	geNomad	0.663923182441701	0.3371060421382553
CHGV	geNomad	0.6632373113854595	0.3375807296212253
CHGV	geNomad	0.6628943758573388	0.33811439566206053
CHGV	geNomad	0.6611796982167353	0.3381862831082266
CHGV	geNomad	0.6608367626886146	0.3387238530497451
CHGV	geNomad	0.6598079561042524	0.33891139686454114
CHGV	geNomad	0.659122085048011	0.33921637839745855
CHGV	geNomad	0.6580932784636488	0.3400673400673401
CHGV	geNomad	0.6570644718792867	0.3403801740984189
CHGV	geNomad	0.6563786008230452	0.34099412079102087
CHGV	geNomad	0.6553497942386831	0.34149392423159397
CHGV	geNomad	0.6539780521262003	0.3418175300233017
CHGV	geNomad	0.6515775034293553	0.34209578682030967
CHGV	geNomad	0.6512345679012346	0.34284166817115
CHGV	geNomad	0.6508916323731139	0.34352941176470586
CHGV	geNomad	0.6502057613168725	0.3441016333938294
CHGV	geNomad	0.6498628257887518	0.34454545454545454
CHGV	geNomad	0.6484910836762688	0.3445699708454811
CHGV	geNomad	0.647119341563786	0.34490952293913363
CHGV	geNomad	0.6464334705075446	0.34555453712190654
CHGV	geNomad	0.6457475994513031	0.345821854912764
CHGV	geNomad	0.6454046639231824	0.34627414903403864
CHGV	geNomad	0.6443758573388203	0.3471272861629411
CHGV	geNomad	0.6443758573388203	0.34770540340488526
CHGV	geNomad	0.6430041152263375	0.34767290932690526
CHGV	geNomad	0.642318244170096	0.3478826151560178
CHGV	geNomad	0.6406035665294925	0.34792326317750044
CHGV	geNomad	0.6385459533607681	0.3475826022027254
CHGV	geNomad	0.6378600823045267	0.34805389221556887
CHGV	geNomad	0.637517146776406	0.34858428651790735
CHGV	geNomad	0.637517146776406	0.34943609022556393
CHGV	geNomad	0.6371742112482853	0.35010363670623706
CHGV	geNomad	0.6354595336076817	0.3498867069486405
CHGV	geNomad	0.6347736625514403	0.3503028009084027
CHGV	geNomad	0.6340877914951989	0.350853889943074
CHGV	geNomad	0.6334019204389575	0.35100722158874953
CHGV	geNomad	0.6323731138545954	0.3513719512195122
CHGV	geNomad	0.6313443072702332	0.3518058475062106
CHGV	geNomad	0.6299725651577504	0.35184830492242863
CHGV	geNomad	0.6286008230452675	0.3519585253456221
CHGV	geNomad	0.6282578875171467	0.3522399538550279
CHGV	geNomad	0.6272290809327846	0.35240847784200385
CHGV	geNomad	0.6265432098765432	0.3527027027027027
CHGV	geNomad	0.6262002743484225	0.3532598181466435
CHGV	geNomad	0.6262002743484225	0.3538074016663437
CHGV	geNomad	0.6251714677640604	0.35384316770186336
CHGV	geNomad	0.6244855967078189	0.3546251217137293
CHGV	geNomad	0.6241426611796982	0.35526058949834083
CHGV	geNomad	0.6234567901234568	0.3559819855100842
CHGV	geNomad	0.6217421124828533	0.3566089693154996
CHGV	geNomad	0.6217421124828533	0.3571006499901517
CHGV	geNomad	0.6213991769547325	0.3576080521018354
CHGV	geNomad	0.6210562414266118	0.3582591493570722
CHGV	geNomad	0.6203703703703703	0.35892857142857143
CHGV	geNomad	0.6200274348422496	0.3596578476228367
CHGV	geNomad	0.6189986282578875	0.35984848484848486
CHGV	geNomad	0.6183127572016461	0.36031175059952036
CHGV	geNomad	0.6176268861454046	0.3605605605605606
CHGV	geNomad	0.6172839506172839	0.36108324974924777
CHGV	geNomad	0.6165980795610425	0.3615523828674844
CHGV	geNomad	0.6159122085048011	0.36202378552711145
CHGV	geNomad	0.6155692729766804	0.36291953093408813
CHGV	geNomad	0.6152263374485597	0.363452188006483
CHGV	geNomad	0.614883401920439	0.36413484971567833
CHGV	geNomad	0.614883401920439	0.3647274206672091
CHGV	geNomad	0.6138545953360768	0.3653061224489796
CHGV	geNomad	0.6131687242798354	0.36609336609336607
CHGV	geNomad	0.6121399176954733	0.36600369079352063
CHGV	geNomad	0.6114540466392319	0.36679695535897966
CHGV	geNomad	0.6114540466392319	0.36755308183879615
CHGV	geNomad	0.6111111111111112	0.3679537476770597
CHGV	geNomad	0.6111111111111112	0.36879139072847683
CHGV	geNomad	0.6111111111111112	0.3695562007465782
CHGV	geNomad	0.6097393689986282	0.3700312174817898
CHGV	geNomad	0.6097393689986282	0.37057107127969985
CHGV	geNomad	0.6093964334705075	0.37105867613280435
CHGV	geNomad	0.6087105624142661	0.3713389121338912
CHGV	geNomad	0.6083676268861454	0.3719857412455441
CHGV	geNomad	0.6080246913580247	0.37247899159663866
CHGV	geNomad	0.607681755829904	0.3728956228956229
CHGV	geNomad	0.6066529492455418	0.37320675105485235
CHGV	geNomad	0.6056241426611797	0.37391488460724115
CHGV	geNomad	0.6049382716049383	0.37452229299363055
CHGV	geNomad	0.6045953360768176	0.3755058572949947
CHGV	geNomad	0.6045953360768176	0.37606655290102387
CHGV	geNomad	0.6042524005486969	0.37681779298545764
CHGV	geNomad	0.6035665294924554	0.37752037752037754
CHGV	geNomad	0.6018518518518519	0.37782561894510225
CHGV	geNomad	0.6011659807956105	0.37845423143350604
CHGV	geNomad	0.6008230452674898	0.3786470715366328
CHGV	geNomad	0.6008230452674898	0.37971391417425226
CHGV	geNomad	0.600480109739369	0.3803214596003475
CHGV	geNomad	0.600480109739369	0.3815646110263674
CHGV	geNomad	0.6001371742112482	0.38192928852029684
CHGV	geNomad	0.5997942386831275	0.3824622785917341
CHGV	geNomad	0.5997942386831275	0.38363676244790523
CHGV	geNomad	0.5991083676268861	0.3837873462214411
CHGV	geNomad	0.598079561042524	0.3841409691629956
CHGV	geNomad	0.598079561042524	0.38490399470315606
CHGV	geNomad	0.598079561042524	0.38575536385755366
CHGV	geNomad	0.5977366255144033	0.3865602129075183
CHGV	geNomad	0.5970507544581619	0.38671701466015107
CHGV	geNomad	0.5967078189300411	0.3873552983081033
CHGV	geNomad	0.5953360768175583	0.38741352376701627
CHGV	geNomad	0.5939643347050755	0.38773225878665774
CHGV	geNomad	0.5936213991769548	0.3879426266248319
CHGV	geNomad	0.5922496570644719	0.38826438848920863
CHGV	geNomad	0.5915637860082305	0.3893026404874746
CHGV	geNomad	0.590877914951989	0.3895546009495817
CHGV	geNomad	0.5901920438957476	0.3899841377747564
CHGV	geNomad	0.5901920438957476	0.3906923950056754
CHGV	geNomad	0.5901920438957476	0.39158134243458476
CHGV	geNomad	0.5898491083676269	0.3924252794889345
CHGV	geNomad	0.5895061728395061	0.3929142857142857
CHGV	geNomad	0.588477366255144	0.3933073573229429
CHGV	geNomad	0.5874485596707819	0.39325068870523416
CHGV	geNomad	0.5874485596707819	0.3938836514141182
CHGV	geNomad	0.5867626886145405	0.39442139234670354
CHGV	geNomad	0.5857338820301783	0.3945483945483945
CHGV	geNomad	0.5853909465020576	0.3955967555040556
CHGV	geNomad	0.5853909465020576	0.39605568445475636
CHGV	geNomad	0.5850480109739369	0.39646758075761096
CHGV	geNomad	0.5850480109739369	0.39766899766899766
CHGV	geNomad	0.5840192043895748	0.39799018462257535
CHGV	geNomad	0.5833333333333334	0.3985473289597001
CHGV	geNomad	0.5826474622770919	0.3988262910798122
CHGV	geNomad	0.5819615912208504	0.3992941176470588
CHGV	geNomad	0.5809327846364883	0.39952830188679245
CHGV	geNomad	0.5795610425240055	0.39943275821318835
CHGV	geNomad	0.578875171467764	0.39981051634296544
CHGV	geNomad	0.578875171467764	0.40056953013763646
CHGV	geNomad	0.5781893004115226	0.40133301594858367
CHGV	geNomad	0.5771604938271605	0.4014790076335878
CHGV	geNomad	0.5764746227709191	0.4022493419478344
CHGV	geNomad	0.5757887517146777	0.4025413569887317
CHGV	geNomad	0.5751028806584362	0.4027377521613833
CHGV	geNomad	0.5740740740740741	0.40269425066153475
CHGV	geNomad	0.573045267489712	0.4031363088057901
CHGV	geNomad	0.5723593964334706	0.4034324389654339
CHGV	geNomad	0.5713305898491083	0.4033898305084746
CHGV	geNomad	0.5709876543209876	0.4040281485076438
CHGV	geNomad	0.5703017832647462	0.40481986368062317
CHGV	geNomad	0.5696159122085048	0.4050231650816874
CHGV	geNomad	0.5689300411522634	0.40522716170004885
CHGV	geNomad	0.5679012345679012	0.4050880626223092
CHGV	geNomad	0.5675582990397805	0.40583619421284944
CHGV	geNomad	0.5665294924554184	0.40619621342512907
CHGV	geNomad	0.565843621399177	0.4063038660428466
CHGV	geNomad	0.5648148148148148	0.40686758893280633
CHGV	geNomad	0.5648148148148148	0.40767326732673265
CHGV	geNomad	0.5641289437585734	0.4080873232448524
CHGV	geNomad	0.563443072702332	0.4088081612341378
CHGV	geNomad	0.5624142661179699	0.4086718165960628
CHGV	geNomad	0.5620713305898491	0.40944291781164127
CHGV	geNomad	0.5617283950617284	0.4099099099099099
CHGV	geNomad	0.5613854595336076	0.4106874059207225
CHGV	geNomad	0.5603566529492455	0.4107591754650578
CHGV	geNomad	0.5596707818930041	0.4118092354277063
CHGV	geNomad	0.5593278463648834	0.4125980268150772
CHGV	geNomad	0.5593278463648834	0.41312056737588654
CHGV	geNomad	0.558641975308642	0.41334686627759454
CHGV	geNomad	0.5582990397805213	0.41351282702565406
CHGV	geNomad	0.5579561042524005	0.4144167091186959
CHGV	geNomad	0.5579561042524005	0.41494516704922213
CHGV	geNomad	0.5579561042524005	0.415581098339719
CHGV	geNomad	0.556241426611797	0.41525857654889914
CHGV	geNomad	0.556241426611797	0.41600410361631185
CHGV	geNomad	0.5558984910836763	0.4167095115681234
CHGV	geNomad	0.5548696844993142	0.417117813869554
CHGV	geNomad	0.5541838134430727	0.41735537190082644
CHGV	geNomad	0.5541838134430727	0.41821946169772256
CHGV	geNomad	0.553840877914952	0.4186106791083463
CHGV	geNomad	0.5531550068587106	0.4195058517555267
CHGV	geNomad	0.5528120713305898	0.4200104220948411
CHGV	geNomad	0.5524691358024691	0.4204070981210856
CHGV	geNomad	0.5521262002743484	0.4206950614058009
CHGV	geNomad	0.5510973936899863	0.4209009952854898
CHGV	geNomad	0.5507544581618655	0.42152230971128607
CHGV	geNomad	0.5507544581618655	0.4226315789473684
CHGV	geNomad	0.5497256515775034	0.4229551451187335
CHGV	geNomad	0.5480109739368999	0.42286319132045513
CHGV	geNomad	0.5462962962962963	0.4225464190981432
CHGV	geNomad	0.5456104252400549	0.42302579101302845
CHGV	geNomad	0.5449245541838135	0.4231691078561917
CHGV	geNomad	0.5445816186556928	0.4240320427236315
CHGV	geNomad	0.5442386831275721	0.42467219694942465
CHGV	geNomad	0.5428669410150891	0.42451059265218555
CHGV	geNomad	0.5428669410150891	0.4256520570045711
CHGV	geNomad	0.5425240054869684	0.42595584275713516
CHGV	geNomad	0.5414951989026063	0.42583603020496225
CHGV	geNomad	0.5411522633744856	0.42660178426601786
CHGV	geNomad	0.5404663923182441	0.42710027100271003
CHGV	geNomad	0.5397805212620027	0.4276011953273567
CHGV	geNomad	0.539437585733882	0.4283769063180828
CHGV	geNomad	0.5390946502057613	0.4292736209721464
CHGV	geNomad	0.5384087791495199	0.42943107221006566
CHGV	geNomad	0.5377229080932785	0.43029637760702527
CHGV	geNomad	0.5370370370370371	0.4308115543328748
CHGV	geNomad	0.5363511659807956	0.43144827586206896
CHGV	geNomad	0.5360082304526749	0.4318872616744957
CHGV	geNomad	0.5360082304526749	0.4324847814056447
CHGV	geNomad	0.5360082304526749	0.4335644937586685
CHGV	geNomad	0.5353223593964335	0.43457683741648107
CHGV	geNomad	0.5349794238683128	0.4351464435146444
CHGV	geNomad	0.5342935528120714	0.4356823266219239
CHGV	geNomad	0.5339506172839507	0.43601232147857744
CHGV	geNomad	0.5332647462277091	0.43630751964085296
CHGV	geNomad	0.5332647462277091	0.43692048328182076
CHGV	geNomad	0.532235939643347	0.43681396003377426
CHGV	geNomad	0.532235939643347	0.4376762549351382
CHGV	geNomad	0.5308641975308642	0.43765903307888043
CHGV	geNomad	0.529835390946502	0.43817356778218947
CHGV	geNomad	0.529835390946502	0.43879579664867935
CHGV	geNomad	0.5291495198902606	0.43897581792318635
CHGV	geNomad	0.5284636488340192	0.439532230462065
CHGV	geNomad	0.5274348422496571	0.4395541583309517
CHGV	geNomad	0.5270919067215364	0.44052737173975354
CHGV	geNomad	0.5267489711934157	0.4411257897759908
CHGV	geNomad	0.5257201646090535	0.44127806563039723
CHGV	geNomad	0.5253772290809328	0.44226327944572746
CHGV	geNomad	0.5250342935528121	0.44312590448625183
CHGV	geNomad	0.5243484224965707	0.44383164005805514
CHGV	geNomad	0.52400548696845	0.44405696018599244
CHGV	geNomad	0.5236625514403292	0.4446709376820035
CHGV	geNomad	0.5233196159122085	0.44528742340239275
CHGV	geNomad	0.5216049382716049	0.44499707431246344
CHGV	geNomad	0.5209190672153635	0.4458467860287643
CHGV	geNomad	0.5209190672153635	0.4463708492506612
CHGV	geNomad	0.5202331961591221	0.44696523276370065
CHGV	geNomad	0.5202331961591221	0.4474926253687316
CHGV	geNomad	0.5198902606310014	0.4486534477656111
CHGV	geNomad	0.5195473251028807	0.4495548961424332
CHGV	geNomad	0.5188614540466392	0.44989592625631875
CHGV	geNomad	0.5185185185185185	0.450402144772118
CHGV	geNomad	0.5174897119341564	0.45044776119402985
CHGV	geNomad	0.5171467764060357	0.45136186770428016
CHGV	geNomad	0.5164609053497943	0.4519807923169268
CHGV	geNomad	0.5164609053497943	0.4529323308270677
CHGV	geNomad	0.5154320987654321	0.45298372513562385
CHGV	geNomad	0.5140603566529492	0.4531438935912938
CHGV	geNomad	0.5130315500685871	0.4534707487117308
CHGV	geNomad	0.5130315500685871	0.4541590771098968
CHGV	geNomad	0.5126886145404664	0.45482202616367506
CHGV	geNomad	0.5123456790123457	0.45576571079926786
CHGV	geNomad	0.5113168724279835	0.4556845965770171
CHGV	geNomad	0.5109739368998628	0.4569150567310641
CHGV	geNomad	0.5102880658436214	0.45714285714285713
CHGV	geNomad	0.5092592592592593	0.45748613678373384
CHGV	geNomad	0.5082304526748971	0.4576899320568252
CHGV	geNomad	0.5078875171467764	0.45823019801980197
CHGV	geNomad	0.5078875171467764	0.45936724565756826
CHGV	geNomad	0.5078875171467764	0.4603668013677339
CHGV	geNomad	0.5068587105624143	0.4614423977521074
CHGV	geNomad	0.5068587105624143	0.4625978090766823
CHGV	geNomad	0.5065157750342936	0.4635907093534212
CHGV	geNomad	0.5061728395061729	0.46458923512747874
CHGV	geNomad	0.5058299039780522	0.4651529485966572
CHGV	geNomad	0.5051440329218106	0.4656971229845084
CHGV	geNomad	0.5044581618655692	0.4659486854608806
CHGV	geNomad	0.5041152263374485	0.4666666666666667
CHGV	geNomad	0.5030864197530864	0.4669000636537237
CHGV	geNomad	0.5027434842249657	0.4676236044657097
CHGV	geNomad	0.5020576131687243	0.4680306905370844
CHGV	geNomad	0.5017146776406035	0.4689102564102564
CHGV	geNomad	0.5017146776406035	0.47011568123393316
CHGV	geNomad	0.5013717421124828	0.47115694489203996
CHGV	geNomad	0.5010288065843621	0.47220426632191337
CHGV	geNomad	0.5	0.47230320699708456
CHGV	geNomad	0.4996570644718793	0.4725916315277327
CHGV	geNomad	0.49828532235939643	0.47252032520325205
CHGV	geNomad	0.497599451303155	0.47387328543435664
CHGV	geNomad	0.49725651577503427	0.4746317512274959
CHGV	geNomad	0.49657064471879286	0.47537754432042023
CHGV	geNomad	0.49622770919067216	0.47630019749835417
CHGV	geNomad	0.4955418381344307	0.4768976897689769
CHGV	geNomad	0.4941700960219479	0.4771523178807947
CHGV	geNomad	0.4941700960219479	0.47841965471447545
CHGV	geNomad	0.49382716049382713	0.4793608521970706
CHGV	geNomad	0.49348422496570643	0.4798266088696232
CHGV	geNomad	0.49314128943758573	0.48125836680053546
CHGV	geNomad	0.492798353909465	0.48156836461126007
CHGV	geNomad	0.4921124828532236	0.48219086021505375
CHGV	geNomad	0.49142661179698216	0.4823291820935712
CHGV	geNomad	0.49108367626886146	0.4829679595278246
CHGV	geNomad	0.49074074074074076	0.48360932747549845
CHGV	geNomad	0.4897119341563786	0.483739837398374
CHGV	geNomad	0.4893689986282579	0.48471467391304346
CHGV	geNomad	0.4890260631001372	0.48569482288828336
CHGV	geNomad	0.4890260631001372	0.4863574351978172
CHGV	geNomad	0.4886831275720165	0.48717948717948717
CHGV	geNomad	0.4886831275720165	0.488013698630137
CHGV	geNomad	0.4883401920438957	0.4886753603294441
CHGV	geNomad	0.487997256515775	0.4891715366105191
CHGV	geNomad	0.4876543209876543	0.4898380985187737
CHGV	geNomad	0.4873113854595336	0.49101589495507947
CHGV	geNomad	0.4869684499314129	0.4916897506925208
CHGV	geNomad	0.48628257887517146	0.49184876864377386
CHGV	geNomad	0.48593964334705075	0.4923558026407227
CHGV	geNomad	0.48525377229080935	0.49354726194628534
CHGV	geNomad	0.48525377229080935	0.4944095038434661
CHGV	geNomad	0.4849108367626886	0.4950980392156863
CHGV	geNomad	0.4845679012345679	0.4956155734829884
CHGV	geNomad	0.4842249657064472	0.4964838255977497
CHGV	geNomad	0.483196159122085	0.4968265162200282
CHGV	geNomad	0.4828532235939643	0.4975265017667845
CHGV	geNomad	0.48148148148148145	0.4976958525345622
CHGV	geNomad	0.48079561042524005	0.4982231698649609
CHGV	geNomad	0.48045267489711935	0.49910936943355894
CHGV	geNomad	0.48010973936899864	0.49964311206281226
CHGV	geNomad	0.4787379972565158	0.49946332737030413
CHGV	geNomad	0.4773662551440329	0.49946178686759957
CHGV	geNomad	0.4763374485596708	0.49982007916516735
CHGV	geNomad	0.4763374485596708	0.5007209805335257
CHGV	geNomad	0.47599451303155005	0.5014450867052023
CHGV	geNomad	0.47599451303155005	0.502534395365677
CHGV	geNomad	0.47599451303155005	0.5036284470246735
CHGV	geNomad	0.47565157750342935	0.5043636363636363
CHGV	geNomad	0.4742798353909465	0.5041924899744805
CHGV	geNomad	0.4739368998628258	0.5056714233443103
CHGV	geNomad	0.4725651577503429	0.5055025678650037
CHGV	geNomad	0.4718792866941015	0.5064409274935591
CHGV	geNomad	0.4715363511659808	0.5068190195355695
CHGV	geNomad	0.4715363511659808	0.5083179297597042
CHGV	geNomad	0.4711934156378601	0.5092661230541141
CHGV	geNomad	0.4711934156378601	0.5105908584169454
CHGV	geNomad	0.47085048010973934	0.5121223424095487
CHGV	geNomad	0.47050754458161864	0.5127055306427504
CHGV	geNomad	0.47016460905349794	0.5138680659670165
CHGV	geNomad	0.47016460905349794	0.5148328952309426
CHGV	geNomad	0.4691358024691358	0.5152542372881356
CHGV	geNomad	0.46810699588477367	0.5156781261805818
CHGV	geNomad	0.46776406035665297	0.5164710336993563
CHGV	geNomad	0.4670781893004115	0.5170842824601367
CHGV	geNomad	0.4660493827160494	0.5171232876712328
CHGV	geNomad	0.4657064471879287	0.5179252479023646
CHGV	geNomad	0.46536351165980794	0.519326444699579
CHGV	geNomad	0.46502057613168724	0.5205374280230326
CHGV	geNomad	0.46467764060356653	0.5213543670642555
CHGV	geNomad	0.46467764060356653	0.5221579961464354
CHGV	geNomad	0.46433470507544583	0.5233861615771164
CHGV	geNomad	0.46364883401920437	0.5242341993020551
CHGV	geNomad	0.46296296296296297	0.5242718446601942
CHGV	geNomad	0.4615912208504801	0.5241433021806854
CHGV	geNomad	0.460562414266118	0.524199843871975
CHGV	geNomad	0.460562414266118	0.5254303599374022
CHGV	geNomad	0.46021947873799723	0.5262745098039215
CHGV	geNomad	0.45987654320987653	0.5267085624509034
CHGV	geNomad	0.45953360768175583	0.5273514364423455
CHGV	geNomad	0.45850480109739367	0.5272082018927445
CHGV	geNomad	0.45850480109739367	0.5286674574930803
CHGV	geNomad	0.45816186556927296	0.5299484331614439
CHGV	geNomad	0.45747599451303156	0.5302066772655007
CHGV	geNomad	0.45713305898491086	0.5308641975308642
CHGV	geNomad	0.4567901234567901	0.5315243415802074
CHGV	geNomad	0.4564471879286694	0.5326130452180873
CHGV	geNomad	0.4561042524005487	0.5334937825912555
CHGV	geNomad	0.4547325102880658	0.533816425120773
CHGV	geNomad	0.4547325102880658	0.5351089588377724
CHGV	geNomad	0.4540466392318244	0.5360323886639676
CHGV	geNomad	0.4537037037037037	0.5373679935012186
CHGV	geNomad	0.453360768175583	0.5387123064384678
CHGV	geNomad	0.45267489711934156	0.5392156862745098
CHGV	geNomad	0.45198902606310015	0.5401639344262295
CHGV	geNomad	0.45164609053497945	0.5408624229979466
CHGV	geNomad	0.4506172839506173	0.5414091470951793
CHGV	geNomad	0.4502743484224966	0.5421139554087531
CHGV	geNomad	0.4492455418381344	0.5424430641821946
CHGV	geNomad	0.4489026063100137	0.54337899543379
CHGV	geNomad	0.4489026063100137	0.5451895043731778
CHGV	geNomad	0.4489026063100137	0.5463272120200334
CHGV	geNomad	0.4482167352537723	0.5468619246861924
CHGV	geNomad	0.4482167352537723	0.5498527555742533
CHGV	geNomad	0.44753086419753085	0.5501686340640809
CHGV	geNomad	0.44684499314128945	0.5514176893779095
CHGV	geNomad	0.44650205761316875	0.5526315789473685
CHGV	geNomad	0.4458161865569273	0.5527210884353742
CHGV	geNomad	0.4458161865569273	0.5543710021321961
CHGV	geNomad	0.4451303155006859	0.5551753635585971
CHGV	geNomad	0.4447873799725652	0.5559365623660523
CHGV	geNomad	0.4441015089163237	0.556989247311828
CHGV	geNomad	0.4434156378600823	0.5573275862068966
CHGV	geNomad	0.4430727023319616	0.5583405358686258
CHGV	geNomad	0.44238683127572015	0.5586834127327848
CHGV	geNomad	0.44170096021947874	0.5595134665508253
CHGV	geNomad	0.4406721536351166	0.5606457242582897
CHGV	geNomad	0.4403292181069959	0.5614341932662877
CHGV	geNomad	0.4396433470507545	0.5625274243089075
CHGV	geNomad	0.4382716049382716	0.5620052770448549
CHGV	geNomad	0.4375857338820302	0.5628584031760036
CHGV	geNomad	0.43655692729766804	0.5630252100840336
CHGV	geNomad	0.43587105624142664	0.5638864241348713
CHGV	geNomad	0.43587105624142664	0.5658949243098842
CHGV	geNomad	0.4355281207133059	0.5667112896028559
CHGV	geNomad	0.4348422496570645	0.567337807606264
CHGV	geNomad	0.4348422496570645	0.5688649618663078
CHGV	geNomad	0.4338134430727023	0.5693069306930693
CHGV	geNomad	0.4331275720164609	0.570718481699051
CHGV	geNomad	0.4324417009602195	0.5711050724637681
CHGV	geNomad	0.43209876543209874	0.5719473445301861
CHGV	geNomad	0.43209876543209874	0.572987721691678
CHGV	geNomad	0.43209876543209874	0.5750798722044729
CHGV	geNomad	0.43175582990397804	0.576993583868011
CHGV	geNomad	0.43106995884773663	0.5774000918695452
CHGV	geNomad	0.43004115226337447	0.5778801843317972
CHGV	geNomad	0.42969821673525377	0.5787528868360278
CHGV	geNomad	0.42969821673525377	0.5800925925925926
CHGV	geNomad	0.42969821673525377	0.5817084493964717
CHGV	geNomad	0.42901234567901236	0.5834888059701493
CHGV	geNomad	0.42901234567901236	0.5851262862488307
CHGV	geNomad	0.4286694101508916	0.5860290670417253
CHGV	geNomad	0.4279835390946502	0.5864661654135338
CHGV	geNomad	0.42661179698216734	0.5867924528301887
CHGV	geNomad	0.42626886145404663	0.5879848628193
CHGV	geNomad	0.4255829903978052	0.5887096774193549
CHGV	geNomad	0.42489711934156377	0.589719181342218
CHGV	geNomad	0.42386831275720166	0.5896946564885496
CHGV	geNomad	0.4228395061728395	0.5902345619913835
CHGV	geNomad	0.4218106995884774	0.5904944791166586
CHGV	geNomad	0.4207818930041152	0.5913253012048193
CHGV	geNomad	0.4207818930041152	0.5927536231884057
CHGV	geNomad	0.41975308641975306	0.5938864628820961
CHGV	geNomad	0.41941015089163236	0.5951338199513382
CHGV	geNomad	0.41906721536351166	0.5966796875
CHGV	geNomad	0.41872427983539096	0.5976505139500734
CHGV	geNomad	0.4180384087791495	0.599017199017199
CHGV	geNomad	0.4176954732510288	0.6
CHGV	geNomad	0.4163237311385459	0.6006927263730827
CHGV	geNomad	0.4156378600823045	0.6017874875868917
CHGV	geNomad	0.4149519890260631	0.6022896963663514
CHGV	geNomad	0.41426611796982166	0.6033966033966034
CHGV	geNomad	0.41323731138545955	0.6034051076614922
CHGV	geNomad	0.411522633744856	0.6030150753768844
CHGV	geNomad	0.4108367626886145	0.6035264483627204
CHGV	geNomad	0.4104938271604938	0.6045454545454545
CHGV	geNomad	0.4094650205761317	0.6048632218844985
CHGV	geNomad	0.4094650205761317	0.6063991874047739
CHGV	geNomad	0.40877914951989025	0.6072338257768721
CHGV	geNomad	0.40809327846364885	0.6080735820132857
CHGV	geNomad	0.4070644718792867	0.6090302719343252
CHGV	geNomad	0.4070644718792867	0.61059670781893
CHGV	geNomad	0.406721536351166	0.6116554925219185
CHGV	geNomad	0.4053497942386831	0.6118012422360248
CHGV	geNomad	0.4050068587105624	0.6138253638253638
CHGV	geNomad	0.4046639231824417	0.6145833333333334
CHGV	geNomad	0.404320987654321	0.6159874608150471
CHGV	geNomad	0.40397805212620025	0.6174004192872118
CHGV	geNomad	0.40329218106995884	0.6182965299684543
CHGV	geNomad	0.401920438957476	0.6178176067474961
CHGV	geNomad	0.401920438957476	0.6194503171247357
CHGV	geNomad	0.4002057613168724	0.6197557089750398
CHGV	geNomad	0.3998628257887517	0.6205428419372007
CHGV	geNomad	0.399519890260631	0.6219967965830219
CHGV	geNomad	0.399519890260631	0.6236616702355461
CHGV	geNomad	0.3991769547325103	0.6244635193133047
CHGV	geNomad	0.3991769547325103	0.6264800861141012
CHGV	geNomad	0.3988340192043896	0.6272923408845739
CHGV	geNomad	0.39849108367626884	0.6284478096268253
CHGV	geNomad	0.39780521262002744	0.6287262872628726
CHGV	geNomad	0.39780521262002744	0.6307775965198478
CHGV	geNomad	0.39780521262002744	0.6331877729257642
CHGV	geNomad	0.39780521262002744	0.6349206349206349
CHGV	geNomad	0.3967764060356653	0.6357142857142857
CHGV	geNomad	0.39574759945130317	0.6358126721763085
CHGV	geNomad	0.3950617283950617	0.6368159203980099
CHGV	geNomad	0.3943758573388203	0.6381798002219756
CHGV	geNomad	0.3943758573388203	0.639599555061179
CHGV	geNomad	0.39300411522633744	0.6391522587841606
CHGV	geNomad	0.39266117969821673	0.6407386681589256
CHGV	geNomad	0.39128943758573387	0.6417322834645669
CHGV	geNomad	0.389917695473251	0.6423728813559322
CHGV	geNomad	0.3892318244170096	0.6434240362811792
CHGV	geNomad	0.3885459533607682	0.6441159749857874
CHGV	geNomad	0.38820301783264743	0.645014245014245
CHGV	geNomad	0.3871742112482853	0.6462507155123068
CHGV	geNomad	0.3864883401920439	0.6473291211947156
CHGV	geNomad	0.38614540466392316	0.6486175115207373
CHGV	geNomad	0.38545953360768176	0.6500867553499132
CHGV	geNomad	0.38511659807956106	0.6513921113689095
CHGV	geNomad	0.3844307270233196	0.6525029103608847
CHGV	geNomad	0.3840877914951989	0.6534422403733956
CHGV	geNomad	0.3830589849108368	0.6539812646370023
CHGV	geNomad	0.3823731138545953	0.6551116333725029
CHGV	geNomad	0.3816872427983539	0.65625
CHGV	geNomad	0.38065843621399176	0.6571936056838366
CHGV	geNomad	0.38031550068587106	0.6585510688836105
CHGV	geNomad	0.3792866941015089	0.6591179976162098
CHGV	geNomad	0.3786008230452675	0.6598924088463838
CHGV	geNomad	0.3782578875171468	0.6612709832134293
CHGV	geNomad	0.3768861454046639	0.6620481927710843
CHGV	geNomad	0.3768861454046639	0.663647342995169
CHGV	geNomad	0.3768861454046639	0.666060606060606
CHGV	geNomad	0.3762002743484225	0.667681071211199
CHGV	geNomad	0.37551440329218105	0.6689065363469762
CHGV	geNomad	0.37448559670781895	0.6703499079189686
CHGV	geNomad	0.3737997256515775	0.6707692307692308
CHGV	geNomad	0.3731138545953361	0.6728509585652442
CHGV	geNomad	0.3727709190672154	0.674317617866005
CHGV	geNomad	0.3713991769547325	0.6747663551401869
CHGV	geNomad	0.3707133058984911	0.6764705882352942
CHGV	geNomad	0.37002743484224965	0.6781898177247014
CHGV	geNomad	0.36968449931412894	0.6796973518284993
CHGV	geNomad	0.36899862825788754	0.6810126582278481
CHGV	geNomad	0.3679698216735254	0.681702668360864
CHGV	geNomad	0.3669410150891632	0.6823979591836735
CHGV	geNomad	0.3665980795610425	0.6848174247277387
CHGV	geNomad	0.3659122085048011	0.6857326478149101
CHGV	geNomad	0.36522633744855965	0.6866537717601547
CHGV	geNomad	0.36419753086419754	0.6882696046662347
CHGV	geNomad	0.3635116598079561	0.6887589343729694
CHGV	geNomad	0.36248285322359397	0.6899477806788512
CHGV	geNomad	0.36179698216735257	0.6908971840209561
CHGV	geNomad	0.3611111111111111	0.6918528252299606
CHGV	geNomad	0.3604252400548697	0.6932717678100264
CHGV	geNomad	0.35973936899862824	0.6947019867549669
CHGV	geNomad	0.35905349794238683	0.6961436170212766
CHGV	geNomad	0.35836762688614543	0.6975967957276369
CHGV	geNomad	0.35768175582990397	0.6981258366800536
CHGV	geNomad	0.35699588477366256	0.6995967741935484
CHGV	geNomad	0.35665294924554186	0.7008086253369272
CHGV	geNomad	0.3556241426611797	0.7020988490182803
CHGV	geNomad	0.3549382716049383	0.703125
CHGV	geNomad	0.3549382716049383	0.7050408719346049
CHGV	geNomad	0.3549382716049383	0.7079343365253078
CHGV	geNomad	0.35390946502057613	0.7087912087912088
CHGV	geNomad	0.35288065843621397	0.7096551724137931
CHGV	geNomad	0.35288065843621397	0.7116182572614108
CHGV	geNomad	0.35219478737997256	0.7131944444444445
CHGV	geNomad	0.35150891632373116	0.7147838214783822
CHGV	geNomad	0.350480109739369	0.71518544436669
CHGV	geNomad	0.3501371742112483	0.7180028129395218
CHGV	geNomad	0.34945130315500683	0.7186177715091678
CHGV	geNomad	0.3484224965706447	0.7195467422096318
CHGV	geNomad	0.34670781893004116	0.7200854700854701
CHGV	geNomad	0.345679012345679	0.7205146533238027
CHGV	geNomad	0.3449931412894376	0.7227011494252874
CHGV	geNomad	0.3449931412894376	0.7253064167267483
CHGV	geNomad	0.3443072702331962	0.7264833574529667
CHGV	geNomad	0.3436213991769547	0.7287272727272728
CHGV	geNomad	0.3429355281207133	0.7304601899196493
CHGV	geNomad	0.34190672153635115	0.731474688187821
CHGV	geNomad	0.34087791495198905	0.7319587628865979
CHGV	geNomad	0.3405349794238683	0.7344674556213018
CHGV	geNomad	0.3391632373113855	0.7347696879643388
CHGV	geNomad	0.3388203017832647	0.7378640776699029
CHGV	geNomad	0.3381344307270233	0.7407963936889557
CHGV	geNomad	0.3377914951989026	0.7428355957767723
CHGV	geNomad	0.33573388203017834	0.7433561123766135
CHGV	geNomad	0.3347050754458162	0.745607333842628
CHGV	geNomad	0.3343621399176955	0.7482732156561781
CHGV	geNomad	0.3336762688614541	0.7507716049382716
CHGV	geNomad	0.3329903978052126	0.7521301316808675
CHGV	geNomad	0.3326474622770919	0.7542768273716952
CHGV	geNomad	0.3323045267489712	0.7558502340093604
CHGV	geNomad	0.3319615912208505	0.7592156862745097
CHGV	geNomad	0.33127572016460904	0.7612293144208038
CHGV	geNomad	0.33024691358024694	0.7618670886075949
CHGV	geNomad	0.3299039780521262	0.7647058823529411
CHGV	geNomad	0.32887517146776407	0.7647527910685805
CHGV	geNomad	0.3275034293552812	0.7646116893514812
CHGV	geNomad	0.3271604938271605	0.7662650602409639
CHGV	geNomad	0.3268175582990398	0.7685483870967742
CHGV	geNomad	0.32613168724279834	0.7706645056726094
CHGV	geNomad	0.32510288065843623	0.7713588283157038
CHGV	geNomad	0.32407407407407407	0.7720588235294118
CHGV	geNomad	0.32338820301783266	0.7729508196721312
CHGV	geNomad	0.3223593964334705	0.7742998352553542
CHGV	geNomad	0.3223593964334705	0.7781456953642384
CHGV	geNomad	0.3213305898491084	0.7788861180382377
CHGV	geNomad	0.32064471879286693	0.7811194653299917
CHGV	geNomad	0.31995884773662553	0.7820620284995808
CHGV	geNomad	0.3196159122085048	0.785172704296546
CHGV	geNomad	0.31824417009602196	0.7851099830795262
CHGV	geNomad	0.3175582990397805	0.7880851063829787
CHGV	geNomad	0.3165294924554184	0.7895637296834902
CHGV	geNomad	0.31584362139917693	0.7932816537467701
CHGV	geNomad	0.3144718792866941	0.793939393939394
CHGV	geNomad	0.31378600823045266	0.7956521739130434
CHGV	geNomad	0.31275720164609055	0.7965065502183406
CHGV	geNomad	0.3120713305898491	0.7982456140350878
CHGV	geNomad	0.31069958847736623	0.798237885462555
CHGV	geNomad	0.3096707818930041	0.800531914893617
CHGV	geNomad	0.3089849108367627	0.8016014234875445
CHGV	geNomad	0.30864197530864196	0.8057296329453895
CHGV	geNomad	0.30829903978052126	0.8091809180918091
CHGV	geNomad	0.30727023319615915	0.810126582278481
CHGV	geNomad	0.3058984910836763	0.8109090909090909
CHGV	geNomad	0.3045267489711934	0.8117001828153565
CHGV	geNomad	0.30349794238683125	0.8134191176470589
CHGV	geNomad	0.30281207133058985	0.8145756457564576
CHGV	geNomad	0.2997256515775034	0.813780260707635
CHGV	geNomad	0.299039780521262	0.8157156220767072
CHGV	geNomad	0.29835390946502055	0.8169014084507042
CHGV	geNomad	0.29732510288065844	0.8186968838526912
CHGV	geNomad	0.2959533607681756	0.8195631528964862
CHGV	geNomad	0.2956104252400549	0.8256704980842912
CHGV	geNomad	0.294238683127572	0.8257940327237728
CHGV	geNomad	0.2932098765432099	0.8268858800773694
CHGV	geNomad	0.2911522633744856	0.8282926829268292
CHGV	geNomad	0.2908093278463649	0.8305582761998042
CHGV	geNomad	0.29046639231824417	0.8336614173228346
CHGV	geNomad	0.289437585733882	0.8356435643564356
CHGV	geNomad	0.2884087791495199	0.8359840954274353
CHGV	geNomad	0.28669410150891633	0.8376753507014028
CHGV	geNomad	0.28635116598079563	0.8408862034239678
CHGV	geNomad	0.28532235939643347	0.8421052631578947
CHGV	geNomad	0.28463648834019206	0.8460754332313966
CHGV	geNomad	0.2836076817558299	0.8482051282051282
CHGV	geNomad	0.2829218106995885	0.8513931888544891
CHGV	geNomad	0.28189300411522633	0.8518134715025907
CHGV	geNomad	0.28155006858710563	0.8561001042752867
CHGV	geNomad	0.28017832647462276	0.8563941299790356
CHGV	geNomad	0.27983539094650206	0.8598524762908325
CHGV	geNomad	0.27914951989026066	0.8632025450689289
CHGV	geNomad	0.2777777777777778	0.8626198083067093
CHGV	geNomad	0.2767489711934156	0.8640256959314775
CHGV	geNomad	0.2757201646090535	0.864516129032258
CHGV	geNomad	0.27469135802469136	0.8668831168831169
CHGV	geNomad	0.2736625514403292	0.87117903930131
CHGV	geNomad	0.2733196159122085	0.8739035087719298
CHGV	geNomad	0.2719478737997256	0.8772123893805309
CHGV	geNomad	0.2712620027434842	0.8798665183537263
CHGV	geNomad	0.26954732510288065	0.8791946308724832
CHGV	geNomad	0.26886145404663925	0.8808988764044944
CHGV	geNomad	0.2681755829903978	0.8846153846153846
CHGV	geNomad	0.2671467764060357	0.8872437357630979
CHGV	geNomad	0.2654320987654321	0.8865979381443299
CHGV	geNomad	0.26474622770919065	0.8904267589388697
CHGV	geNomad	0.26371742112482854	0.8941860465116279
CHGV	geNomad	0.2623456790123457	0.8957845433255269
CHGV	geNomad	0.2613168724279835	0.8985849056603774
CHGV	geNomad	0.2602880658436214	0.900355871886121
CHGV	geNomad	0.25891632373113854	0.9009546539379475
CHGV	geNomad	0.2578875171467764	0.9016786570743405
CHGV	geNomad	0.25651577503429357	0.9033816425120773
CHGV	geNomad	0.25480109739369	0.9027946537059538
CHGV	geNomad	0.25377229080932784	0.9035409035409036
CHGV	geNomad	0.252400548696845	0.9041769041769042
CHGV	geNomad	0.25171467764060357	0.907292954264524
CHGV	geNomad	0.2503429355281207	0.9102244389027432
CHGV	geNomad	0.24931412894375857	0.9133165829145728
CHGV	geNomad	0.24897119341563786	0.9178255372945638
CHGV	geNomad	0.24794238683127573	0.9221938775510204
CHGV	geNomad	0.2472565157750343	0.9243589743589744
CHGV	geNomad	0.24622770919067216	0.9276485788113695
CHGV	geNomad	0.24554183813443073	0.9298701298701298
CHGV	geNomad	0.2445130315500686	0.9320261437908497
CHGV	geNomad	0.24314128943758573	0.9353562005277045
CHGV	geNomad	0.2421124828532236	0.9363395225464191
CHGV	geNomad	0.24142661179698216	0.9399198931909212
CHGV	geNomad	0.24039780521262002	0.9409395973154362
CHGV	geNomad	0.23868312757201646	0.9405405405405406
CHGV	geNomad	0.23799725651577502	0.9442176870748299
CHGV	geNomad	0.2369684499314129	0.9465753424657535
CHGV	geNomad	0.23559670781893005	0.9475862068965517
CHGV	geNomad	0.23422496570644719	0.9486111111111111
CHGV	geNomad	0.23285322359396435	0.9496503496503497
CHGV	geNomad	0.23148148148148148	0.9493670886075949
CHGV	geNomad	0.2294238683127572	0.948936170212766
CHGV	geNomad	0.22805212620027435	0.95
CHGV	geNomad	0.2270233196159122	0.9511494252873564
CHGV	geNomad	0.2246227709190672	0.9506531204644412
CHGV	geNomad	0.22359396433470508	0.9518248175182482
CHGV	geNomad	0.2215363511659808	0.9513991163475699
CHGV	geNomad	0.22119341563786007	0.956973293768546
CHGV	geNomad	0.2194787379972565	0.9566517189835575
CHGV	geNomad	0.21742112482853224	0.9562594268476622
CHGV	geNomad	0.21604938271604937	0.9559939301972686
CHGV	geNomad	0.2143347050754458	0.9556574923547401
CHGV	geNomad	0.21296296296296297	0.9568567026194145
CHGV	geNomad	0.2115912208504801	0.9565891472868217
CHGV	geNomad	0.21021947873799726	0.9593114241001565
CHGV	geNomad	0.2088477366255144	0.9590551181102362
CHGV	geNomad	0.20713305898491083	0.9587301587301588
CHGV	geNomad	0.20507544581618656	0.9583333333333334
CHGV	geNomad	0.203360768175583	0.959546925566343
CHGV	geNomad	0.20164609053497942	0.9607843137254902
CHGV	geNomad	0.200960219478738	0.9638157894736842
CHGV	geNomad	0.19890260631001372	0.9650582362728786
CHGV	geNomad	0.19753086419753085	0.964824120603015
CHGV	geNomad	0.19547325102880658	0.9644670050761421
CHGV	geNomad	0.19410150891632372	0.9658703071672355
CHGV	geNomad	0.19272976680384088	0.9656357388316151
CHGV	geNomad	0.1906721536351166	0.9652777777777778
CHGV	geNomad	0.18930041152263374	0.965034965034965
CHGV	geNomad	0.18724279835390947	0.9646643109540636
CHGV	geNomad	0.1858710562414266	0.966131907308378
CHGV	geNomad	0.18415637860082304	0.9658273381294964
CHGV	geNomad	0.18244170096021947	0.9655172413793104
CHGV	geNomad	0.1807270233196159	0.9652014652014652
CHGV	geNomad	0.17832647462277093	0.9647495361781077
CHGV	geNomad	0.17695473251028807	0.9644859813084112
CHGV	geNomad	0.17455418381344306	0.9640151515151515
CHGV	geNomad	0.17318244170096023	0.9655831739961759
CHGV	geNomad	0.17146776406035666	0.9652509652509652
CHGV	geNomad	0.1697530864197531	0.9649122807017544
CHGV	geNomad	0.16803840877914952	0.9645669291338582
CHGV	geNomad	0.16632373113854595	0.9642147117296223
CHGV	geNomad	0.1649519890260631	0.9658634538152611
CHGV	geNomad	0.16358024691358025	0.9655870445344129
CHGV	geNomad	0.16083676268861455	0.9650205761316872
CHGV	geNomad	0.15912208504801098	0.9646569646569647
CHGV	geNomad	0.15775034293552812	0.968421052631579
CHGV	geNomad	0.15569272976680384	0.9680170575692963
CHGV	geNomad	0.15432098765432098	0.9698275862068966
CHGV	geNomad	0.1526063100137174	0.9716157205240175
CHGV	geNomad	0.15089163237311384	0.9713024282560706
CHGV	geNomad	0.149519890260631	0.9732142857142857
CHGV	geNomad	0.14849108367626887	0.9752252252252253
CHGV	geNomad	0.147119341563786	0.9772209567198178
CHGV	geNomad	0.144718792866941	0.9768518518518519
CHGV	geNomad	0.14334705075445817	0.9766355140186916
CHGV	geNomad	0.1412894375857339	0.9786223277909739
CHGV	geNomad	0.13991769547325103	0.9784172661870504
CHGV	geNomad	0.13820301783264746	0.9781553398058253
CHGV	geNomad	0.13545953360768176	0.9777227722772277
CHGV	geNomad	0.1340877914951989	0.9775
CHGV	geNomad	0.1313443072702332	0.9770408163265306
CHGV	geNomad	0.12928669410150892	0.9766839378238342
CHGV	geNomad	0.1262002743484225	0.9761273209549072
CHGV	geNomad	0.12345679012345678	0.975609756097561
CHGV	geNomad	0.12139917695473251	0.9752066115702479
CHGV	geNomad	0.11899862825788751	0.9747191011235955
CHGV	geNomad	0.11762688614540466	0.9772079772079773
CHGV	geNomad	0.11591220850480109	0.976878612716763
CHGV	geNomad	0.11454046639231824	0.9766081871345029
CHGV	geNomad	0.11282578875171467	0.9762611275964391
CHGV	geNomad	0.1111111111111111	0.9788519637462235
CHGV	geNomad	0.11008230452674897	0.981651376146789
CHGV	geNomad	0.10665294924554183	0.9810725552050473
CHGV	geNomad	0.10528120713305898	0.9839743589743589
CHGV	geNomad	0.10185185185185185	0.9834437086092715
CHGV	geNomad	0.10013717421124829	0.9864864864864865
CHGV	geNomad	0.09842249657064472	0.9862542955326461
CHGV	geNomad	0.09670781893004116	0.986013986013986
CHGV	geNomad	0.0953360768175583	0.9858156028368794
CHGV	geNomad	0.0929355281207133	0.9854545454545455
CHGV	geNomad	0.08950617283950617	0.9886363636363636
CHGV	geNomad	0.08813443072702332	0.9884615384615385
CHGV	geNomad	0.08607681755829905	0.9881889763779528
CHGV	geNomad	0.08436213991769548	0.9879518072289156
CHGV	geNomad	0.08196159122085048	0.987603305785124
CHGV	geNomad	0.07956104252400549	0.9914529914529915
CHGV	geNomad	0.07613168724279835	0.9910714285714286
CHGV	geNomad	0.07373113854595337	0.9953703703703703
CHGV	geNomad	0.0720164609053498	0.995260663507109
CHGV	geNomad	0.06927297668038408	0.9950738916256158
CHGV	geNomad	0.0668724279835391	0.9948979591836735
CHGV	geNomad	0.06515775034293553	0.9947643979057592
CHGV	geNomad	0.06275720164609054	0.9945652173913043
CHGV	geNomad	0.05898491083676269	0.9942196531791907
CHGV	geNomad	0.05589849108367627	0.9939024390243902
CHGV	geNomad	0.053497942386831275	0.9936305732484076
CHGV	geNomad	0.05109739368998628	0.9933333333333333
CHGV	geNomad	0.04835390946502058	1.0
CHGV	geNomad	0.04458161865569273	1.0
CHGV	geNomad	0.040123456790123455	1.0
CHGV	geNomad	0.03737997256515775	1.0
CHGV	geNomad	0.033950617283950615	1.0
CHGV	geNomad	0.03155006858710562	1.0
CHGV	geNomad	0.02880658436213992	1.0
CHGV	geNomad	0.026748971193415638	1.0
CHGV	geNomad	0.02400548696844993	1.0
CHGV	geNomad	0.021262002743484224	1.0
CHGV	geNomad	0.019890260631001373	1.0
CHGV	geNomad	0.01577503429355281	1.0
CHGV	geNomad	0.013374485596707819	1.0
CHGV	geNomad	0.010631001371742112	1.0
CHGV	geNomad	0.00823045267489712	1.0
CHGV	geNomad	0.0051440329218107	1.0
CHGV	geNomad	0.0024005486968449933	1.0
CHGV	geNomad	0.0	1.0
CHGV	MetaPhaPred	1.0	0.19549477071600965
CHGV	MetaPhaPred	1.0	0.19554721030042918
CHGV	MetaPhaPred	0.9993141289437586	0.19637441876137207
CHGV	MetaPhaPred	0.9986282578875172	0.19655754303071213
CHGV	MetaPhaPred	0.9965706447187929	0.19767362764437793
CHGV	MetaPhaPred	0.9958847736625515	0.19878157300294338
CHGV	MetaPhaPred	0.9945130315500685	0.20024858444966165
CHGV	MetaPhaPred	0.9941700960219478	0.20123559627932805
CHGV	MetaPhaPred	0.9941700960219478	0.20178186120971672
CHGV	MetaPhaPred	0.9931412894375857	0.2027159456810864
CHGV	MetaPhaPred	0.9914266117969822	0.20366326171187038
CHGV	MetaPhaPred	0.9907407407407407	0.20372329172836895
CHGV	MetaPhaPred	0.9897119341563786	0.20561413508121973
CHGV	MetaPhaPred	0.9883401920438958	0.2062992125984252
CHGV	MetaPhaPred	0.9879972565157751	0.20649369266055045
CHGV	MetaPhaPred	0.9866255144032922	0.20741114555547546
CHGV	MetaPhaPred	0.9866255144032922	0.20757575757575758
CHGV	MetaPhaPred	0.98559670781893	0.20844212358572672
CHGV	MetaPhaPred	0.9842249657064472	0.20883358800844065
CHGV	MetaPhaPred	0.9835390946502057	0.20945008398451764
CHGV	MetaPhaPred	0.9825102880658436	0.20992086752637748
CHGV	MetaPhaPred	0.9825102880658436	0.21027522935779816
CHGV	MetaPhaPred	0.9818244170096022	0.2109334708612687
CHGV	MetaPhaPred	0.9814814814814815	0.21165508060937732
CHGV	MetaPhaPred	0.9814814814814815	0.21236180158789048
CHGV	MetaPhaPred	0.9811385459533608	0.2129988088147707
CHGV	MetaPhaPred	0.9807956104252401	0.2138157894736842
CHGV	MetaPhaPred	0.9807956104252401	0.21392774328670805
CHGV	MetaPhaPred	0.9801097393689986	0.21435535888397209
CHGV	MetaPhaPred	0.9797668038408779	0.21468289750525998
CHGV	MetaPhaPred	0.9797668038408779	0.21490898149541146
CHGV	MetaPhaPred	0.9794238683127572	0.21551463929972833
CHGV	MetaPhaPred	0.9783950617283951	0.21616911653280801
CHGV	MetaPhaPred	0.9783950617283951	0.21626743480897515
CHGV	MetaPhaPred	0.977366255144033	0.21658180712820124
CHGV	MetaPhaPred	0.977366255144033	0.21740788771073308
CHGV	MetaPhaPred	0.977366255144033	0.21792322985165927
CHGV	MetaPhaPred	0.977366255144033	0.21842427958307786
CHGV	MetaPhaPred	0.9766803840877915	0.21887488472179525
CHGV	MetaPhaPred	0.9756515775034293	0.21940310017737333
CHGV	MetaPhaPred	0.9756515775034293	0.2195216049382716
CHGV	MetaPhaPred	0.9756515775034293	0.22026943326107154
CHGV	MetaPhaPred	0.9749657064471879	0.22030220844633863
CHGV	MetaPhaPred	0.9746227709190672	0.22130509266469398
CHGV	MetaPhaPred	0.9746227709190672	0.22139129080003117
CHGV	MetaPhaPred	0.9735939643347051	0.22181420423470583
CHGV	MetaPhaPred	0.9735939643347051	0.22197028928850665
CHGV	MetaPhaPred	0.9732510288065843	0.22293794186959937
CHGV	MetaPhaPred	0.9729080932784636	0.22305212673952354
CHGV	MetaPhaPred	0.9729080932784636	0.22357947828828117
CHGV	MetaPhaPred	0.9722222222222222	0.2240575357622698
CHGV	MetaPhaPred	0.9718792866941015	0.22442191954387075
CHGV	MetaPhaPred	0.9711934156378601	0.2249404289118348
CHGV	MetaPhaPred	0.9711934156378601	0.22502979737783074
CHGV	MetaPhaPred	0.9708504801097394	0.22595578258440419
CHGV	MetaPhaPred	0.9708504801097394	0.22610015174506828
CHGV	MetaPhaPred	0.9698216735253772	0.22671156004489337
CHGV	MetaPhaPred	0.9694787379972565	0.2271047557840617
CHGV	MetaPhaPred	0.9694787379972565	0.22726907307661387
CHGV	MetaPhaPred	0.9687928669410151	0.22760232033515954
CHGV	MetaPhaPred	0.9684499314128944	0.22794414399870852
CHGV	MetaPhaPred	0.967764060356653	0.22826174876648062
CHGV	MetaPhaPred	0.967764060356653	0.22833562585969738
CHGV	MetaPhaPred	0.9670781893004116	0.22910065805508165
CHGV	MetaPhaPred	0.9670781893004116	0.22921238722262863
CHGV	MetaPhaPred	0.9660493827160493	0.22962178024127813
CHGV	MetaPhaPred	0.9657064471879286	0.23002777323966672
CHGV	MetaPhaPred	0.9653635116598079	0.2301528901970403
CHGV	MetaPhaPred	0.9646776406035665	0.2303660633854721
CHGV	MetaPhaPred	0.9633058984910837	0.2306429099269234
CHGV	MetaPhaPred	0.9633058984910837	0.23073763758830293
CHGV	MetaPhaPred	0.9629629629629629	0.2314540059347181
CHGV	MetaPhaPred	0.9629629629629629	0.23166405412094712
CHGV	MetaPhaPred	0.9626200274348422	0.23190680766688698
CHGV	MetaPhaPred	0.9615912208504801	0.23246559442878462
CHGV	MetaPhaPred	0.9615912208504801	0.23271640800066395
CHGV	MetaPhaPred	0.9612482853223594	0.23288467929544698
CHGV	MetaPhaPred	0.9609053497942387	0.23336387107520612
CHGV	MetaPhaPred	0.9609053497942387	0.233889816360601
CHGV	MetaPhaPred	0.9609053497942387	0.2339874739039666
CHGV	MetaPhaPred	0.9609053497942387	0.2350276799194766
CHGV	MetaPhaPred	0.9609053497942387	0.23520523797532109
CHGV	MetaPhaPred	0.9602194787379973	0.23574976846004883
CHGV	MetaPhaPred	0.9602194787379973	0.2358887952822241
CHGV	MetaPhaPred	0.9598765432098766	0.23666187536991629
CHGV	MetaPhaPred	0.9598765432098766	0.2371832895517329
CHGV	MetaPhaPred	0.9598765432098766	0.23726371111299482
CHGV	MetaPhaPred	0.9591906721536351	0.23759768943255183
CHGV	MetaPhaPred	0.9591906721536351	0.23765825473702099
CHGV	MetaPhaPred	0.958161865569273	0.23837556522481018
CHGV	MetaPhaPred	0.9578189300411523	0.2385140905209223
CHGV	MetaPhaPred	0.9574759945130316	0.23904109589041095
CHGV	MetaPhaPred	0.9574759945130316	0.23924592973436162
CHGV	MetaPhaPred	0.9571330589849109	0.2402720385674931
CHGV	MetaPhaPred	0.9571330589849109	0.2403755059857032
CHGV	MetaPhaPred	0.9567901234567902	0.24080787156913516
CHGV	MetaPhaPred	0.9564471879286695	0.24128384808374426
CHGV	MetaPhaPred	0.9564471879286695	0.24138826380474296
CHGV	MetaPhaPred	0.9554183813443072	0.2422187445661624
CHGV	MetaPhaPred	0.9554183813443072	0.24236624619399738
CHGV	MetaPhaPred	0.9550754458161865	0.24297679288082358
CHGV	MetaPhaPred	0.9550754458161865	0.2431464990396368
CHGV	MetaPhaPred	0.9550754458161865	0.24391311963566298
CHGV	MetaPhaPred	0.9550754458161865	0.2445341996663447
CHGV	MetaPhaPred	0.9537037037037037	0.244806338028169
CHGV	MetaPhaPred	0.953360768175583	0.2447829532446949
CHGV	MetaPhaPred	0.9526748971193416	0.24525470115652864
CHGV	MetaPhaPred	0.9523319615912208	0.2462316013477567
CHGV	MetaPhaPred	0.9523319615912208	0.2464063886424135
CHGV	MetaPhaPred	0.9523319615912208	0.24677863680796233
CHGV	MetaPhaPred	0.9523319615912208	0.24697616506581288
CHGV	MetaPhaPred	0.9513031550068587	0.24781132749687332
CHGV	MetaPhaPred	0.9513031550068587	0.24849950730090478
CHGV	MetaPhaPred	0.9506172839506173	0.24903422873057227
CHGV	MetaPhaPred	0.9506172839506173	0.24932541824069077
CHGV	MetaPhaPred	0.9499314128943759	0.24941473077615703
CHGV	MetaPhaPred	0.9495884773662552	0.24981955972573078
CHGV	MetaPhaPred	0.9489026063100137	0.2502713458755427
CHGV	MetaPhaPred	0.948559670781893	0.2506342877854295
CHGV	MetaPhaPred	0.948559670781893	0.2509298739000272
CHGV	MetaPhaPred	0.948559670781893	0.2513859856402799
CHGV	MetaPhaPred	0.948559670781893	0.2517979062357761
CHGV	MetaPhaPred	0.9482167352537723	0.2523270669830261
CHGV	MetaPhaPred	0.9482167352537723	0.25292718624222466
CHGV	MetaPhaPred	0.9482167352537723	0.25313558546186943
CHGV	MetaPhaPred	0.9478737997256516	0.2535779816513761
CHGV	MetaPhaPred	0.9475308641975309	0.2539755492232742
CHGV	MetaPhaPred	0.9458161865569273	0.2538192527148905
CHGV	MetaPhaPred	0.9454732510288066	0.25435925823415445
CHGV	MetaPhaPred	0.9451303155006858	0.2544078279331672
CHGV	MetaPhaPred	0.9447873799725651	0.25504536197000555
CHGV	MetaPhaPred	0.9441015089163237	0.2558550185873606
CHGV	MetaPhaPred	0.9441015089163237	0.25597396559739655
CHGV	MetaPhaPred	0.9434156378600823	0.2565034965034965
CHGV	MetaPhaPred	0.9434156378600823	0.25659919783602275
CHGV	MetaPhaPred	0.9427297668038409	0.25746932658986604
CHGV	MetaPhaPred	0.9427297668038409	0.25758995502248877
CHGV	MetaPhaPred	0.9423868312757202	0.25829495253313284
CHGV	MetaPhaPred	0.9423868312757202	0.2585379621789444
CHGV	MetaPhaPred	0.9420438957475995	0.25910205621580834
CHGV	MetaPhaPred	0.9410150891632373	0.2594063149933825
CHGV	MetaPhaPred	0.9393004115226338	0.2600151889120942
CHGV	MetaPhaPred	0.9393004115226338	0.2605345762389423
CHGV	MetaPhaPred	0.9393004115226338	0.26085714285714284
CHGV	MetaPhaPred	0.9386145404663924	0.261388597077643
CHGV	MetaPhaPred	0.9386145404663924	0.26178861788617885
CHGV	MetaPhaPred	0.9379286694101509	0.2622494965960303
CHGV	MetaPhaPred	0.9379286694101509	0.262299798599789
CHGV	MetaPhaPred	0.9375857338820301	0.26285934044803383
CHGV	MetaPhaPred	0.9372427983539094	0.26314269208549973
CHGV	MetaPhaPred	0.9368998628257887	0.2637065637065637
CHGV	MetaPhaPred	0.936556927297668	0.26406884548443244
CHGV	MetaPhaPred	0.936556927297668	0.264426800929512
CHGV	MetaPhaPred	0.9358710562414266	0.26531207466459267
CHGV	MetaPhaPred	0.9355281207133059	0.26593877948917916
CHGV	MetaPhaPred	0.9351851851851852	0.26662104028157996
CHGV	MetaPhaPred	0.9348422496570644	0.2672811059907834
CHGV	MetaPhaPred	0.9344993141289437	0.26744528412994406
CHGV	MetaPhaPred	0.934156378600823	0.26792564178223666
CHGV	MetaPhaPred	0.934156378600823	0.26874506708760854
CHGV	MetaPhaPred	0.934156378600823	0.2691433652801107
CHGV	MetaPhaPred	0.9338134430727023	0.26973749380881623
CHGV	MetaPhaPred	0.9338134430727023	0.2698979086133413
CHGV	MetaPhaPred	0.9331275720164609	0.27042337507453784
CHGV	MetaPhaPred	0.9324417009602195	0.2707088809239347
CHGV	MetaPhaPred	0.9324417009602195	0.2712490023942538
CHGV	MetaPhaPred	0.9314128943758574	0.27149140343862455
CHGV	MetaPhaPred	0.9310699588477366	0.27190786179268905
CHGV	MetaPhaPred	0.9310699588477366	0.2727272727272727
CHGV	MetaPhaPred	0.9307270233196159	0.27270900321543406
CHGV	MetaPhaPred	0.9300411522633745	0.27308428154264425
CHGV	MetaPhaPred	0.9300411522633745	0.2733319895182423
CHGV	MetaPhaPred	0.9300411522633745	0.27399474641341687
CHGV	MetaPhaPred	0.9293552812071331	0.2744859718423985
CHGV	MetaPhaPred	0.9290123456790124	0.2748300700010145
CHGV	MetaPhaPred	0.9290123456790124	0.27494164213944994
CHGV	MetaPhaPred	0.9286694101508917	0.2758761206193969
CHGV	MetaPhaPred	0.9286694101508917	0.27598858540562576
CHGV	MetaPhaPred	0.9276406035665294	0.2766131506288987
CHGV	MetaPhaPred	0.9272976680384087	0.27727645611156687
CHGV	MetaPhaPred	0.9272976680384087	0.2773048918059686
CHGV	MetaPhaPred	0.9272976680384087	0.2778462803123716
CHGV	MetaPhaPred	0.926954732510288	0.2782868320807166
CHGV	MetaPhaPred	0.9259259259259259	0.27883920272642776
CHGV	MetaPhaPred	0.9259259259259259	0.27889680818097307
CHGV	MetaPhaPred	0.9252400548696845	0.2798755186721992
CHGV	MetaPhaPred	0.9248971193415638	0.28000415282392027
CHGV	MetaPhaPred	0.9245541838134431	0.28051191343252524
CHGV	MetaPhaPred	0.9235253772290809	0.2808719232373801
CHGV	MetaPhaPred	0.9228395061728395	0.28148535564853555
CHGV	MetaPhaPred	0.9228395061728395	0.2816031812473838
CHGV	MetaPhaPred	0.9224965706447188	0.28229614859901353
CHGV	MetaPhaPred	0.9218106995884774	0.2830963665086888
CHGV	MetaPhaPred	0.9218106995884774	0.28333509012332664
CHGV	MetaPhaPred	0.921124828532236	0.28435316536099936
CHGV	MetaPhaPred	0.921124828532236	0.2845941936851028
CHGV	MetaPhaPred	0.9207818930041153	0.28524381174970787
CHGV	MetaPhaPred	0.9207818930041153	0.2856382978723404
CHGV	MetaPhaPred	0.9207818930041153	0.2864
CHGV	MetaPhaPred	0.9207818930041153	0.28652224949311705
CHGV	MetaPhaPred	0.9204389574759945	0.2870895282917959
CHGV	MetaPhaPred	0.9204389574759945	0.28715095752647907
CHGV	MetaPhaPred	0.9200960219478738	0.28790642772829705
CHGV	MetaPhaPred	0.9197530864197531	0.28857327307940606
CHGV	MetaPhaPred	0.9194101508916324	0.28899428694621104
CHGV	MetaPhaPred	0.9194101508916324	0.2898691750459509
CHGV	MetaPhaPred	0.9190672153635117	0.2902317522200563
CHGV	MetaPhaPred	0.9190672153635117	0.29127268775133136
CHGV	MetaPhaPred	0.9190672153635117	0.29133601478421567
CHGV	MetaPhaPred	0.9190672153635117	0.29225736095965105
CHGV	MetaPhaPred	0.9183813443072703	0.29274158285964147
CHGV	MetaPhaPred	0.9180384087791496	0.2936594997806055
CHGV	MetaPhaPred	0.9173525377229081	0.2936978480456741
CHGV	MetaPhaPred	0.9156378600823045	0.2943446147062066
CHGV	MetaPhaPred	0.9149519890260631	0.2950348335729293
CHGV	MetaPhaPred	0.9146090534979424	0.2951853901494189
CHGV	MetaPhaPred	0.913923182441701	0.29552007096917277
CHGV	MetaPhaPred	0.9135802469135802	0.296032892543616
CHGV	MetaPhaPred	0.9132373113854595	0.29611920382519735
CHGV	MetaPhaPred	0.9128943758573388	0.2965355909546619
CHGV	MetaPhaPred	0.9111796982167353	0.2968715083798883
CHGV	MetaPhaPred	0.9111796982167353	0.29700424770847306
CHGV	MetaPhaPred	0.909122085048011	0.2978651685393258
CHGV	MetaPhaPred	0.909122085048011	0.2980996289216237
CHGV	MetaPhaPred	0.9080932784636488	0.2986017140279657
CHGV	MetaPhaPred	0.9074074074074074	0.2992197218138641
CHGV	MetaPhaPred	0.9056927297668038	0.2993652233053729
CHGV	MetaPhaPred	0.9056927297668038	0.2995689655172414
CHGV	MetaPhaPred	0.9050068587105624	0.30002273760800363
CHGV	MetaPhaPred	0.9046639231824417	0.30045558086560364
CHGV	MetaPhaPred	0.9046639231824417	0.30069531517154907
CHGV	MetaPhaPred	0.9046639231824417	0.3016580903373356
CHGV	MetaPhaPred	0.9046639231824417	0.3021417936089795
CHGV	MetaPhaPred	0.904320987654321	0.3028597680027564
CHGV	MetaPhaPred	0.9032921810699589	0.303211695637159
CHGV	MetaPhaPred	0.9022633744855967	0.30367036011080334
CHGV	MetaPhaPred	0.9022633744855967	0.3038457096662432
CHGV	MetaPhaPred	0.9022633744855967	0.30447864830459437
CHGV	MetaPhaPred	0.9015775034293553	0.3048469387755102
CHGV	MetaPhaPred	0.9012345679012346	0.3049785308111872
CHGV	MetaPhaPred	0.9012345679012346	0.3054393305439331
CHGV	MetaPhaPred	0.9012345679012346	0.3059727558505065
CHGV	MetaPhaPred	0.9005486968449932	0.30645349515696113
CHGV	MetaPhaPred	0.9005486968449932	0.3070267742312639
CHGV	MetaPhaPred	0.8998628257887518	0.30783669638667294
CHGV	MetaPhaPred	0.8998628257887518	0.3079450768689121
CHGV	MetaPhaPred	0.899519890260631	0.3087698646262507
CHGV	MetaPhaPred	0.899519890260631	0.30891532210575906
CHGV	MetaPhaPred	0.899519890260631	0.3095715803139384
CHGV	MetaPhaPred	0.899519890260631	0.3102306327616795
CHGV	MetaPhaPred	0.8981481481481481	0.31071301459247835
CHGV	MetaPhaPred	0.8981481481481481	0.31148905803996196
CHGV	MetaPhaPred	0.897119341563786	0.3117254528122021
CHGV	MetaPhaPred	0.8964334705075446	0.3125298900047824
CHGV	MetaPhaPred	0.8964334705075446	0.31267942583732056
CHGV	MetaPhaPred	0.8954046639231824	0.3130695443645084
CHGV	MetaPhaPred	0.894718792866941	0.31305495560355173
CHGV	MetaPhaPred	0.8940329218106996	0.31326604181687095
CHGV	MetaPhaPred	0.8936899862825789	0.3137113277958348
CHGV	MetaPhaPred	0.8936899862825789	0.31427882296189097
CHGV	MetaPhaPred	0.8933470507544582	0.314461612747465
CHGV	MetaPhaPred	0.8930041152263375	0.31563636363636366
CHGV	MetaPhaPred	0.892318244170096	0.3163141259421347
CHGV	MetaPhaPred	0.8919753086419753	0.316384868020922
CHGV	MetaPhaPred	0.8909465020576132	0.3170612643397608
CHGV	MetaPhaPred	0.8909465020576132	0.3172161172161172
CHGV	MetaPhaPred	0.8906035665294925	0.3179870209379209
CHGV	MetaPhaPred	0.8892318244170097	0.3183548189073051
CHGV	MetaPhaPred	0.8888888888888888	0.31929046563192903
CHGV	MetaPhaPred	0.8888888888888888	0.31940850277264327
CHGV	MetaPhaPred	0.8885459533607681	0.3205889631279386
CHGV	MetaPhaPred	0.8885459533607681	0.32062863506991707
CHGV	MetaPhaPred	0.8885459533607681	0.32122489461939
CHGV	MetaPhaPred	0.8882030178326474	0.3219791148682248
CHGV	MetaPhaPred	0.887517146776406	0.3226128147594116
CHGV	MetaPhaPred	0.8868312757201646	0.32284644194756557
CHGV	MetaPhaPred	0.8864883401920439	0.3233270794246404
CHGV	MetaPhaPred	0.8858024691358025	0.3240496800903274
CHGV	MetaPhaPred	0.8858024691358025	0.32409033877038895
CHGV	MetaPhaPred	0.8847736625514403	0.3250188964474679
CHGV	MetaPhaPred	0.8847736625514403	0.32505984628953005
CHGV	MetaPhaPred	0.8847736625514403	0.3258398585501389
CHGV	MetaPhaPred	0.8844307270233196	0.3264556962025316
CHGV	MetaPhaPred	0.8837448559670782	0.3274043958836234
CHGV	MetaPhaPred	0.8834019204389575	0.3274021352313167
CHGV	MetaPhaPred	0.8827160493827161	0.3277310924369748
CHGV	MetaPhaPred	0.8816872427983539	0.3279755070799847
CHGV	MetaPhaPred	0.8816872427983539	0.3280592063289524
CHGV	MetaPhaPred	0.8806584362139918	0.32897770945426597
CHGV	MetaPhaPred	0.8799725651577504	0.3296082209377007
CHGV	MetaPhaPred	0.8796296296296297	0.33041349993559194
CHGV	MetaPhaPred	0.8796296296296297	0.3306264501160093
CHGV	MetaPhaPred	0.879286694101509	0.3317376115927028
CHGV	MetaPhaPred	0.879286694101509	0.33195235629207664
CHGV	MetaPhaPred	0.877914951989026	0.33246753246753247
CHGV	MetaPhaPred	0.8772290809327846	0.3327696110316118
CHGV	MetaPhaPred	0.8768861454046639	0.3334202633980962
CHGV	MetaPhaPred	0.8762002743484225	0.33394327538883806
CHGV	MetaPhaPred	0.8762002743484225	0.33455545371219064
CHGV	MetaPhaPred	0.8755144032921811	0.33521533613445376
CHGV	MetaPhaPred	0.8755144032921811	0.33534743202416917
CHGV	MetaPhaPred	0.8751714677640604	0.3360990385881733
CHGV	MetaPhaPred	0.8751714677640604	0.3368087633628085
CHGV	MetaPhaPred	0.8737997256515775	0.3368142762723067
CHGV	MetaPhaPred	0.8734567901234568	0.3372169998676023
CHGV	MetaPhaPred	0.8727709190672154	0.3382509303561935
CHGV	MetaPhaPred	0.8727709190672154	0.3384308510638298
CHGV	MetaPhaPred	0.8724279835390947	0.3401979138807168
CHGV	MetaPhaPred	0.8724279835390947	0.3403799839443404
CHGV	MetaPhaPred	0.872085048010974	0.34111334674714955
CHGV	MetaPhaPred	0.8713991769547325	0.3416700282371924
CHGV	MetaPhaPred	0.8713991769547325	0.342591344209249
CHGV	MetaPhaPred	0.8710562414266118	0.34291886053732956
CHGV	MetaPhaPred	0.870713305898491	0.34329367225527313
CHGV	MetaPhaPred	0.8703703703703703	0.3437626980902072
CHGV	MetaPhaPred	0.8703703703703703	0.343809265781631
CHGV	MetaPhaPred	0.869684499314129	0.34419109663409336
CHGV	MetaPhaPred	0.8693415637860082	0.34494489046128723
CHGV	MetaPhaPred	0.8683127572016461	0.34538262174328194
CHGV	MetaPhaPred	0.8683127572016461	0.3460434604346043
CHGV	MetaPhaPred	0.8679698216735254	0.3470451117509941
CHGV	MetaPhaPred	0.8672839506172839	0.3478201072754779
CHGV	MetaPhaPred	0.8672839506172839	0.34829913235091586
CHGV	MetaPhaPred	0.8665980795610425	0.3488404196576477
CHGV	MetaPhaPred	0.8655692729766804	0.34895617309553434
CHGV	MetaPhaPred	0.8645404663923183	0.34975027746947834
CHGV	MetaPhaPred	0.8645404663923183	0.3498473494310297
CHGV	MetaPhaPred	0.8638545953360768	0.35152107172760255
CHGV	MetaPhaPred	0.8638545953360768	0.3517173973750349
CHGV	MetaPhaPred	0.8638545953360768	0.35275171544601597
CHGV	MetaPhaPred	0.8638545953360768	0.35344464711659884
CHGV	MetaPhaPred	0.8631687242798354	0.3541080472706809
CHGV	MetaPhaPred	0.8631687242798354	0.35430743243243246
CHGV	MetaPhaPred	0.8621399176954733	0.354633939906898
CHGV	MetaPhaPred	0.8617969821673526	0.3553952764814029
CHGV	MetaPhaPred	0.8617969821673526	0.3555461233729485
CHGV	MetaPhaPred	0.8617969821673526	0.35726471424509526
CHGV	MetaPhaPred	0.8617969821673526	0.35741715260987056
CHGV	MetaPhaPred	0.8611111111111112	0.3579472558802566
CHGV	MetaPhaPred	0.8600823045267489	0.3586443586443586
CHGV	MetaPhaPred	0.8597393689986282	0.35973597359735976
CHGV	MetaPhaPred	0.8597393689986282	0.35994256999282126
CHGV	MetaPhaPred	0.8587105624142661	0.3605471562275018
CHGV	MetaPhaPred	0.8580246913580247	0.3612474732890557
CHGV	MetaPhaPred	0.8580246913580247	0.36192680457109794
CHGV	MetaPhaPred	0.857681755829904	0.3634646127016422
CHGV	MetaPhaPred	0.8573388203017832	0.3637421795431398
CHGV	MetaPhaPred	0.8556241426611797	0.3640741281190719
CHGV	MetaPhaPred	0.8549382716049383	0.3647403072421361
CHGV	MetaPhaPred	0.8549382716049383	0.36516771642009666
CHGV	MetaPhaPred	0.8549382716049383	0.36591809775429324
CHGV	MetaPhaPred	0.8545953360768176	0.36652448889542577
CHGV	MetaPhaPred	0.8545953360768176	0.3671725357300722
CHGV	MetaPhaPred	0.8542524005486969	0.36745832718690075
CHGV	MetaPhaPred	0.8535665294924554	0.3679231337767923
CHGV	MetaPhaPred	0.8535665294924554	0.36879537709290267
CHGV	MetaPhaPred	0.8535665294924554	0.36901408450704226
CHGV	MetaPhaPred	0.852880658436214	0.37053039332538734
CHGV	MetaPhaPred	0.8511659807956105	0.3708352009562229
CHGV	MetaPhaPred	0.8511659807956105	0.3710014947683109
CHGV	MetaPhaPred	0.8501371742112482	0.3722781198378135
CHGV	MetaPhaPred	0.8497942386831275	0.3723516153268219
CHGV	MetaPhaPred	0.8487654320987654	0.3727971079981925
CHGV	MetaPhaPred	0.8470507544581619	0.37322453913569054
CHGV	MetaPhaPred	0.8463648834019204	0.37326073805202664
CHGV	MetaPhaPred	0.845679012345679	0.3735231747955165
CHGV	MetaPhaPred	0.845679012345679	0.37460124563269026
CHGV	MetaPhaPred	0.845679012345679	0.37465815861440294
CHGV	MetaPhaPred	0.8446502057613169	0.37551456014636375
CHGV	MetaPhaPred	0.843278463648834	0.37651201959883634
CHGV	MetaPhaPred	0.843278463648834	0.3767427608395894
CHGV	MetaPhaPred	0.8422496570644719	0.37743968034424463
CHGV	MetaPhaPred	0.8422496570644719	0.3782535037732943
CHGV	MetaPhaPred	0.8415637860082305	0.37841171935235157
CHGV	MetaPhaPred	0.840877914951989	0.379038491266038
CHGV	MetaPhaPred	0.8401920438957476	0.3797860796775694
CHGV	MetaPhaPred	0.8401920438957476	0.3800217155266015
CHGV	MetaPhaPred	0.8395061728395061	0.381011673151751
CHGV	MetaPhaPred	0.8395061728395061	0.38118966054188724
CHGV	MetaPhaPred	0.8391632373113854	0.38204527712724434
CHGV	MetaPhaPred	0.8388203017832647	0.38272570802691286
CHGV	MetaPhaPred	0.8374485596707819	0.38317903656048957
CHGV	MetaPhaPred	0.8367626886145405	0.3837081302091524
CHGV	MetaPhaPred	0.8367626886145405	0.3844335906727588
CHGV	MetaPhaPred	0.8367626886145405	0.3854660347551343
CHGV	MetaPhaPred	0.8367626886145405	0.3856488067014383
CHGV	MetaPhaPred	0.8347050754458162	0.3867175087384811
CHGV	MetaPhaPred	0.8347050754458162	0.3869019233826101
CHGV	MetaPhaPred	0.8336762688614541	0.38722523096527556
CHGV	MetaPhaPred	0.8336762688614541	0.38759566326530615
CHGV	MetaPhaPred	0.8326474622770919	0.3889155854557104
CHGV	MetaPhaPred	0.8326474622770919	0.3891025641025641
CHGV	MetaPhaPred	0.8323045267489712	0.3901929260450161
CHGV	MetaPhaPred	0.8319615912208504	0.3909120206252014
CHGV	MetaPhaPred	0.8319615912208504	0.39116414059980653
CHGV	MetaPhaPred	0.8309327846364883	0.39257939079714843
CHGV	MetaPhaPred	0.8305898491083676	0.39286293592862936
CHGV	MetaPhaPred	0.8299039780521262	0.39298473530367
CHGV	MetaPhaPred	0.8299039780521262	0.39343196228255567
CHGV	MetaPhaPred	0.8292181069958847	0.394389169792856
CHGV	MetaPhaPred	0.8285322359396433	0.39438459027097617
CHGV	MetaPhaPred	0.8268175582990398	0.39524590163934425
CHGV	MetaPhaPred	0.8268175582990398	0.3956350508697079
CHGV	MetaPhaPred	0.8257887517146777	0.3958573072497123
CHGV	MetaPhaPred	0.8251028806584362	0.39663699307616224
CHGV	MetaPhaPred	0.8251028806584362	0.396833250865908
CHGV	MetaPhaPred	0.8244170096021948	0.3974867724867725
CHGV	MetaPhaPred	0.8237311385459534	0.3977479715184633
CHGV	MetaPhaPred	0.8220164609053497	0.3984375
CHGV	MetaPhaPred	0.8206447187928669	0.39903284975821246
CHGV	MetaPhaPred	0.8196159122085048	0.40013393604553826
CHGV	MetaPhaPred	0.8196159122085048	0.4004691689008043
CHGV	MetaPhaPred	0.8192729766803841	0.4021208550749032
CHGV	MetaPhaPred	0.8192729766803841	0.4023240148198046
CHGV	MetaPhaPred	0.8185871056241426	0.4027332545976042
CHGV	MetaPhaPred	0.8185871056241426	0.4030052338342056
CHGV	MetaPhaPred	0.8179012345679012	0.4038266169996614
CHGV	MetaPhaPred	0.8172153635116598	0.40396677402949654
CHGV	MetaPhaPred	0.8165294924554184	0.40438179347826086
CHGV	MetaPhaPred	0.815843621399177	0.4047983665135273
CHGV	MetaPhaPred	0.815843621399177	0.40500510725229827
CHGV	MetaPhaPred	0.813443072702332	0.4054007861903948
CHGV	MetaPhaPred	0.813443072702332	0.40547008547008545
CHGV	MetaPhaPred	0.813443072702332	0.40616438356164386
CHGV	MetaPhaPred	0.813443072702332	0.4065821049022969
CHGV	MetaPhaPred	0.8120713305898491	0.40778370931634234
CHGV	MetaPhaPred	0.8120713305898491	0.4079944865609924
CHGV	MetaPhaPred	0.8106995884773662	0.4085724161769789
CHGV	MetaPhaPred	0.8096707818930041	0.40918544194107453
CHGV	MetaPhaPred	0.8096707818930041	0.4092563702548102
CHGV	MetaPhaPred	0.8079561042524005	0.410024364775496
CHGV	MetaPhaPred	0.8079561042524005	0.4103099965168931
CHGV	MetaPhaPred	0.8072702331961591	0.4107485604606526
CHGV	MetaPhaPred	0.8069272976680384	0.4111479993010659
CHGV	MetaPhaPred	0.8065843621399177	0.4117647058823529
CHGV	MetaPhaPred	0.806241426611797	0.41187806587245973
CHGV	MetaPhaPred	0.8058984910836763	0.4125702247191011
CHGV	MetaPhaPred	0.8055555555555556	0.4129020917560204
CHGV	MetaPhaPred	0.8052126200274349	0.41338028169014085
CHGV	MetaPhaPred	0.8052126200274349	0.4138903578353605
CHGV	MetaPhaPred	0.8048696844993142	0.41429832303618713
CHGV	MetaPhaPred	0.803840877914952	0.4155291614961886
CHGV	MetaPhaPred	0.8031550068587106	0.41628154994667615
CHGV	MetaPhaPred	0.8024691358024691	0.41718666428953466
CHGV	MetaPhaPred	0.8021262002743484	0.4171571250222936
CHGV	MetaPhaPred	0.8010973936899863	0.41766493831575185
CHGV	MetaPhaPred	0.7997256515775034	0.41844607931096356
CHGV	MetaPhaPred	0.799039780521262	0.4186130075458139
CHGV	MetaPhaPred	0.7986968449931413	0.41911103113190573
CHGV	MetaPhaPred	0.7980109739368999	0.42003610108303246
CHGV	MetaPhaPred	0.7976680384087792	0.42015895953757226
CHGV	MetaPhaPred	0.7962962962962963	0.4210335448776065
CHGV	MetaPhaPred	0.7952674897119342	0.42148309705561615
CHGV	MetaPhaPred	0.7952674897119342	0.42186647262142984
CHGV	MetaPhaPred	0.7942386831275721	0.4223194748358862
CHGV	MetaPhaPred	0.7935528120713305	0.4229574118077134
CHGV	MetaPhaPred	0.7928669410150891	0.42328817283046505
CHGV	MetaPhaPred	0.7928669410150891	0.42398679625894004
CHGV	MetaPhaPred	0.7925240054869684	0.4249724163295329
CHGV	MetaPhaPred	0.7925240054869684	0.42528524107471477
CHGV	MetaPhaPred	0.791838134430727	0.4260147601476015
CHGV	MetaPhaPred	0.7914951989026063	0.4260660882407237
CHGV	MetaPhaPred	0.7911522633744856	0.42738051130048166
CHGV	MetaPhaPred	0.7908093278463649	0.4289434523809524
CHGV	MetaPhaPred	0.7904663923182441	0.42947643003540154
CHGV	MetaPhaPred	0.7904663923182441	0.429957097556426
CHGV	MetaPhaPred	0.7897805212620027	0.4306282722513089
CHGV	MetaPhaPred	0.7887517146776406	0.4316816816816817
CHGV	MetaPhaPred	0.7884087791495199	0.4319804584742578
CHGV	MetaPhaPred	0.7873799725651578	0.4331258253159781
CHGV	MetaPhaPred	0.7870370370370371	0.4331823329558324
CHGV	MetaPhaPred	0.7853223593964335	0.43330179754020814
CHGV	MetaPhaPred	0.7853223593964335	0.4336299943192577
CHGV	MetaPhaPred	0.7849794238683128	0.435171102661597
CHGV	MetaPhaPred	0.7846364883401921	0.43522921818527677
CHGV	MetaPhaPred	0.7829218106995884	0.4360198624904507
CHGV	MetaPhaPred	0.7825788751714677	0.4371647509578544
CHGV	MetaPhaPred	0.7825788751714677	0.4372485150411956
CHGV	MetaPhaPred	0.7818930041152263	0.43846153846153846
CHGV	MetaPhaPred	0.7818930041152263	0.4385458742065782
CHGV	MetaPhaPred	0.7812071330589849	0.4397683397683398
CHGV	MetaPhaPred	0.7808641975308642	0.44025522041763343
CHGV	MetaPhaPred	0.7808641975308642	0.441108097636575
CHGV	MetaPhaPred	0.7801783264746228	0.44114795423695946
CHGV	MetaPhaPred	0.7781207133058985	0.4418695228821811
CHGV	MetaPhaPred	0.7781207133058985	0.4419555901830931
CHGV	MetaPhaPred	0.7774348422496571	0.4430330271643541
CHGV	MetaPhaPred	0.7767489711934157	0.4435957696827262
CHGV	MetaPhaPred	0.7764060356652949	0.44366059180873996
CHGV	MetaPhaPred	0.7750342935528121	0.444794331824444
CHGV	MetaPhaPred	0.7746913580246914	0.44494780382115423
CHGV	MetaPhaPred	0.7733196159122085	0.44565217391304346
CHGV	MetaPhaPred	0.7729766803840878	0.44633663366336634
CHGV	MetaPhaPred	0.772633744855967	0.44658077304261645
CHGV	MetaPhaPred	0.772633744855967	0.44746772591857004
CHGV	MetaPhaPred	0.772633744855967	0.448090692124105
CHGV	MetaPhaPred	0.772633744855967	0.44826900119379226
CHGV	MetaPhaPred	0.772633744855967	0.4497005988023952
CHGV	MetaPhaPred	0.772633744855967	0.44988019169329074
CHGV	MetaPhaPred	0.772633744855967	0.45105105105105103
CHGV	MetaPhaPred	0.7716049382716049	0.4515352197471403
CHGV	MetaPhaPred	0.7705761316872428	0.45247684252919856
CHGV	MetaPhaPred	0.7698902606310014	0.45344374873762877
CHGV	MetaPhaPred	0.7692043895747599	0.45331447049312856
CHGV	MetaPhaPred	0.7692043895747599	0.4538648320518009
CHGV	MetaPhaPred	0.7685185185185185	0.4539193842414422
CHGV	MetaPhaPred	0.7678326474622771	0.45461928934010154
CHGV	MetaPhaPred	0.7678326474622771	0.454803981312208
CHGV	MetaPhaPred	0.7671467764060357	0.4554153094462541
CHGV	MetaPhaPred	0.7664609053497943	0.45565749235474007
CHGV	MetaPhaPred	0.7650891632373114	0.4556781045751634
CHGV	MetaPhaPred	0.7647462277091907	0.45659295659295657
CHGV	MetaPhaPred	0.76440329218107	0.4570432643018249
CHGV	MetaPhaPred	0.7630315500685871	0.4574424342105263
CHGV	MetaPhaPred	0.7626886145404664	0.4580844490216272
CHGV	MetaPhaPred	0.7626886145404664	0.45874587458745875
CHGV	MetaPhaPred	0.7616598079561042	0.4592638544251447
CHGV	MetaPhaPred	0.7609739368998628	0.46008708272859217
CHGV	MetaPhaPred	0.7602880658436214	0.4603405315614618
CHGV	MetaPhaPred	0.7602880658436214	0.4607231920199501
CHGV	MetaPhaPred	0.7589163237311386	0.46123384743643187
CHGV	MetaPhaPred	0.7589163237311386	0.4621971595655806
CHGV	MetaPhaPred	0.7589163237311386	0.46258361204013376
CHGV	MetaPhaPred	0.7582304526748971	0.4636192073810023
CHGV	MetaPhaPred	0.7578875171467764	0.4639932815452446
CHGV	MetaPhaPred	0.7568587105624143	0.4643383126446455
CHGV	MetaPhaPred	0.7565157750342936	0.46569558792484694
CHGV	MetaPhaPred	0.7554869684499315	0.4659475465313029
CHGV	MetaPhaPred	0.7554869684499315	0.4665396018636171
CHGV	MetaPhaPred	0.7554869684499315	0.46703413186347253
CHGV	MetaPhaPred	0.75480109739369	0.46760144465689396
CHGV	MetaPhaPred	0.7544581618655692	0.46748831279218017
CHGV	MetaPhaPred	0.7520576131687243	0.4683895771038018
CHGV	MetaPhaPred	0.7520576131687243	0.46879008123129545
CHGV	MetaPhaPred	0.7517146776406035	0.46968073709020786
CHGV	MetaPhaPred	0.7510288065843621	0.47046186895810954
CHGV	MetaPhaPred	0.7506858710562414	0.470752688172043
CHGV	MetaPhaPred	0.7506858710562414	0.4709552495697074
CHGV	MetaPhaPred	0.75	0.4714378098728174
CHGV	MetaPhaPred	0.7489711934156379	0.47150259067357514
CHGV	MetaPhaPred	0.7489711934156379	0.47191011235955055
CHGV	MetaPhaPred	0.7486282578875172	0.4733304423243712
CHGV	MetaPhaPred	0.7486282578875172	0.47343309477336804
CHGV	MetaPhaPred	0.7479423868312757	0.4744398520774418
CHGV	MetaPhaPred	0.747599451303155	0.47525615870939614
CHGV	MetaPhaPred	0.7469135802469136	0.47596153846153844
CHGV	MetaPhaPred	0.7469135802469136	0.4760655737704918
CHGV	MetaPhaPred	0.7455418381344308	0.4772777167947311
CHGV	MetaPhaPred	0.7455418381344308	0.47759226713532515
CHGV	MetaPhaPred	0.74519890260631	0.47789751484495274
CHGV	MetaPhaPred	0.7445130315500685	0.4790379523389232
CHGV	MetaPhaPred	0.7441700960219478	0.47902869757174393
CHGV	MetaPhaPred	0.7417695473251029	0.4791758972086841
CHGV	MetaPhaPred	0.7417695473251029	0.4794945688317446
CHGV	MetaPhaPred	0.7407407407407407	0.4798933570317707
CHGV	MetaPhaPred	0.7407407407407407	0.480106690375639
CHGV	MetaPhaPred	0.7393689986282579	0.48135744585845053
CHGV	MetaPhaPred	0.7393689986282579	0.48178770949720673
CHGV	MetaPhaPred	0.7386831275720165	0.48274316450022414
CHGV	MetaPhaPred	0.7373113854595336	0.4830375196585037
CHGV	MetaPhaPred	0.7369684499314129	0.48302989435828275
CHGV	MetaPhaPred	0.7362825788751715	0.4843221294834198
CHGV	MetaPhaPred	0.7362825788751715	0.48443140794223827
CHGV	MetaPhaPred	0.7359396433470508	0.4854105406016738
CHGV	MetaPhaPred	0.73559670781893	0.4861740707162285
CHGV	MetaPhaPred	0.7345679012345679	0.4878159872466409
CHGV	MetaPhaPred	0.7342249657064472	0.48803282425347616
CHGV	MetaPhaPred	0.7321673525377229	0.48911798396334477
CHGV	MetaPhaPred	0.7321673525377229	0.48945437872535535
CHGV	MetaPhaPred	0.7311385459533608	0.4902276385375948
CHGV	MetaPhaPred	0.7304526748971193	0.4913494809688581
CHGV	MetaPhaPred	0.7301097393689986	0.4914589104339797
CHGV	MetaPhaPred	0.7297668038408779	0.4925925925925926
CHGV	MetaPhaPred	0.7297668038408779	0.49327770050996755
CHGV	MetaPhaPred	0.7290809327846365	0.4944186046511628
CHGV	MetaPhaPred	0.7287379972565158	0.4944160074453234
CHGV	MetaPhaPred	0.7280521262002744	0.4959121700537258
CHGV	MetaPhaPred	0.727366255144033	0.49567655994391213
CHGV	MetaPhaPred	0.7266803840877915	0.4970677926342951
CHGV	MetaPhaPred	0.7266803840877915	0.49730110302745834
CHGV	MetaPhaPred	0.7263374485596708	0.4983529411764706
CHGV	MetaPhaPred	0.7263374485596708	0.49870496821285615
CHGV	MetaPhaPred	0.7249657064471879	0.5007105637138797
CHGV	MetaPhaPred	0.7249657064471879	0.5014231499051234
CHGV	MetaPhaPred	0.7246227709190672	0.5024970273483947
CHGV	MetaPhaPred	0.7239368998628258	0.503458144526592
CHGV	MetaPhaPred	0.7239368998628258	0.5039388875626641
CHGV	MetaPhaPred	0.7232510288065843	0.5045454545454545
CHGV	MetaPhaPred	0.7229080932784636	0.5044268963866954
CHGV	MetaPhaPred	0.7215363511659808	0.5051620648259304
CHGV	MetaPhaPred	0.7215363511659808	0.5057692307692307
CHGV	MetaPhaPred	0.720164609053498	0.5068790731354091
CHGV	MetaPhaPred	0.720164609053498	0.5072463768115942
CHGV	MetaPhaPred	0.7187928669410151	0.5081212121212121
CHGV	MetaPhaPred	0.7184499314128944	0.508495145631068
CHGV	MetaPhaPred	0.717764060356653	0.5092457420924574
CHGV	MetaPhaPred	0.7170781893004116	0.5103734439834025
CHGV	MetaPhaPred	0.7170781893004116	0.5106227106227106
CHGV	MetaPhaPred	0.7143347050754458	0.5116678948661263
CHGV	MetaPhaPred	0.7133058984910837	0.5119369923701699
CHGV	MetaPhaPred	0.7133058984910837	0.5123152709359606
CHGV	MetaPhaPred	0.7129629629629629	0.5132066156504567
CHGV	MetaPhaPred	0.7122770919067215	0.514873574615766
CHGV	MetaPhaPred	0.7122770919067215	0.515001239771882
CHGV	MetaPhaPred	0.7102194787379973	0.5162013958125623
CHGV	MetaPhaPred	0.7098765432098766	0.5163382389623348
CHGV	MetaPhaPred	0.7095336076817559	0.5173793448362091
CHGV	MetaPhaPred	0.7088477366255144	0.5181749811982953
CHGV	MetaPhaPred	0.708161865569273	0.5183232931726908
CHGV	MetaPhaPred	0.7078189300411523	0.5187232973108822
CHGV	MetaPhaPred	0.7074759945130316	0.5201714573877962
CHGV	MetaPhaPred	0.7061042524005487	0.5207384926656551
CHGV	MetaPhaPred	0.7057613168724279	0.5210126582278481
CHGV	MetaPhaPred	0.7030178326474623	0.5218940936863544
CHGV	MetaPhaPred	0.7030178326474623	0.5224260958205912
CHGV	MetaPhaPred	0.7030178326474623	0.523359714066888
CHGV	MetaPhaPred	0.7026748971193416	0.5244433068850781
CHGV	MetaPhaPred	0.7013031550068587	0.5255718324338217
CHGV	MetaPhaPred	0.6999314128943759	0.5264379675006449
CHGV	MetaPhaPred	0.698559670781893	0.5271739130434783
CHGV	MetaPhaPred	0.6978737997256516	0.5272020725388601
CHGV	MetaPhaPred	0.6975308641975309	0.5280373831775701
CHGV	MetaPhaPred	0.6965020576131687	0.5294577685088634
CHGV	MetaPhaPred	0.696159122085048	0.5304415991638359
CHGV	MetaPhaPred	0.6954732510288066	0.5314465408805031
CHGV	MetaPhaPred	0.6954732510288066	0.5318646734854445
CHGV	MetaPhaPred	0.6951303155006858	0.5335614635430377
CHGV	MetaPhaPred	0.6934156378600823	0.5336500395882818
CHGV	MetaPhaPred	0.6927297668038409	0.5343915343915344
CHGV	MetaPhaPred	0.6927297668038409	0.5345329452236042
CHGV	MetaPhaPred	0.6903292181069959	0.5356572645023949
CHGV	MetaPhaPred	0.6896433470507545	0.5359808102345416
CHGV	MetaPhaPred	0.6889574759945131	0.536878674505612
CHGV	MetaPhaPred	0.6875857338820301	0.5378218884120172
CHGV	MetaPhaPred	0.6872427983539094	0.537842190016103
CHGV	MetaPhaPred	0.6844993141289437	0.5385860766324878
CHGV	MetaPhaPred	0.6834705075445816	0.5392316017316018
CHGV	MetaPhaPred	0.6831275720164609	0.5404232230059686
CHGV	MetaPhaPred	0.6824417009602195	0.5404671374253124
CHGV	MetaPhaPred	0.6814128943758574	0.5409746800980125
CHGV	MetaPhaPred	0.6800411522633745	0.5412117903930131
CHGV	MetaPhaPred	0.6800411522633745	0.5425444596443229
CHGV	MetaPhaPred	0.6790123456790124	0.5442550852116548
CHGV	MetaPhaPred	0.6790123456790124	0.5445544554455446
CHGV	MetaPhaPred	0.6779835390946503	0.5452289023717595
CHGV	MetaPhaPred	0.6779835390946503	0.5456803753795197
CHGV	MetaPhaPred	0.6766117969821673	0.5468403547671841
CHGV	MetaPhaPred	0.6762688614540466	0.5468663338879645
CHGV	MetaPhaPred	0.6748971193415638	0.547731700528806
CHGV	MetaPhaPred	0.6742112482853223	0.5482431678750698
CHGV	MetaPhaPred	0.6728395061728395	0.5485043332401454
CHGV	MetaPhaPred	0.6724965706447188	0.549915872125631
CHGV	MetaPhaPred	0.6707818930041153	0.5508307519008729
CHGV	MetaPhaPred	0.6690672153635117	0.5515973989256432
CHGV	MetaPhaPred	0.6690672153635117	0.5519094766619519
CHGV	MetaPhaPred	0.6680384087791496	0.5532519170690144
CHGV	MetaPhaPred	0.6673525377229081	0.5529980107985223
CHGV	MetaPhaPred	0.6659807956104252	0.5540656205420827
CHGV	MetaPhaPred	0.6659807956104252	0.5545402627070246
CHGV	MetaPhaPred	0.6656378600823045	0.5560011458034947
CHGV	MetaPhaPred	0.6652949245541838	0.5569910996267585
CHGV	MetaPhaPred	0.6649519890260631	0.5584677419354839
CHGV	MetaPhaPred	0.6642661179698217	0.5585351787773933
CHGV	MetaPhaPred	0.6628943758573388	0.5599652375434531
CHGV	MetaPhaPred	0.6628943758573388	0.5601274992755723
CHGV	MetaPhaPred	0.6618655692729767	0.561046511627907
CHGV	MetaPhaPred	0.6611796982167353	0.5617715617715617
CHGV	MetaPhaPred	0.6608367626886146	0.5619714202391368
CHGV	MetaPhaPred	0.6598079561042524	0.5625730994152047
CHGV	MetaPhaPred	0.6598079561042524	0.5627376425855514
CHGV	MetaPhaPred	0.659122085048011	0.5634711228378775
CHGV	MetaPhaPred	0.6587791495198903	0.5636737089201878
CHGV	MetaPhaPred	0.6577503429355281	0.5637860082304527
CHGV	MetaPhaPred	0.6570644718792867	0.564359351988218
CHGV	MetaPhaPred	0.6556927297668038	0.5651788353532368
CHGV	MetaPhaPred	0.654320987654321	0.5655008891523414
CHGV	MetaPhaPred	0.6526063100137174	0.565359477124183
CHGV	MetaPhaPred	0.6502057613168725	0.5659701492537313
CHGV	MetaPhaPred	0.649519890260631	0.5660490137477585
CHGV	MetaPhaPred	0.6484910836762688	0.5668465227817746
CHGV	MetaPhaPred	0.6478052126200274	0.5674376689696605
CHGV	MetaPhaPred	0.6474622770919067	0.5681613000300932
CHGV	MetaPhaPred	0.6460905349794238	0.568668880169031
CHGV	MetaPhaPred	0.6454046639231824	0.5690958572724524
CHGV	MetaPhaPred	0.6454046639231824	0.5699576014536645
CHGV	MetaPhaPred	0.6450617283950617	0.5706917475728155
CHGV	MetaPhaPred	0.6443758573388203	0.5714720194647201
CHGV	MetaPhaPred	0.6433470507544582	0.5731744576840819
CHGV	MetaPhaPred	0.6433470507544582	0.5738758029978587
CHGV	MetaPhaPred	0.6426611796982168	0.5746703465194726
CHGV	MetaPhaPred	0.6426611796982168	0.5764380190710551
CHGV	MetaPhaPred	0.642318244170096	0.5764850723299477
CHGV	MetaPhaPred	0.6406035665294925	0.576899320568252
CHGV	MetaPhaPred	0.6406035665294925	0.5772558714462299
CHGV	MetaPhaPred	0.6399176954732511	0.5782460489618841
CHGV	MetaPhaPred	0.6399176954732511	0.578425294482331
CHGV	MetaPhaPred	0.6399176954732511	0.5793231915554176
CHGV	MetaPhaPred	0.6388888888888888	0.5792910447761194
CHGV	MetaPhaPred	0.637517146776406	0.5798502807236432
CHGV	MetaPhaPred	0.6364883401920439	0.5803627267041901
CHGV	MetaPhaPred	0.635116598079561	0.5809284818067754
CHGV	MetaPhaPred	0.6347736625514403	0.5813442211055276
CHGV	MetaPhaPred	0.6344307270233196	0.5821271239773442
CHGV	MetaPhaPred	0.6334019204389575	0.5826498422712934
CHGV	MetaPhaPred	0.6323731138545954	0.5828065739570164
CHGV	MetaPhaPred	0.6313443072702332	0.5837032339885859
CHGV	MetaPhaPred	0.6310013717421125	0.583941605839416
CHGV	MetaPhaPred	0.6296296296296297	0.5837837837837838
CHGV	MetaPhaPred	0.6296296296296297	0.583969465648855
CHGV	MetaPhaPred	0.6282578875171467	0.5854905720677532
CHGV	MetaPhaPred	0.6282578875171467	0.58624
CHGV	MetaPhaPred	0.6275720164609053	0.5878573723096692
CHGV	MetaPhaPred	0.6275720164609053	0.5880462724935732
CHGV	MetaPhaPred	0.6268861454046639	0.5900581020012912
CHGV	MetaPhaPred	0.6255144032921811	0.5906735751295337
CHGV	MetaPhaPred	0.6244855967078189	0.5904669260700389
CHGV	MetaPhaPred	0.6217421124828533	0.591324200913242
CHGV	MetaPhaPred	0.6217421124828533	0.5919033627162912
CHGV	MetaPhaPred	0.6217421124828533	0.5930650964998364
CHGV	MetaPhaPred	0.6217421124828533	0.5936476751800916
CHGV	MetaPhaPred	0.6193415637860082	0.5932982917214192
CHGV	MetaPhaPred	0.6189986282578875	0.5945322793148881
CHGV	MetaPhaPred	0.6186556927297668	0.5951831078851864
CHGV	MetaPhaPred	0.6183127572016461	0.5960330578512397
CHGV	MetaPhaPred	0.6176268861454046	0.596752816434725
CHGV	MetaPhaPred	0.6165980795610425	0.5975407111997342
CHGV	MetaPhaPred	0.6162551440329218	0.5980033277870216
CHGV	MetaPhaPred	0.6152263374485597	0.5981993997999333
CHGV	MetaPhaPred	0.6141975308641975	0.5989966555183946
CHGV	MetaPhaPred	0.6135116598079561	0.5993299832495812
CHGV	MetaPhaPred	0.6131687242798354	0.6002014098690835
CHGV	MetaPhaPred	0.612482853223594	0.6009421265141319
CHGV	MetaPhaPred	0.6117969821673526	0.6008757157292017
CHGV	MetaPhaPred	0.6111111111111112	0.6010118043844856
CHGV	MetaPhaPred	0.6104252400548696	0.6015545792497465
CHGV	MetaPhaPred	0.6093964334705075	0.6027815468113975
CHGV	MetaPhaPred	0.6093964334705075	0.6036005434782609
CHGV	MetaPhaPred	0.6083676268861454	0.6042234332425068
CHGV	MetaPhaPred	0.607681755829904	0.6043656207366985
CHGV	MetaPhaPred	0.6066529492455418	0.6043730782371028
CHGV	MetaPhaPred	0.605281207133059	0.6050737058621872
CHGV	MetaPhaPred	0.6049382716049383	0.6055612770339855
CHGV	MetaPhaPred	0.6045953360768176	0.6066758430832759
CHGV	MetaPhaPred	0.6039094650205762	0.6068228807718815
CHGV	MetaPhaPred	0.6039094650205762	0.6085003455425018
CHGV	MetaPhaPred	0.6035665294924554	0.6087858872362504
CHGV	MetaPhaPred	0.602880658436214	0.610204790003471
CHGV	MetaPhaPred	0.6025377229080933	0.610705596107056
CHGV	MetaPhaPred	0.6018518518518519	0.6112852664576802
CHGV	MetaPhaPred	0.6018518518518519	0.6127793296089385
CHGV	MetaPhaPred	0.6015089163237312	0.6141456582633054
CHGV	MetaPhaPred	0.600480109739369	0.6143859649122807
CHGV	MetaPhaPred	0.5997942386831275	0.6143308746048473
CHGV	MetaPhaPred	0.5991083676268861	0.6155743481324877
CHGV	MetaPhaPred	0.5991083676268861	0.6160084626234132
CHGV	MetaPhaPred	0.5984224965706447	0.6163899682091134
CHGV	MetaPhaPred	0.598079561042524	0.6162544169611307
CHGV	MetaPhaPred	0.5967078189300411	0.6168025522864232
CHGV	MetaPhaPred	0.5967078189300411	0.6174591909155429
CHGV	MetaPhaPred	0.5963648834019204	0.6182012086740135
CHGV	MetaPhaPred	0.5949931412894376	0.6185383244206774
CHGV	MetaPhaPred	0.5943072702331962	0.6195924204504827
CHGV	MetaPhaPred	0.5939643347050755	0.6203438395415473
CHGV	MetaPhaPred	0.5939643347050755	0.6212338593974175
CHGV	MetaPhaPred	0.5936213991769548	0.6217672413793104
CHGV	MetaPhaPred	0.5929355281207133	0.6217188061848256
CHGV	MetaPhaPred	0.5929355281207133	0.623962468422952
CHGV	MetaPhaPred	0.5915637860082305	0.6247736327417602
CHGV	MetaPhaPred	0.5901920438957476	0.6246823956442831
CHGV	MetaPhaPred	0.5895061728395061	0.6257735711685475
CHGV	MetaPhaPred	0.5888203017832647	0.6268711208470245
CHGV	MetaPhaPred	0.588477366255144	0.6271929824561403
CHGV	MetaPhaPred	0.5874485596707819	0.6286238532110092
CHGV	MetaPhaPred	0.586076817558299	0.6296978629329403
CHGV	MetaPhaPred	0.5847050754458162	0.629615952732644
CHGV	MetaPhaPred	0.5847050754458162	0.6303142329020333
CHGV	MetaPhaPred	0.5843621399176955	0.631578947368421
CHGV	MetaPhaPred	0.5819615912208504	0.6341554559043349
CHGV	MetaPhaPred	0.5819615912208504	0.6343925233644859
CHGV	MetaPhaPred	0.581275720164609	0.6350693143499438
CHGV	MetaPhaPred	0.581275720164609	0.6353073463268366
CHGV	MetaPhaPred	0.5805898491083676	0.6364661654135338
CHGV	MetaPhaPred	0.5792181069958847	0.6363978899773927
CHGV	MetaPhaPred	0.5764746227709191	0.6369837059492232
CHGV	MetaPhaPred	0.5764746227709191	0.6394066184861164
CHGV	MetaPhaPred	0.5754458161865569	0.6392380952380953
CHGV	MetaPhaPred	0.5747599451303155	0.6409177820267686
CHGV	MetaPhaPred	0.5740740740740741	0.6421173762945915
CHGV	MetaPhaPred	0.5727023319615913	0.642802155504234
CHGV	MetaPhaPred	0.5723593964334706	0.643407864302236
CHGV	MetaPhaPred	0.5713305898491083	0.6439891766524932
CHGV	MetaPhaPred	0.5699588477366255	0.6446858029480217
CHGV	MetaPhaPred	0.5685871056241426	0.6448852586542202
CHGV	MetaPhaPred	0.5685871056241426	0.6458901441371251
CHGV	MetaPhaPred	0.5675582990397805	0.6474960876369327
CHGV	MetaPhaPred	0.5661865569272977	0.6469435736677116
CHGV	MetaPhaPred	0.5651577503429356	0.6472898664571878
CHGV	MetaPhaPred	0.5644718792866941	0.6500789889415481
CHGV	MetaPhaPred	0.5644718792866941	0.6503358356380877
CHGV	MetaPhaPred	0.5637860082304527	0.6508313539192399
CHGV	MetaPhaPred	0.5627572016460906	0.6506740681998414
CHGV	MetaPhaPred	0.5617283950617284	0.6505162827640985
CHGV	MetaPhaPred	0.5617283950617284	0.6518105849582173
CHGV	MetaPhaPred	0.5610425240054869	0.6530938123752495
CHGV	MetaPhaPred	0.5603566529492455	0.6546474358974359
CHGV	MetaPhaPred	0.5593278463648834	0.6550200803212851
CHGV	MetaPhaPred	0.5589849108367627	0.655144694533762
CHGV	MetaPhaPred	0.5582990397805213	0.6561870213623539
CHGV	MetaPhaPred	0.5565843621399177	0.656287909421755
CHGV	MetaPhaPred	0.5558984910836763	0.6562753036437247
CHGV	MetaPhaPred	0.5552126200274349	0.6570616883116883
CHGV	MetaPhaPred	0.5541838134430727	0.6566436407964242
CHGV	MetaPhaPred	0.5528120713305898	0.6574225122349103
CHGV	MetaPhaPred	0.5521262002743484	0.6590257879656161
CHGV	MetaPhaPred	0.5504115226337448	0.6594083812654067
CHGV	MetaPhaPred	0.5504115226337448	0.6599506578947368
CHGV	MetaPhaPred	0.5497256515775034	0.6604861969509682
CHGV	MetaPhaPred	0.5493827160493827	0.6603462489694971
CHGV	MetaPhaPred	0.549039780521262	0.6621174524400331
CHGV	MetaPhaPred	0.5483539094650206	0.662111801242236
CHGV	MetaPhaPred	0.546639231824417	0.6641666666666667
CHGV	MetaPhaPred	0.5456104252400549	0.6648558295027163
CHGV	MetaPhaPred	0.5452674897119342	0.6658291457286433
CHGV	MetaPhaPred	0.5435528120713305	0.6665264928511354
CHGV	MetaPhaPred	0.5432098765432098	0.6666666666666666
CHGV	MetaPhaPred	0.5421810699588477	0.667652027027027
CHGV	MetaPhaPred	0.5421810699588477	0.6682163989856298
CHGV	MetaPhaPred	0.5408093278463649	0.6713495104299702
CHGV	MetaPhaPred	0.5408093278463649	0.671921602045164
CHGV	MetaPhaPred	0.539437585733882	0.6722222222222223
CHGV	MetaPhaPred	0.5390946502057613	0.6723695466210436
CHGV	MetaPhaPred	0.5373799725651578	0.6725321888412017
CHGV	MetaPhaPred	0.5353223593964335	0.6734253666954271
CHGV	MetaPhaPred	0.5349794238683128	0.6744487678339819
CHGV	MetaPhaPred	0.532235939643347	0.6753698868581375
CHGV	MetaPhaPred	0.5315500685871056	0.6750871080139372
CHGV	MetaPhaPred	0.5301783264746228	0.6754041065967672
CHGV	MetaPhaPred	0.529835390946502	0.6755574989068649
CHGV	MetaPhaPred	0.5281207133058985	0.6754385964912281
CHGV	MetaPhaPred	0.5277777777777778	0.6758893280632411
CHGV	MetaPhaPred	0.5270919067215364	0.6761988561372635
CHGV	MetaPhaPred	0.5260631001371742	0.6772626931567329
CHGV	MetaPhaPred	0.5260631001371742	0.6784608580274215
CHGV	MetaPhaPred	0.5243484224965707	0.6786506879715934
CHGV	MetaPhaPred	0.5236625514403292	0.6798753339269813
CHGV	MetaPhaPred	0.5212620027434842	0.680089485458613
CHGV	MetaPhaPred	0.5195473251028807	0.6805929919137467
CHGV	MetaPhaPred	0.5192043895747599	0.6813681368136814
CHGV	MetaPhaPred	0.5188614540466392	0.6824537663509247
CHGV	MetaPhaPred	0.5185185185185185	0.6850928862709561
CHGV	MetaPhaPred	0.5178326474622771	0.6851179673321234
CHGV	MetaPhaPred	0.5164609053497943	0.684856753069577
CHGV	MetaPhaPred	0.5164609053497943	0.6854802002730996
CHGV	MetaPhaPred	0.5154320987654321	0.6853625170998632
CHGV	MetaPhaPred	0.5154320987654321	0.6856751824817519
CHGV	MetaPhaPred	0.5130315500685871	0.6859238881247134
CHGV	MetaPhaPred	0.5120027434842249	0.6867525298988041
CHGV	MetaPhaPred	0.5116598079561042	0.6872409028097651
CHGV	MetaPhaPred	0.5109739368998628	0.6885397412199631
CHGV	MetaPhaPred	0.5106310013717421	0.6896711440481704
CHGV	MetaPhaPred	0.5102880658436214	0.6901669758812616
CHGV	MetaPhaPred	0.5075445816186557	0.6899766899766899
CHGV	MetaPhaPred	0.5068587105624143	0.6906542056074766
CHGV	MetaPhaPred	0.5061728395061729	0.6913348946135831
CHGV	MetaPhaPred	0.50480109739369	0.6933584550164861
CHGV	MetaPhaPred	0.50480109739369	0.694012258368694
CHGV	MetaPhaPred	0.5034293552812071	0.6954050213169114
CHGV	MetaPhaPred	0.5017146776406035	0.6983293556085919
CHGV	MetaPhaPred	0.5017146776406035	0.6993307839388145
CHGV	MetaPhaPred	0.5003429355281207	0.7004320691310609
CHGV	MetaPhaPred	0.5003429355281207	0.7007684918347743
CHGV	MetaPhaPred	0.49828532235939643	0.7009165460684997
CHGV	MetaPhaPred	0.49794238683127573	0.7011105746016417
CHGV	MetaPhaPred	0.49657064471879286	0.7022308438409312
CHGV	MetaPhaPred	0.49657064471879286	0.7025715672003882
CHGV	MetaPhaPred	0.4945130315500686	0.702729044834308
CHGV	MetaPhaPred	0.4941700960219479	0.7029268292682926
CHGV	MetaPhaPred	0.49314128943758573	0.7038668624571708
CHGV	MetaPhaPred	0.4924554183813443	0.7035766780989711
CHGV	MetaPhaPred	0.49039780521262005	0.7051282051282052
CHGV	MetaPhaPred	0.4897119341563786	0.7051851851851851
CHGV	MetaPhaPred	0.4890260631001372	0.7059405940594059
CHGV	MetaPhaPred	0.487997256515775	0.7069051167411823
CHGV	MetaPhaPred	0.4869684499314129	0.707876370887338
CHGV	MetaPhaPred	0.48628257887517146	0.7093546773386693
CHGV	MetaPhaPred	0.48628257887517146	0.7107769423558897
CHGV	MetaPhaPred	0.48593964334705075	0.7120603015075377
CHGV	MetaPhaPred	0.48525377229080935	0.7117706237424547
CHGV	MetaPhaPred	0.4842249657064472	0.712771327612317
CHGV	MetaPhaPred	0.4835390946502058	0.7146477445514445
CHGV	MetaPhaPred	0.4821673525377229	0.7162506367804381
CHGV	MetaPhaPred	0.48045267489711935	0.7162576687116564
CHGV	MetaPhaPred	0.48045267489711935	0.7169907881269192
CHGV	MetaPhaPred	0.4783950617283951	0.7194430118617844
CHGV	MetaPhaPred	0.4777091906721536	0.719153329891585
CHGV	MetaPhaPred	0.47530864197530864	0.72
CHGV	MetaPhaPred	0.4739368998628258	0.7209181011997914
CHGV	MetaPhaPred	0.4711934156378601	0.7220178665265371
CHGV	MetaPhaPred	0.47050754458161864	0.7224855186940495
CHGV	MetaPhaPred	0.4691358024691358	0.7245762711864406
CHGV	MetaPhaPred	0.4691358024691358	0.7253446447507953
CHGV	MetaPhaPred	0.4667352537722908	0.7262540021344717
CHGV	MetaPhaPred	0.4667352537722908	0.7266417512012814
CHGV	MetaPhaPred	0.46433470507544583	0.726784755770263
CHGV	MetaPhaPred	0.46364883401920437	0.7280560043080236
CHGV	MetaPhaPred	0.46296296296296297	0.7277628032345014
CHGV	MetaPhaPred	0.45953360768175583	0.7282608695652174
CHGV	MetaPhaPred	0.45850480109739367	0.7290076335877863
CHGV	MetaPhaPred	0.4567901234567901	0.7286652078774617
CHGV	MetaPhaPred	0.4561042524005487	0.7295666483817883
CHGV	MetaPhaPred	0.4540466392318244	0.7298787210584344
CHGV	MetaPhaPred	0.453360768175583	0.7299834345665378
CHGV	MetaPhaPred	0.45198902606310015	0.7310038824181919
CHGV	MetaPhaPred	0.450960219478738	0.7317751808569839
CHGV	MetaPhaPred	0.4489026063100137	0.7316936836221353
CHGV	MetaPhaPred	0.44650205761316875	0.7314606741573034
CHGV	MetaPhaPred	0.4444444444444444	0.7313769751693002
CHGV	MetaPhaPred	0.4430727023319616	0.7307692307692307
CHGV	MetaPhaPred	0.44170096021947874	0.7314026121521863
CHGV	MetaPhaPred	0.4403292181069959	0.7328767123287672
CHGV	MetaPhaPred	0.4396433470507545	0.7329902801600915
CHGV	MetaPhaPred	0.4379286694101509	0.7343300747556066
CHGV	MetaPhaPred	0.4375857338820302	0.7341772151898734
CHGV	MetaPhaPred	0.43587105624142664	0.735106998264893
CHGV	MetaPhaPred	0.4348422496570645	0.7354988399071926
CHGV	MetaPhaPred	0.43209876543209874	0.7364114552893045
CHGV	MetaPhaPred	0.43072702331961593	0.7366568914956012
CHGV	MetaPhaPred	0.43004115226337447	0.7363476218438051
CHGV	MetaPhaPred	0.4279835390946502	0.7371529828706438
CHGV	MetaPhaPred	0.4255829903978052	0.736061684460261
CHGV	MetaPhaPred	0.42489711934156377	0.7383790226460072
CHGV	MetaPhaPred	0.4224965706447188	0.7390521895620876
CHGV	MetaPhaPred	0.4218106995884774	0.7387387387387387
CHGV	MetaPhaPred	0.4207818930041152	0.7400482509047045
CHGV	MetaPhaPred	0.41838134430727025	0.739842328684051
CHGV	MetaPhaPred	0.4173525377229081	0.740718198417529
CHGV	MetaPhaPred	0.4163237311385459	0.7420537897310513
CHGV	MetaPhaPred	0.4149519890260631	0.7418761496014715
CHGV	MetaPhaPred	0.41426611796982166	0.742014742014742
CHGV	MetaPhaPred	0.41289437585733885	0.74366893143916
CHGV	MetaPhaPred	0.4122085048010974	0.745195288282703
CHGV	MetaPhaPred	0.4111796982167353	0.746110765401369
CHGV	MetaPhaPred	0.4108367626886145	0.7459526774595268
CHGV	MetaPhaPred	0.4108367626886145	0.7478152309612984
CHGV	MetaPhaPred	0.4101508916323731	0.7479674796747967
CHGV	MetaPhaPred	0.40843621399176955	0.7495280050346129
CHGV	MetaPhaPred	0.40775034293552814	0.7501577287066246
CHGV	MetaPhaPred	0.4050068587105624	0.7493654822335025
CHGV	MetaPhaPred	0.40397805212620025	0.7488874761602035
CHGV	MetaPhaPred	0.401920438957476	0.7484035759897829
CHGV	MetaPhaPred	0.40054869684499317	0.7491982039769083
CHGV	MetaPhaPred	0.399519890260631	0.7487146529562982
CHGV	MetaPhaPred	0.3988340192043896	0.7493556701030928
CHGV	MetaPhaPred	0.39849108367626884	0.7496774193548387
CHGV	MetaPhaPred	0.39711934156378603	0.7490297542043984
CHGV	MetaPhaPred	0.39643347050754457	0.7487046632124352
CHGV	MetaPhaPred	0.3940329218106996	0.7504898758981058
CHGV	MetaPhaPred	0.3936899862825789	0.7513089005235603
CHGV	MetaPhaPred	0.39197530864197533	0.7524687294272547
CHGV	MetaPhaPred	0.39026063100137176	0.7536423841059603
CHGV	MetaPhaPred	0.38820301783264743	0.754163890739507
CHGV	MetaPhaPred	0.3868312757201646	0.7550200803212851
CHGV	MetaPhaPred	0.3834019204389575	0.7543859649122807
CHGV	MetaPhaPred	0.3820301783264746	0.7547425474254743
CHGV	MetaPhaPred	0.3813443072702332	0.7544097693351425
CHGV	MetaPhaPred	0.37962962962962965	0.754601226993865
CHGV	MetaPhaPred	0.3786008230452675	0.7546138072453862
CHGV	MetaPhaPred	0.3762002743484225	0.7539518900343642
CHGV	MetaPhaPred	0.37448559670781895	0.7536231884057971
CHGV	MetaPhaPred	0.3734567901234568	0.7546777546777547
CHGV	MetaPhaPred	0.3734567901234568	0.7552011095700416
CHGV	MetaPhaPred	0.3731138545953361	0.7560806115357888
CHGV	MetaPhaPred	0.3727709190672154	0.7574912891986063
CHGV	MetaPhaPred	0.3710562414266118	0.757703081232493
CHGV	MetaPhaPred	0.3679698216735254	0.7583038869257951
CHGV	MetaPhaPred	0.3676268861454047	0.7597448618001418
CHGV	MetaPhaPred	0.3665980795610425	0.7624821683309557
CHGV	MetaPhaPred	0.3662551440329218	0.7628571428571429
CHGV	MetaPhaPred	0.36385459533607684	0.7644092219020173
CHGV	MetaPhaPred	0.3628257887517147	0.7644508670520231
CHGV	MetaPhaPred	0.36179698216735257	0.7644927536231884
CHGV	MetaPhaPred	0.3611111111111111	0.7647058823529411
CHGV	MetaPhaPred	0.360082304526749	0.7641921397379913
CHGV	MetaPhaPred	0.35973936899862824	0.7645772594752187
CHGV	MetaPhaPred	0.35905349794238683	0.7653508771929824
CHGV	MetaPhaPred	0.35768175582990397	0.7646627565982405
CHGV	MetaPhaPred	0.35665294924554186	0.7663964627855564
CHGV	MetaPhaPred	0.3549382716049383	0.7672349888806523
CHGV	MetaPhaPred	0.35459533607681754	0.7670623145400594
CHGV	MetaPhaPred	0.35288065843621397	0.767910447761194
CHGV	MetaPhaPred	0.35288065843621397	0.7696335078534031
CHGV	MetaPhaPred	0.3501371742112483	0.7688253012048193
CHGV	MetaPhaPred	0.3497942386831276	0.7686510926902789
CHGV	MetaPhaPred	0.345679012345679	0.7677075399847677
CHGV	MetaPhaPred	0.3449931412894376	0.76793893129771
CHGV	MetaPhaPred	0.3436213991769547	0.7684049079754601
CHGV	MetaPhaPred	0.34190672153635115	0.7686969930609098
CHGV	MetaPhaPred	0.34087791495198905	0.768160741885626
CHGV	MetaPhaPred	0.3401920438957476	0.7713841368584758
CHGV	MetaPhaPred	0.3388203017832647	0.7712724434035909
CHGV	MetaPhaPred	0.3374485596707819	0.7711598746081505
CHGV	MetaPhaPred	0.33676268861454045	0.7720125786163522
CHGV	MetaPhaPred	0.3350480109739369	0.7717219589257504
CHGV	MetaPhaPred	0.3336762688614541	0.7716098334655036
CHGV	MetaPhaPred	0.33161865569272975	0.7723642172523961
CHGV	MetaPhaPred	0.33058984910836764	0.7724358974358975
CHGV	MetaPhaPred	0.3299039780521262	0.7720706260032103
CHGV	MetaPhaPred	0.32853223593964337	0.7725806451612903
CHGV	MetaPhaPred	0.3275034293552812	0.7720291026677445
CHGV	MetaPhaPred	0.3268175582990398	0.7722852512155591
CHGV	MetaPhaPred	0.32544581618655694	0.7734311328443357
CHGV	MetaPhaPred	0.3244170096021948	0.7735077677841373
CHGV	MetaPhaPred	0.32373113854595337	0.7731367731367731
CHGV	MetaPhaPred	0.3227023319615912	0.7738486842105263
CHGV	MetaPhaPred	0.3227023319615912	0.7744855967078189
CHGV	MetaPhaPred	0.3213305898491084	0.7769485903814262
CHGV	MetaPhaPred	0.32064471879286693	0.776578073089701
CHGV	MetaPhaPred	0.31893004115226337	0.7782426778242678
CHGV	MetaPhaPred	0.31858710562414266	0.7787091366303437
CHGV	MetaPhaPred	0.3175582990397805	0.7788057190916736
CHGV	MetaPhaPred	0.3172153635116598	0.7792754844144903
CHGV	MetaPhaPred	0.3151577503429355	0.7788135593220339
CHGV	MetaPhaPred	0.31378600823045266	0.7807167235494881
CHGV	MetaPhaPred	0.31344307270233196	0.7805294619982921
CHGV	MetaPhaPred	0.3120713305898491	0.7831325301204819
CHGV	MetaPhaPred	0.3117283950617284	0.7829457364341085
CHGV	MetaPhaPred	0.3093278463648834	0.782307025151778
CHGV	MetaPhaPred	0.30795610425240055	0.7829119442022667
CHGV	MetaPhaPred	0.3065843621399177	0.7828371278458844
CHGV	MetaPhaPred	0.3058984910836763	0.7838312829525483
CHGV	MetaPhaPred	0.3048696844993141	0.7853356890459364
CHGV	MetaPhaPred	0.3045267489711934	0.7858407079646018
CHGV	MetaPhaPred	0.3017832647462277	0.7857142857142857
CHGV	MetaPhaPred	0.2997256515775034	0.7852650494159928
CHGV	MetaPhaPred	0.2986968449931413	0.7868112014453478
CHGV	MetaPhaPred	0.296639231824417	0.7863636363636364
CHGV	MetaPhaPred	0.2962962962962963	0.7861692447679709
CHGV	MetaPhaPred	0.29492455418381347	0.7853881278538812
CHGV	MetaPhaPred	0.2932098765432099	0.7851239669421488
CHGV	MetaPhaPred	0.29286694101508914	0.7863720073664825
CHGV	MetaPhaPred	0.2908093278463649	0.7859128822984245
CHGV	MetaPhaPred	0.29012345679012347	0.7855153203342619
CHGV	MetaPhaPred	0.2880658436213992	0.7843137254901961
CHGV	MetaPhaPred	0.28669410150891633	0.7842401500938087
CHGV	MetaPhaPred	0.28635116598079563	0.784037558685446
CHGV	MetaPhaPred	0.28463648834019206	0.7844990548204159
CHGV	MetaPhaPred	0.2842935528120713	0.7850378787878788
CHGV	MetaPhaPred	0.2832647462277092	0.7859181731684111
CHGV	MetaPhaPred	0.2812071330589849	0.7854406130268199
CHGV	MetaPhaPred	0.27983539094650206	0.7846153846153846
CHGV	MetaPhaPred	0.2767489711934156	0.7873170731707317
CHGV	MetaPhaPred	0.2764060356652949	0.787109375
CHGV	MetaPhaPred	0.27469135802469136	0.7876106194690266
CHGV	MetaPhaPred	0.27434842249657065	0.7874015748031497
CHGV	MetaPhaPred	0.2719478737997256	0.7867063492063492
CHGV	MetaPhaPred	0.26989026063100136	0.7862137862137862
CHGV	MetaPhaPred	0.26886145404663925	0.7871485943775101
CHGV	MetaPhaPred	0.2674897119341564	0.788675429726997
CHGV	MetaPhaPred	0.266803840877915	0.7890466531440162
CHGV	MetaPhaPred	0.2654320987654321	0.7906026557711952
CHGV	MetaPhaPred	0.26406035665294925	0.7905544147843943
CHGV	MetaPhaPred	0.2626886145404664	0.7905056759545923
CHGV	MetaPhaPred	0.2616598079561043	0.7931392931392931
CHGV	MetaPhaPred	0.2606310013717421	0.7933194154488518
CHGV	MetaPhaPred	0.2599451303155007	0.793717277486911
CHGV	MetaPhaPred	0.25857338820301784	0.7945205479452054
CHGV	MetaPhaPred	0.25823045267489714	0.7968253968253968
CHGV	MetaPhaPred	0.2575445816186557	0.7963944856839873
CHGV	MetaPhaPred	0.25617283950617287	0.7972251867662753
CHGV	MetaPhaPred	0.25411522633744854	0.7976318622174381
CHGV	MetaPhaPred	0.25377229080932784	0.7982740021574973
CHGV	MetaPhaPred	0.25308641975308643	0.7987012987012987
CHGV	MetaPhaPred	0.25102880658436216	0.7973856209150327
CHGV	MetaPhaPred	0.2506858710562414	0.797164667393675
CHGV	MetaPhaPred	0.2496570644718793	0.7973713033953997
CHGV	MetaPhaPred	0.24862825788751713	0.7967032967032966
CHGV	MetaPhaPred	0.24691358024691357	0.7982261640798226
CHGV	MetaPhaPred	0.24657064471879286	0.7980022197558269
CHGV	MetaPhaPred	0.24588477366255143	0.7984409799554566
CHGV	MetaPhaPred	0.24588477366255143	0.7993311036789298
CHGV	MetaPhaPred	0.2445130315500686	0.8020247469066367
CHGV	MetaPhaPred	0.24348422496570646	0.8040770101925255
CHGV	MetaPhaPred	0.24279835390946503	0.8054607508532423
CHGV	MetaPhaPred	0.2424554183813443	0.806157354618016
CHGV	MetaPhaPred	0.2421124828532236	0.8059360730593608
CHGV	MetaPhaPred	0.2390260631001372	0.8057803468208092
CHGV	MetaPhaPred	0.23799725651577502	0.8060394889663183
CHGV	MetaPhaPred	0.2369684499314129	0.8063010501750292
CHGV	MetaPhaPred	0.2366255144032922	0.8070175438596491
CHGV	MetaPhaPred	0.23491083676268862	0.806831566548881
CHGV	MetaPhaPred	0.2345679012345679	0.8066037735849056
CHGV	MetaPhaPred	0.23251028806584362	0.8061831153388823
CHGV	MetaPhaPred	0.23182441700960219	0.8057210965435042
CHGV	MetaPhaPred	0.23045267489711935	0.8067226890756303
CHGV	MetaPhaPred	0.22976680384087791	0.8082026537997588
CHGV	MetaPhaPred	0.22873799725651578	0.81044957472661
CHGV	MetaPhaPred	0.2266803840877915	0.8140394088669951
CHGV	MetaPhaPred	0.22530864197530864	0.8161490683229814
CHGV	MetaPhaPred	0.22325102880658437	0.8157894736842105
CHGV	MetaPhaPred	0.22256515775034294	0.8153266331658291
CHGV	MetaPhaPred	0.22050754458161864	0.8170266836086404
CHGV	MetaPhaPred	0.22016460905349794	0.8178343949044586
CHGV	MetaPhaPred	0.21776406035665294	0.8172458172458172
CHGV	MetaPhaPred	0.21707818930041153	0.823146944083225
CHGV	MetaPhaPred	0.21604938271604937	0.824607329842932
CHGV	MetaPhaPred	0.21296296296296297	0.8257978723404256
CHGV	MetaPhaPred	0.2115912208504801	0.8259705488621151
CHGV	MetaPhaPred	0.2085048010973937	0.8260869565217391
CHGV	MetaPhaPred	0.20679012345679013	0.8248974008207934
CHGV	MetaPhaPred	0.20507544581618656	0.8248275862068966
CHGV	MetaPhaPred	0.20404663923182442	0.8240997229916898
CHGV	MetaPhaPred	0.203360768175583	0.8247566063977747
CHGV	MetaPhaPred	0.203360768175583	0.8259052924791086
CHGV	MetaPhaPred	0.20164609053497942	0.8246844319775596
CHGV	MetaPhaPred	0.19958847736625515	0.825531914893617
CHGV	MetaPhaPred	0.19718792866941015	0.8297258297258298
CHGV	MetaPhaPred	0.19410150891632372	0.827485380116959
CHGV	MetaPhaPred	0.19375857338820301	0.8284457478005866
CHGV	MetaPhaPred	0.19204389574759945	0.827178729689808
CHGV	MetaPhaPred	0.19135802469135801	0.8266666666666667
CHGV	MetaPhaPred	0.18930041152263374	0.8288288288288288
CHGV	MetaPhaPred	0.18930041152263374	0.8300751879699249
CHGV	MetaPhaPred	0.18758573388203018	0.8300455235204856
CHGV	MetaPhaPred	0.18689986282578874	0.8320610687022901
CHGV	MetaPhaPred	0.18449931412894377	0.8315301391035549
CHGV	MetaPhaPred	0.18381344307270234	0.8310077519379845
CHGV	MetaPhaPred	0.18106995884773663	0.8301886792452831
CHGV	MetaPhaPred	0.1800411522633745	0.8293838862559242
CHGV	MetaPhaPred	0.17866941015089163	0.8282988871224165
CHGV	MetaPhaPred	0.17626886145404663	0.8263665594855305
CHGV	MetaPhaPred	0.17626886145404663	0.8290322580645161
CHGV	MetaPhaPred	0.17386831275720166	0.8297872340425532
CHGV	MetaPhaPred	0.1724965706447188	0.83003300330033
CHGV	MetaPhaPred	0.1721536351165981	0.8338870431893688
CHGV	MetaPhaPred	0.17146776406035666	0.8333333333333334
CHGV	MetaPhaPred	0.1700960219478738	0.8336134453781513
CHGV	MetaPhaPred	0.1673525377229081	0.8327645051194539
CHGV	MetaPhaPred	0.16632373113854595	0.8333333333333334
CHGV	MetaPhaPred	0.16598079561042525	0.8330464716006885
CHGV	MetaPhaPred	0.16358024691358025	0.8324607329842932
CHGV	MetaPhaPred	0.16083676268861455	0.8300884955752212
CHGV	MetaPhaPred	0.15912208504801098	0.8300536672629696
CHGV	MetaPhaPred	0.15809327846364885	0.8321299638989169
CHGV	MetaPhaPred	0.15809327846364885	0.833634719710669
CHGV	MetaPhaPred	0.15637860082304528	0.8321167883211679
CHGV	MetaPhaPred	0.1550068587105624	0.8324125230202578
CHGV	MetaPhaPred	0.15157750342935528	0.8308270676691729
CHGV	MetaPhaPred	0.15123456790123457	0.8305084745762712
CHGV	MetaPhaPred	0.15054869684499314	0.8298676748582231
CHGV	MetaPhaPred	0.15020576131687244	0.8295454545454546
CHGV	MetaPhaPred	0.14574759945130317	0.8317025440313112
CHGV	MetaPhaPred	0.1440329218106996	0.8300395256916996
CHGV	MetaPhaPred	0.1412894375857339	0.8289738430583501
CHGV	MetaPhaPred	0.1388888888888889	0.8333333333333334
CHGV	MetaPhaPred	0.13820301783264746	0.8360995850622407
CHGV	MetaPhaPred	0.13580246913580246	0.8354430379746836
CHGV	MetaPhaPred	0.13477366255144033	0.8343949044585988
CHGV	MetaPhaPred	0.13305898491083676	0.8344086021505376
CHGV	MetaPhaPred	0.13237311385459533	0.8336933045356372
CHGV	MetaPhaPred	0.13065843621399176	0.8355263157894737
CHGV	MetaPhaPred	0.1286008230452675	0.8351893095768375
CHGV	MetaPhaPred	0.12722908093278465	0.8393665158371041
CHGV	MetaPhaPred	0.1262002743484225	0.8382687927107062
CHGV	MetaPhaPred	0.12414266117969822	0.8379629629629629
CHGV	MetaPhaPred	0.12345679012345678	0.8391608391608392
CHGV	MetaPhaPred	0.12345679012345678	0.8430913348946136
CHGV	MetaPhaPred	0.12208504801097393	0.8476190476190476
CHGV	MetaPhaPred	0.12139917695473251	0.8489208633093526
CHGV	MetaPhaPred	0.12002743484224966	0.851581508515815
CHGV	MetaPhaPred	0.11865569272976681	0.8501228501228502
CHGV	MetaPhaPred	0.11762688614540466	0.8553615960099751
CHGV	MetaPhaPred	0.11728395061728394	0.855
CHGV	MetaPhaPred	0.11488340192043896	0.8589743589743589
CHGV	MetaPhaPred	0.11248285322359397	0.8608923884514436
CHGV	MetaPhaPred	0.1107681755829904	0.8590425531914894
CHGV	MetaPhaPred	0.10871056241426612	0.8567567567567568
CHGV	MetaPhaPred	0.10631001371742113	0.8539944903581267
CHGV	MetaPhaPred	0.10459533607681756	0.8543417366946778
CHGV	MetaPhaPred	0.10219478737997256	0.8514285714285714
CHGV	MetaPhaPred	0.100480109739369	0.8542274052478134
CHGV	MetaPhaPred	0.09842249657064472	0.8541666666666666
CHGV	MetaPhaPred	0.09430727023319616	0.8540372670807453
CHGV	MetaPhaPred	0.09156378600823045	0.8585209003215434
CHGV	MetaPhaPred	0.08950617283950617	0.8585526315789473
CHGV	MetaPhaPred	0.08573388203017833	0.8620689655172413
CHGV	MetaPhaPred	0.08367626886145405	0.8591549295774648
CHGV	MetaPhaPred	0.08024691358024691	0.8571428571428571
CHGV	MetaPhaPred	0.07716049382716049	0.8620689655172413
CHGV	MetaPhaPred	0.0747599451303155	0.8616600790513834
CHGV	MetaPhaPred	0.0723593964334705	0.8612244897959184
CHGV	MetaPhaPred	0.06755829903978051	0.8640350877192983
CHGV	MetaPhaPred	0.06721536351165981	0.8634361233480177
CHGV	MetaPhaPred	0.061042524005486966	0.8682926829268293
CHGV	MetaPhaPred	0.06035665294924554	0.8712871287128713
CHGV	MetaPhaPred	0.05212620027434842	0.8888888888888888
CHGV	MetaPhaPred	0.05178326474622771	0.888235294117647
CHGV	MetaPhaPred	0.04492455418381344	0.9097222222222222
CHGV	MetaPhaPred	0.04218106995884774	0.9044117647058824
CHGV	MetaPhaPred	0.030521262002743483	0.9270833333333334
CHGV	MetaPhaPred	0.0	1.0
CHGV	CheckV	1.0	0.19549477071600965
CHGV	CheckV	1.0	0.19550787797519276
CHGV	CheckV	1.0	0.19552098699208798
CHGV	CheckV	1.0	0.1955340977670489
CHGV	CheckV	1.0	0.19554721030042918
CHGV	CheckV	1.0	0.19556032459258266
CHGV	CheckV	1.0	0.19557344064386317
CHGV	CheckV	1.0	0.19558655845462472
CHGV	CheckV	1.0	0.19561279935600726
CHGV	CheckV	1.0	0.19562592244733665
CHGV	CheckV	1.0	0.1956390472995639
CHGV	CheckV	1.0	0.1956521739130435
CHGV	CheckV	1.0	0.1956653022881299
CHGV	CheckV	1.0	0.19567843242517782
CHGV	CheckV	1.0	0.195691564324542
CHGV	CheckV	1.0	0.1957046979865772
CHGV	CheckV	1.0	0.19573097060008054
CHGV	CheckV	1.0	0.19574410955225885
CHGV	CheckV	1.0	0.19575725026852847
CHGV	CheckV	1.0	0.1957703927492447
CHGV	CheckV	1.0	0.1957966830054388
CHGV	CheckV	1.0	0.19580983078162773
CHGV	CheckV	1.0	0.19582298032368545
CHGV	CheckV	1.0	0.19583613163196775
CHGV	CheckV	1.0	0.19584928470683055
CHGV	CheckV	1.0	0.19588875453446192
CHGV	CheckV	1.0	0.19591507659231389
CHGV	CheckV	1.0	0.19596774193548386
CHGV	CheckV	1.0	0.19600725952813067
CHGV	CheckV	1.0	0.1960863425458947
CHGV	CheckV	1.0	0.1960995292535306
CHGV	CheckV	1.0	0.19617868675995695
CHGV	CheckV	1.0	0.19623149394347242
CHGV	CheckV	1.0	0.1962975429148435
CHGV	CheckV	1.0	0.1963371936439537
CHGV	CheckV	1.0	0.19641654317661322
CHGV	CheckV	1.0	0.19653568780750827
CHGV	CheckV	1.0	0.19665497707040733
CHGV	CheckV	1.0	0.19677441122882786
CHGV	CheckV	1.0	0.196787690646511
CHGV	CheckV	1.0	0.1969072861097981
CHGV	CheckV	1.0	0.1970936127069956
CHGV	CheckV	1.0	0.19724025974025974
CHGV	CheckV	1.0	0.197480698902885
CHGV	CheckV	1.0	0.1977619532044761
CHGV	CheckV	1.0	0.19777536625067824
CHGV	CheckV	1.0	0.1979633401221996
CHGV	CheckV	1.0	0.19820554649265906
CHGV	CheckV	1.0	0.19851589624889374
CHGV	CheckV	1.0	0.19892216385838052
CHGV	CheckV	1.0	0.19930285011277424
CHGV	CheckV	1.0	0.19965765148921602
CHGV	CheckV	1.0	0.20009606807109037
CHGV	CheckV	1.0	0.2005915938639334
CHGV	CheckV	1.0	0.20132560066280034
CHGV	CheckV	1.0	0.20133950148449906
CHGV	CheckV	1.0	0.2020790020790021
CHGV	CheckV	1.0	0.20209300713840184
CHGV	CheckV	1.0	0.2029368780012527
CHGV	CheckV	1.0	0.20417308500210055
CHGV	CheckV	1.0	0.2053376522780086
CHGV	CheckV	1.0	0.2053665751109233
CHGV	CheckV	1.0	0.207190564160864
CHGV	CheckV	1.0	0.20948275862068966
CHGV	CheckV	1.0	0.21255193527225016
CHGV	CheckV	1.0	0.21258292629583728
CHGV	CheckV	1.0	0.21699657687155827
CHGV	CheckV	1.0	0.21701272605492297
CHGV	CheckV	0.9996570644718793	0.22397233960814444
CHGV	CheckV	0.9996570644718793	0.22402397786658468
CHGV	CheckV	0.9979423868312757	0.23530363062990217
CHGV	CheckV	0.9979423868312757	0.23537976219364232
CHGV	CheckV	0.99519890260631	0.2589915216421241
CHGV	CheckV	0.99519890260631	0.25903775774346155
CHGV	CheckV	0.9787379972565158	0.31473312748125276
CHGV	CheckV	0.9787379972565158	0.31476783941766845
CHGV	CheckV	0.9787379972565158	0.314802559011692
CHGV	CheckV	0.9259259259259259	0.45965270684371806
CHGV	CheckV	0.9259259259259259	0.45973097224587095
CHGV	CheckV	0.9259259259259259	0.4598092643051771
CHGV	CheckV	0.9255829903978052	0.460109103307194
CHGV	CheckV	0.7287379972565158	0.68837058632977
CHGV	CheckV	0.7283950617283951	0.6884927066450567
CHGV	CheckV	0.7280521262002744	0.6886149854038275
CHGV	CheckV	0.7235939643347051	0.6902191691200523
CHGV	CheckV	0.7229080932784636	0.6900163666121113
CHGV	CheckV	0.7225651577503429	0.6899148657498363
CHGV	CheckV	0.7222222222222222	0.6898132983950213
CHGV	CheckV	0.3165294924554184	0.9515463917525773
CHGV	CheckV	0.3161865569272977	0.9514963880288958
CHGV	CheckV	0.31584362139917693	0.9514462809917356
CHGV	CheckV	0.31550068587105623	0.9513960703205792
CHGV	CheckV	0.31378600823045266	0.9511434511434511
CHGV	CheckV	0.3065843621399177	0.951063829787234
CHGV	CheckV	0.3058984910836763	0.9509594882729211
CHGV	CheckV	0.3048696844993141	0.9508021390374332
CHGV	CheckV	0.3045267489711934	0.9507494646680942
CHGV	CheckV	0.18381344307270234	0.9834862385321101
CHGV	CheckV	0.1831275720164609	0.9834254143646409
CHGV	CheckV	0.18141289437585734	0.983271375464684
CHGV	CheckV	0.1807270233196159	0.9832089552238806
CHGV	CheckV	0.11179698216735254	0.9878787878787879
CHGV	CheckV	0.11145404663923182	0.9878419452887538
CHGV	CheckV	0.11145404663923182	0.9908536585365854
CHGV	CheckV	0.1107681755829904	0.99079754601227
CHGV	CheckV	0.11042524005486969	0.9907692307692307
CHGV	CheckV	0.07270233196159122	0.9906542056074766
CHGV	CheckV	0.07098765432098765	0.9904306220095693
CHGV	CheckV	0.04561042524005487	0.9851851851851852
CHGV	CheckV	0.04526748971193416	0.9850746268656716
CHGV	CheckV	0.04458161865569273	0.9848484848484849
CHGV	CheckV	0.044238683127572016	0.9847328244274809
CHGV	CheckV	0.02709190672153635	0.9753086419753086
CHGV	CheckV	0.026748971193415638	0.975
CHGV	CheckV	0.026406035665294925	0.9746835443037974
CHGV	CheckV	0.02606310013717421	0.9743589743589743
CHGV	CheckV	0.019890260631001373	1.0
CHGV	CheckV	0.015432098765432098	1.0
CHGV	CheckV	0.010631001371742112	1.0
CHGV	CheckV	0.00720164609053498	1.0
CHGV	CheckV	0.006172839506172839	1.0
CHGV	CheckV	0.004801097393689987	1.0
CHGV	CheckV	0.004458161865569273	1.0
CHGV	CheckV	0.0037722908093278463	1.0
CHGV	CheckV	0.003429355281207133	1.0
CHGV	CheckV	0.0030864197530864196	1.0
CHGV	CheckV	0.0027434842249657062	1.0
CHGV	CheckV	0.0024005486968449933	1.0
CHGV	CheckV	0.00205761316872428	1.0
CHGV	CheckV	0.0017146776406035665	1.0
CHGV	CheckV	0.0013717421124828531	1.0
CHGV	CheckV	0.00102880658436214	1.0
CHGV	CheckV	0.0006858710562414266	1.0
CHGV	CheckV	0.0003429355281207133	1.0
CHGV	CheckV	0.0	1.0
CHGV	DeepVirFinder	1.0	0.19549477071600965
CHGV	DeepVirFinder	1.0	0.1956521739130435
CHGV	DeepVirFinder	0.9996570644718793	0.19574268063389738
CHGV	DeepVirFinder	0.9996570644718793	0.1959137038779488
CHGV	DeepVirFinder	0.9996570644718793	0.19607183695432837
CHGV	DeepVirFinder	0.9993141289437586	0.19617611417799918
CHGV	DeepVirFinder	0.9986282578875172	0.19619997304945425
CHGV	DeepVirFinder	0.9982853223593965	0.19629130141604856
CHGV	DeepVirFinder	0.9982853223593965	0.1964635216305595
CHGV	DeepVirFinder	0.9979423868312757	0.19655521783181357
CHGV	DeepVirFinder	0.9979423868312757	0.19672796106003246
CHGV	DeepVirFinder	0.9972565157750343	0.19675236806495264
CHGV	DeepVirFinder	0.9972565157750343	0.1969122426868906
CHGV	DeepVirFinder	0.9969135802469136	0.19701796001355473
CHGV	DeepVirFinder	0.9962277091906722	0.19704266431526826
CHGV	DeepVirFinder	0.9958847736625515	0.19714867617107942
CHGV	DeepVirFinder	0.9955418381344308	0.19724147302622638
CHGV	DeepVirFinder	0.99519890260631	0.19733442132462942
CHGV	DeepVirFinder	0.99519890260631	0.19750901789968012
CHGV	DeepVirFinder	0.9945130315500685	0.19753422791362987
CHGV	DeepVirFinder	0.9941700960219478	0.19764112353422417
CHGV	DeepVirFinder	0.9941700960219478	0.1978029475982533
CHGV	DeepVirFinder	0.9934842249657064	0.19782846216880634
CHGV	DeepVirFinder	0.9934842249657064	0.19800423757774588
CHGV	DeepVirFinder	0.9934842249657064	0.19816676927286409
CHGV	DeepVirFinder	0.9931412894375857	0.19827468163768314
CHGV	DeepVirFinder	0.9921124828532236	0.1982321501987118
CHGV	DeepVirFinder	0.9917695473251029	0.19832670415580853
CHGV	DeepVirFinder	0.9914266117969822	0.19843503328986203
CHGV	DeepVirFinder	0.9907407407407407	0.19846122140550937
CHGV	DeepVirFinder	0.9900548696844993	0.19850110011001101
CHGV	DeepVirFinder	0.9900548696844993	0.1986650151390036
CHGV	DeepVirFinder	0.9893689986282579	0.1986914600550964
CHGV	DeepVirFinder	0.9890260631001372	0.19880057903081272
CHGV	DeepVirFinder	0.9879972565157751	0.19875819248016557
CHGV	DeepVirFinder	0.9876543209876543	0.19886755972931916
CHGV	DeepVirFinder	0.9873113854595336	0.19896337249481685
CHGV	DeepVirFinder	0.9873113854595336	0.19912851016738137
CHGV	DeepVirFinder	0.9869684499314129	0.19923849082727588
CHGV	DeepVirFinder	0.98559670781893	0.19912700062357097
CHGV	DeepVirFinder	0.9845679012345679	0.1990984743411928
CHGV	DeepVirFinder	0.9845679012345679	0.19926429761243752
CHGV	DeepVirFinder	0.9842249657064472	0.19936093359266463
CHGV	DeepVirFinder	0.9835390946502057	0.1994020718904262
CHGV	DeepVirFinder	0.983196159122085	0.19949899102358917
CHGV	DeepVirFinder	0.983196159122085	0.19967962111714724
CHGV	DeepVirFinder	0.9828532235939643	0.1997769413076816
CHGV	DeepVirFinder	0.9821673525377229	0.1998186004325682
CHGV	DeepVirFinder	0.9818244170096022	0.1999162069687871
CHGV	DeepVirFinder	0.9814814814814815	0.20001397721713607
CHGV	DeepVirFinder	0.9814814814814815	0.2001958589815333
CHGV	DeepVirFinder	0.9807956104252401	0.200224026883226
CHGV	DeepVirFinder	0.9804526748971193	0.20033634643682993
CHGV	DeepVirFinder	0.9797668038408779	0.20036468195525634
CHGV	DeepVirFinder	0.9790809327846365	0.20039306520671019
CHGV	DeepVirFinder	0.9787379972565158	0.20050583110861317
CHGV	DeepVirFinder	0.9787379972565158	0.2006750105470398
CHGV	DeepVirFinder	0.9787379972565158	0.20085861073967204
CHGV	DeepVirFinder	0.9787379972565158	0.2010283862787913
CHGV	DeepVirFinder	0.9780521262002744	0.20105745505816003
CHGV	DeepVirFinder	0.977366255144033	0.2011007620660457
CHGV	DeepVirFinder	0.9766803840877915	0.20112994350282487
CHGV	DeepVirFinder	0.9756515775034293	0.2011027072877642
CHGV	DeepVirFinder	0.9746227709190672	0.2010611956137248
CHGV	DeepVirFinder	0.9739368998628258	0.20109041988246124
CHGV	DeepVirFinder	0.9735939643347051	0.20120481927710843
CHGV	DeepVirFinder	0.9732510288065843	0.2013051496666194
CHGV	DeepVirFinder	0.9732510288065843	0.20149094781682642
CHGV	DeepVirFinder	0.9722222222222222	0.20144958431038157
CHGV	DeepVirFinder	0.9722222222222222	0.2016215062940047
CHGV	DeepVirFinder	0.9708504801097394	0.20152334851936218
CHGV	DeepVirFinder	0.9705075445816187	0.20162439441436306
CHGV	DeepVirFinder	0.970164609053498	0.20173999857377167
CHGV	DeepVirFinder	0.9694787379972565	0.2017700378274213
CHGV	DeepVirFinder	0.9687928669410151	0.20180012858061291
CHGV	DeepVirFinder	0.9687928669410151	0.201987701987702
CHGV	DeepVirFinder	0.9684499314128944	0.20208959496207243
CHGV	DeepVirFinder	0.9684499314128944	0.2022777737984385
CHGV	DeepVirFinder	0.9681069958847737	0.20238009893182307
CHGV	DeepVirFinder	0.9681069958847737	0.20255435172562244
CHGV	DeepVirFinder	0.9681069958847737	0.20274346452168918
CHGV	DeepVirFinder	0.9681069958847737	0.2029183438757907
CHGV	DeepVirFinder	0.967764060356653	0.20303618965393194
CHGV	DeepVirFinder	0.967764060356653	0.20321163678260243
CHGV	DeepVirFinder	0.967764060356653	0.20338738738738737
CHGV	DeepVirFinder	0.967764060356653	0.20357812725436444
CHGV	DeepVirFinder	0.967764060356653	0.20375451263537905
CHGV	DeepVirFinder	0.967764060356653	0.20394594203945943
CHGV	DeepVirFinder	0.967764060356653	0.20412296564195298
CHGV	DeepVirFinder	0.967764060356653	0.20431508832898929
CHGV	DeepVirFinder	0.9667352537722909	0.20427536231884058
CHGV	DeepVirFinder	0.9653635116598079	0.20416304032492022
CHGV	DeepVirFinder	0.9653635116598079	0.2043557168784029
CHGV	DeepVirFinder	0.9646776406035665	0.20438857807164135
CHGV	DeepVirFinder	0.9639917695473251	0.20443636363636364
CHGV	DeepVirFinder	0.9633058984910837	0.2044693550735187
CHGV	DeepVirFinder	0.9629629629629629	0.20457525863325077
CHGV	DeepVirFinder	0.9622770919067215	0.2046233501057391
CHGV	DeepVirFinder	0.9619341563786008	0.20472958178235165
CHGV	DeepVirFinder	0.9609053497942387	0.20470485096434834
CHGV	DeepVirFinder	0.9602194787379973	0.20473822755191576
CHGV	DeepVirFinder	0.9602194787379973	0.20491803278688525
CHGV	DeepVirFinder	0.9602194787379973	0.20511317852172
CHGV	DeepVirFinder	0.9595336076817559	0.2051470049123836
CHGV	DeepVirFinder	0.9591906721536351	0.2052693380302363
CHGV	DeepVirFinder	0.9588477366255144	0.20537681798148966
CHGV	DeepVirFinder	0.9588477366255144	0.2055580061755624
CHGV	DeepVirFinder	0.9588477366255144	0.20575465449996322
CHGV	DeepVirFinder	0.9585048010973937	0.20586285630109744
CHGV	DeepVirFinder	0.958161865569273	0.20598643468003539
CHGV	DeepVirFinder	0.9571330589849109	0.20594746162927982
CHGV	DeepVirFinder	0.9567901234567902	0.20605612998522896
CHGV	DeepVirFinder	0.9564471879286695	0.20618023212833592
CHGV	DeepVirFinder	0.9561042524005487	0.20628930817610064
CHGV	DeepVirFinder	0.9557613168724279	0.20641386461265
CHGV	DeepVirFinder	0.9557613168724279	0.2065974796145293
CHGV	DeepVirFinder	0.9547325102880658	0.20655883662264432
CHGV	DeepVirFinder	0.9547325102880658	0.20675826216115856
CHGV	DeepVirFinder	0.9540466392318244	0.2067940236378503
CHGV	DeepVirFinder	0.9537037037037037	0.20691964285714284
CHGV	DeepVirFinder	0.9537037037037037	0.20710455764075067
CHGV	DeepVirFinder	0.9530178326474623	0.2071407274895647
CHGV	DeepVirFinder	0.9523319615912208	0.20719241960755055
CHGV	DeepVirFinder	0.9519890260631001	0.20730341273989994
CHGV	DeepVirFinder	0.9513031550068587	0.2073553595455225
CHGV	DeepVirFinder	0.9513031550068587	0.2075415232679934
CHGV	DeepVirFinder	0.950960219478738	0.20765313763666318
CHGV	DeepVirFinder	0.950960219478738	0.2078554830972191
CHGV	DeepVirFinder	0.9506172839506173	0.20796758946657665
CHGV	DeepVirFinder	0.9499314128943759	0.20802042655452088
CHGV	DeepVirFinder	0.948559670781893	0.20790739627179797
CHGV	DeepVirFinder	0.948559670781893	0.20809509479386096
CHGV	DeepVirFinder	0.9478737997256516	0.2081482039310189
CHGV	DeepVirFinder	0.9475308641975309	0.20826109896736264
CHGV	DeepVirFinder	0.9468449931412894	0.20831447110306323
CHGV	DeepVirFinder	0.9465020576131687	0.2084277299501586
CHGV	DeepVirFinder	0.946159122085048	0.20855695819789855
CHGV	DeepVirFinder	0.9454732510288066	0.20859499129908451
CHGV	DeepVirFinder	0.9447873799725651	0.20863309352517986
CHGV	DeepVirFinder	0.9447873799725651	0.20883869011522135
CHGV	DeepVirFinder	0.9444444444444444	0.20895295902883157
CHGV	DeepVirFinder	0.9444444444444444	0.20915926179084074
CHGV	DeepVirFinder	0.9441015089163237	0.20927404028886354
CHGV	DeepVirFinder	0.9430727023319616	0.2092368561211291
CHGV	DeepVirFinder	0.9427297668038409	0.20936785986290937
CHGV	DeepVirFinder	0.9427297668038409	0.209559384052447
CHGV	DeepVirFinder	0.9423868312757202	0.209690957649752
CHGV	DeepVirFinder	0.9423868312757202	0.20988314366455357
CHGV	DeepVirFinder	0.941358024691358	0.20984634202278113
CHGV	DeepVirFinder	0.9410150891632373	0.20997857361493724
CHGV	DeepVirFinder	0.9403292181069959	0.21001838235294118
CHGV	DeepVirFinder	0.9396433470507545	0.21007436939354443
CHGV	DeepVirFinder	0.9389574759945131	0.21011434272120327
CHGV	DeepVirFinder	0.9386145404663924	0.21023120055303787
CHGV	DeepVirFinder	0.9382716049382716	0.21036444717822544
CHGV	DeepVirFinder	0.9382716049382716	0.21055871940895798
CHGV	DeepVirFinder	0.9375857338820301	0.21061551498343734
CHGV	DeepVirFinder	0.9368998628257887	0.210656180121829
CHGV	DeepVirFinder	0.936556927297668	0.21077409894265647
CHGV	DeepVirFinder	0.936556927297668	0.2109857849196539
CHGV	DeepVirFinder	0.9362139917695473	0.21110423755026292
CHGV	DeepVirFinder	0.9358710562414266	0.21123926000464432
CHGV	DeepVirFinder	0.9355281207133059	0.2113581777330131
CHGV	DeepVirFinder	0.9351851851851852	0.21147731678945328
CHGV	DeepVirFinder	0.9351851851851852	0.21169073125291105
CHGV	DeepVirFinder	0.9351851851851852	0.21188811188811188
CHGV	DeepVirFinder	0.9331275720164609	0.21163568484094267
CHGV	DeepVirFinder	0.9327846364883402	0.21175554690541065
CHGV	DeepVirFinder	0.9320987654320988	0.2117977090314034
CHGV	DeepVirFinder	0.9310699588477366	0.21177847113884554
CHGV	DeepVirFinder	0.9307270233196159	0.2118988132417239
CHGV	DeepVirFinder	0.9296982167352538	0.21187964048456429
CHGV	DeepVirFinder	0.9293552812071331	0.21200031291559102
CHGV	DeepVirFinder	0.9286694101508917	0.2120429097173283
CHGV	DeepVirFinder	0.9276406035665294	0.21202382818623608
CHGV	DeepVirFinder	0.926954732510288	0.2120665306762906
CHGV	DeepVirFinder	0.926954732510288	0.21228304405874499
CHGV	DeepVirFinder	0.926954732510288	0.21248329533841678
CHGV	DeepVirFinder	0.9262688614540466	0.21254327982373308
CHGV	DeepVirFinder	0.9262688614540466	0.21274417139256457
CHGV	DeepVirFinder	0.9262688614540466	0.2129454430778934
CHGV	DeepVirFinder	0.9262688614540466	0.2131639176071344
CHGV	DeepVirFinder	0.9259259259259259	0.2132869894936409
CHGV	DeepVirFinder	0.9252400548696845	0.21334809425905424
CHGV	DeepVirFinder	0.9242112482853223	0.21331328162102264
CHGV	DeepVirFinder	0.9238683127572016	0.21343685628268103
CHGV	DeepVirFinder	0.9224965706447188	0.21333967800777223
CHGV	DeepVirFinder	0.9224965706447188	0.21354290704135906
CHGV	DeepVirFinder	0.9218106995884774	0.21360457724094087
CHGV	DeepVirFinder	0.9214677640603567	0.21372892141266306
CHGV	DeepVirFinder	0.9204389574759945	0.21369426751592357
CHGV	DeepVirFinder	0.9200960219478738	0.2138359767275046
CHGV	DeepVirFinder	0.9197530864197531	0.2139609094535301
CHGV	DeepVirFinder	0.9190672153635117	0.2140233189586328
CHGV	DeepVirFinder	0.9183813443072703	0.2140687450039968
CHGV	DeepVirFinder	0.9173525377229081	0.21403424547927669
CHGV	DeepVirFinder	0.9166666666666666	0.21409691629955946
CHGV	DeepVirFinder	0.9166666666666666	0.21430289425158341
CHGV	DeepVirFinder	0.9159807956104252	0.21436597110754413
CHGV	DeepVirFinder	0.9156378600823045	0.21449228791773778
CHGV	DeepVirFinder	0.9156378600823045	0.2146992602122869
CHGV	DeepVirFinder	0.9149519890260631	0.214762939708605
CHGV	DeepVirFinder	0.9149519890260631	0.21497059060510837
CHGV	DeepVirFinder	0.913923182441701	0.21495402484271656
CHGV	DeepVirFinder	0.913923182441701	0.2151622799935411
CHGV	DeepVirFinder	0.913923182441701	0.21537093906578308
CHGV	DeepVirFinder	0.9135802469135802	0.21551654396893455
CHGV	DeepVirFinder	0.9128943758573388	0.21556401328042757
CHGV	DeepVirFinder	0.9128943758573388	0.21579118028534372
CHGV	DeepVirFinder	0.9128943758573388	0.2160012982797793
CHGV	DeepVirFinder	0.9122085048010974	0.21604938271604937
CHGV	DeepVirFinder	0.911522633744856	0.21611513131148874
CHGV	DeepVirFinder	0.9111796982167353	0.21624481158948483
CHGV	DeepVirFinder	0.9108367626886146	0.2163923741241649
CHGV	DeepVirFinder	0.9098079561042524	0.21635948458652748
CHGV	DeepVirFinder	0.9098079561042524	0.21657142857142858
CHGV	DeepVirFinder	0.9094650205761317	0.21671978426084826
CHGV	DeepVirFinder	0.9094650205761317	0.2169325153374233
CHGV	DeepVirFinder	0.909122085048011	0.21708155912217492
CHGV	DeepVirFinder	0.909122085048011	0.21729508196721312
CHGV	DeepVirFinder	0.9087791495198903	0.21742697735477517
CHGV	DeepVirFinder	0.9084362139917695	0.2175770020533881
CHGV	DeepVirFinder	0.9080932784636488	0.21770944668256187
CHGV	DeepVirFinder	0.9077503429355281	0.21786008230452675
CHGV	DeepVirFinder	0.9074074074074074	0.2179930795847751
CHGV	DeepVirFinder	0.9063786008230452	0.21797938144329898
CHGV	DeepVirFinder	0.9063786008230452	0.21819532733426897
CHGV	DeepVirFinder	0.9053497942386831	0.21816378811668458
CHGV	DeepVirFinder	0.9050068587105624	0.21831568497683654
CHGV	DeepVirFinder	0.9050068587105624	0.21853262669758197
CHGV	DeepVirFinder	0.9046639231824417	0.21868523584514632
CHGV	DeepVirFinder	0.904320987654321	0.21882001493651979
CHGV	DeepVirFinder	0.904320987654321	0.21903812609020684
CHGV	DeepVirFinder	0.9036351165980796	0.21910859803758523
CHGV	DeepVirFinder	0.9036351165980796	0.21932745130680872
CHGV	DeepVirFinder	0.9032921810699589	0.21948170985751186
CHGV	DeepVirFinder	0.9026063100137174	0.21953457335891233
CHGV	DeepVirFinder	0.9022633744855967	0.21967103615262587
CHGV	DeepVirFinder	0.901920438957476	0.2198261451019726
CHGV	DeepVirFinder	0.9012345679012346	0.21987951807228914
CHGV	DeepVirFinder	0.9008916323731139	0.2200351788256973
CHGV	DeepVirFinder	0.9005486968449932	0.22017271736396413
CHGV	DeepVirFinder	0.8991769547325102	0.22005874947545112
CHGV	DeepVirFinder	0.8984910836762688	0.22013107040833474
CHGV	DeepVirFinder	0.8981481481481481	0.22026913372582002
CHGV	DeepVirFinder	0.897119341563786	0.22025764081838847
CHGV	DeepVirFinder	0.8967764060356653	0.2203961230509903
CHGV	DeepVirFinder	0.8964334705075446	0.22053488568294946
CHGV	DeepVirFinder	0.8954046639231824	0.22052364864864865
CHGV	DeepVirFinder	0.8954046639231824	0.22074737910043962
CHGV	DeepVirFinder	0.8954046639231824	0.2209902666102412
CHGV	DeepVirFinder	0.8954046639231824	0.2212149453528764
CHGV	DeepVirFinder	0.8950617283950617	0.22135527096938343
CHGV	DeepVirFinder	0.8950617283950617	0.2215995924605196
CHGV	DeepVirFinder	0.8940329218106996	0.2215706272310046
CHGV	DeepVirFinder	0.8940329218106996	0.22181570662809497
CHGV	DeepVirFinder	0.8933470507544582	0.22187207222553446
CHGV	DeepVirFinder	0.8933470507544582	0.22209907067951232
CHGV	DeepVirFinder	0.8930041152263375	0.22226015705018778
CHGV	DeepVirFinder	0.8919753086419753	0.22223171565276828
CHGV	DeepVirFinder	0.8919753086419753	0.2224788298691301
CHGV	DeepVirFinder	0.8919753086419753	0.22270742358078602
CHGV	DeepVirFinder	0.8916323731138546	0.22285077569212308
CHGV	DeepVirFinder	0.8916323731138546	0.22309936502488417
CHGV	DeepVirFinder	0.8906035665294925	0.223071637175743
CHGV	DeepVirFinder	0.8899176954732511	0.22314902399174477
CHGV	DeepVirFinder	0.8895747599451304	0.22329344925540157
CHGV	DeepVirFinder	0.8888888888888888	0.2233712512926577
CHGV	DeepVirFinder	0.8885459533607681	0.22351621808143549
CHGV	DeepVirFinder	0.8885459533607681	0.22374784110535406
CHGV	DeepVirFinder	0.887517146776406	0.22373994985735282
CHGV	DeepVirFinder	0.887517146776406	0.22397230636088272
CHGV	DeepVirFinder	0.8864883401920439	0.22396465084040895
CHGV	DeepVirFinder	0.8858024691358025	0.22402428447528186
CHGV	DeepVirFinder	0.8854595336076817	0.2241708629970481
CHGV	DeepVirFinder	0.8847736625514403	0.2242503259452412
CHGV	DeepVirFinder	0.8844307270233196	0.2243974593230662
CHGV	DeepVirFinder	0.8840877914951989	0.2245644599303136
CHGV	DeepVirFinder	0.8834019204389575	0.22462504359958144
CHGV	DeepVirFinder	0.8827160493827161	0.22468575418994413
CHGV	DeepVirFinder	0.8816872427983539	0.22467884296076204
CHGV	DeepVirFinder	0.8813443072702332	0.22482722421485435
CHGV	DeepVirFinder	0.8810013717421125	0.22499562094937817
CHGV	DeepVirFinder	0.8796296296296297	0.22488164124145188
CHGV	DeepVirFinder	0.879286694101509	0.22503071792171317
CHGV	DeepVirFinder	0.8786008230452675	0.2251120288199631
CHGV	DeepVirFinder	0.877914951989026	0.22517371800510158
CHGV	DeepVirFinder	0.877914951989026	0.22543148996125395
CHGV	DeepVirFinder	0.8768861454046639	0.22540550070521861
CHGV	DeepVirFinder	0.8765432098765432	0.22555594775855983
CHGV	DeepVirFinder	0.8758573388203018	0.22563830727096032
CHGV	DeepVirFinder	0.8751714677640604	0.22570089325196782
CHGV	DeepVirFinder	0.8751714677640604	0.22596068709049053
CHGV	DeepVirFinder	0.8751714677640604	0.22620102818649176
CHGV	DeepVirFinder	0.8751714677640604	0.2264418811002662
CHGV	DeepVirFinder	0.8744855967078189	0.22652571733143823
CHGV	DeepVirFinder	0.8744855967078189	0.22676745220097821
CHGV	DeepVirFinder	0.8744855967078189	0.22702991452991453
CHGV	DeepVirFinder	0.8737997256515775	0.22709447415329767
CHGV	DeepVirFinder	0.8734567901234568	0.22724839400428265
CHGV	DeepVirFinder	0.8717421124828533	0.2270656543099598
CHGV	DeepVirFinder	0.8713991769547325	0.2272198873289815
CHGV	DeepVirFinder	0.870713305898491	0.22730528200537153
CHGV	DeepVirFinder	0.870713305898491	0.22754974009679155
CHGV	DeepVirFinder	0.8703703703703703	0.22770500628027993
CHGV	DeepVirFinder	0.8693415637860082	0.22770142818647265
CHGV	DeepVirFinder	0.8693415637860082	0.22794712705691933
CHGV	DeepVirFinder	0.8693415637860082	0.22821389989196975
CHGV	DeepVirFinder	0.8693415637860082	0.22846070656092285
CHGV	DeepVirFinder	0.8689986282578875	0.2286178274990978
CHGV	DeepVirFinder	0.8686556927297668	0.2287959533917442
CHGV	DeepVirFinder	0.8679698216735254	0.22886336920155528
CHGV	DeepVirFinder	0.8676268861454046	0.22904218721709216
CHGV	DeepVirFinder	0.8672839506172839	0.22920065252854813
CHGV	DeepVirFinder	0.8669410150891632	0.22938027402232103
CHGV	DeepVirFinder	0.8669410150891632	0.22963030247978927
CHGV	DeepVirFinder	0.8662551440329218	0.22969900882058744
CHGV	DeepVirFinder	0.8652263374485597	0.2296977421704297
CHGV	DeepVirFinder	0.864883401920439	0.22985781990521326
CHGV	DeepVirFinder	0.8645404663923183	0.23003923715667488
CHGV	DeepVirFinder	0.8635116598079561	0.2300173563533388
CHGV	DeepVirFinder	0.8631687242798354	0.23017832647462277
CHGV	DeepVirFinder	0.8631687242798354	0.23045229811389856
CHGV	DeepVirFinder	0.8621399176954733	0.2304307974335472
CHGV	DeepVirFinder	0.8621399176954733	0.23070569881618794
CHGV	DeepVirFinder	0.8614540466392319	0.2307762976573266
CHGV	DeepVirFinder	0.8611111111111112	0.2309390232686471
CHGV	DeepVirFinder	0.8604252400548696	0.23103130755064458
CHGV	DeepVirFinder	0.8604252400548696	0.2312868731563422
CHGV	DeepVirFinder	0.8604252400548696	0.23156437471158284
CHGV	DeepVirFinder	0.8604252400548696	0.23182112168529984
CHGV	DeepVirFinder	0.8593964334705075	0.23180094348348904
CHGV	DeepVirFinder	0.8593964334705075	0.2320800148175588
CHGV	DeepVirFinder	0.8593964334705075	0.23233821620619322
CHGV	DeepVirFinder	0.8583676268861454	0.23234010953309198
CHGV	DeepVirFinder	0.8580246913580247	0.2325062726512406
CHGV	DeepVirFinder	0.8569958847736625	0.2324867429528328
CHGV	DeepVirFinder	0.8559670781893004	0.23248882265275708
CHGV	DeepVirFinder	0.855281207133059	0.23256247668780305
CHGV	DeepVirFinder	0.8549382716049383	0.23275137708897395
CHGV	DeepVirFinder	0.8545953360768176	0.23291896438919527
CHGV	DeepVirFinder	0.8545953360768176	0.2331804996724993
CHGV	DeepVirFinder	0.8539094650205762	0.23327712197863967
CHGV	DeepVirFinder	0.8532235939643347	0.23335209154004877
CHGV	DeepVirFinder	0.8532235939643347	0.2336369612170157
CHGV	DeepVirFinder	0.852880658436214	0.23380652439597632
CHGV	DeepVirFinder	0.8525377229080933	0.23397647058823529
CHGV	DeepVirFinder	0.8518518518518519	0.23407463249151902
CHGV	DeepVirFinder	0.8511659807956105	0.2341509433962264
CHGV	DeepVirFinder	0.850480109739369	0.23424955133654482
CHGV	DeepVirFinder	0.8497942386831275	0.23432624113475178
CHGV	DeepVirFinder	0.8491083676268861	0.2344031051784531
CHGV	DeepVirFinder	0.8491083676268861	0.23469194312796207
CHGV	DeepVirFinder	0.8491083676268861	0.2349591952932245
CHGV	DeepVirFinder	0.8487654320987654	0.23515439429928742
CHGV	DeepVirFinder	0.8487654320987654	0.2354228098544659
CHGV	DeepVirFinder	0.848079561042524	0.23552380952380952
CHGV	DeepVirFinder	0.8467078189300411	0.23541189931350115
CHGV	DeepVirFinder	0.8463648834019204	0.235586101565483
CHGV	DeepVirFinder	0.8453360768175583	0.23559208639969417
CHGV	DeepVirFinder	0.8449931412894376	0.23576691225720026
CHGV	DeepVirFinder	0.8439643347050755	0.23577313661621
CHGV	DeepVirFinder	0.8436213991769548	0.2359485900633033
CHGV	DeepVirFinder	0.8436213991769548	0.23622047244094488
CHGV	DeepVirFinder	0.8429355281207133	0.23632343043938084
CHGV	DeepVirFinder	0.8425925925925926	0.23650014438348252
CHGV	DeepVirFinder	0.8422496570644719	0.23670007710100233
CHGV	DeepVirFinder	0.8419067215363512	0.23687765341566963
CHGV	DeepVirFinder	0.8419067215363512	0.23715224111282843
CHGV	DeepVirFinder	0.8415637860082305	0.23735370925621432
CHGV	DeepVirFinder	0.8412208504801097	0.23753268132080954
CHGV	DeepVirFinder	0.8405349794238683	0.23763816172193136
CHGV	DeepVirFinder	0.8401920438957476	0.23781789943700252
CHGV	DeepVirFinder	0.8395061728395061	0.23790087463556853
CHGV	DeepVirFinder	0.8388203017832647	0.2380072005449061
CHGV	DeepVirFinder	0.8381344307270233	0.2380905991232343
CHGV	DeepVirFinder	0.8377914951989026	0.23829496683573936
CHGV	DeepVirFinder	0.8374485596707819	0.2384765625
CHGV	DeepVirFinder	0.8367626886145405	0.23856081345326555
CHGV	DeepVirFinder	0.836076817558299	0.23866862457170826
CHGV	DeepVirFinder	0.8353909465020576	0.23875330785063217
CHGV	DeepVirFinder	0.8353909465020576	0.23905789990186457
CHGV	DeepVirFinder	0.8350480109739369	0.23924150127726468
CHGV	DeepVirFinder	0.8347050754458162	0.23942553610072792
CHGV	DeepVirFinder	0.8340192043895748	0.2395351127745494
CHGV	DeepVirFinder	0.8336762688614541	0.23971994872300562
CHGV	DeepVirFinder	0.8333333333333334	0.23992890995260663
CHGV	DeepVirFinder	0.8329903978052127	0.24011466982997232
CHGV	DeepVirFinder	0.8323045267489712	0.2402019002375297
CHGV	DeepVirFinder	0.8319615912208504	0.24041224853830145
CHGV	DeepVirFinder	0.8316186556927297	0.2405992658001786
CHGV	DeepVirFinder	0.831275720164609	0.24081064971190144
CHGV	DeepVirFinder	0.8305898491083676	0.2408991446190571
CHGV	DeepVirFinder	0.8299039780521262	0.2409878510256921
CHGV	DeepVirFinder	0.8295610425240055	0.24120051849636057
CHGV	DeepVirFinder	0.8292181069958847	0.2413896376160527
CHGV	DeepVirFinder	0.8285322359396433	0.2415033986405438
CHGV	DeepVirFinder	0.8281893004115226	0.241693354683747
CHGV	DeepVirFinder	0.8281893004115226	0.24198396793587174
CHGV	DeepVirFinder	0.8281893004115226	0.24229958864252032
CHGV	DeepVirFinder	0.8275034293552812	0.24239075841285787
CHGV	DeepVirFinder	0.8271604938271605	0.24260712130356066
CHGV	DeepVirFinder	0.8264746227709191	0.24269889224572003
CHGV	DeepVirFinder	0.8254458161865569	0.24271453060401332
CHGV	DeepVirFinder	0.8251028806584362	0.24290762241292277
CHGV	DeepVirFinder	0.8244170096021948	0.24300010108157283
CHGV	DeepVirFinder	0.8237311385459534	0.2431174089068826
CHGV	DeepVirFinder	0.8233882030178327	0.24331171463315768
CHGV	DeepVirFinder	0.8233882030178327	0.24363267376966008
CHGV	DeepVirFinder	0.8233882030178327	0.24392969623082394
CHGV	DeepVirFinder	0.823045267489712	0.24412572474824534
CHGV	DeepVirFinder	0.823045267489712	0.24444897127724588
CHGV	DeepVirFinder	0.8223593964334706	0.2445441566387926
CHGV	DeepVirFinder	0.821673525377229	0.24466455631573572
CHGV	DeepVirFinder	0.8213305898491083	0.24486248849810857
CHGV	DeepVirFinder	0.8209876543209876	0.24506090695055788
CHGV	DeepVirFinder	0.8203017832647462	0.24518245182451825
CHGV	DeepVirFinder	0.8199588477366255	0.2453817733990148
CHGV	DeepVirFinder	0.8189300411522634	0.24540129483095263
CHGV	DeepVirFinder	0.8182441700960219	0.24549850807696266
CHGV	DeepVirFinder	0.8179012345679012	0.245698980117441
CHGV	DeepVirFinder	0.8175582990397805	0.2459253146276047
CHGV	DeepVirFinder	0.8175582990397805	0.2462301177442677
CHGV	DeepVirFinder	0.8172153635116598	0.2464577515772055
CHGV	DeepVirFinder	0.8161865569272977	0.24645334990162576
CHGV	DeepVirFinder	0.8155006858710563	0.2465526179367548
CHGV	DeepVirFinder	0.8148148148148148	0.24667774086378738
CHGV	DeepVirFinder	0.8148148148148148	0.246985446985447
CHGV	DeepVirFinder	0.8141289437585734	0.24711148121161652
CHGV	DeepVirFinder	0.8137860082304527	0.24731631057842626
CHGV	DeepVirFinder	0.8131001371742113	0.24741730147135552
CHGV	DeepVirFinder	0.8124142661179699	0.24754440961337512
CHGV	DeepVirFinder	0.8117283950617284	0.24764595103578155
CHGV	DeepVirFinder	0.8110425240054869	0.24777370350969094
CHGV	DeepVirFinder	0.8106995884773662	0.24798069862582608
CHGV	DeepVirFinder	0.8100137174211248	0.24808318453943914
CHGV	DeepVirFinder	0.8096707818930041	0.2483172065628944
CHGV	DeepVirFinder	0.8093278463648834	0.2485256950294861
CHGV	DeepVirFinder	0.8089849108367627	0.24876094063060214
CHGV	DeepVirFinder	0.8089849108367627	0.24907612712490762
CHGV	DeepVirFinder	0.8082990397805213	0.2491806744899038
CHGV	DeepVirFinder	0.8072702331961591	0.24920601312724963
CHGV	DeepVirFinder	0.8065843621399177	0.24931100275598897
CHGV	DeepVirFinder	0.806241426611797	0.2495488801613417
CHGV	DeepVirFinder	0.8045267489711934	0.24933574237432246
CHGV	DeepVirFinder	0.8041838134430727	0.24957428693060876
CHGV	DeepVirFinder	0.803840877914952	0.24978687127024723
CHGV	DeepVirFinder	0.8034979423868313	0.25
CHGV	DeepVirFinder	0.8031550068587106	0.25024041030024574
CHGV	DeepVirFinder	0.801440329218107	0.2500267465496951
CHGV	DeepVirFinder	0.8010973936899863	0.2502678380115706
CHGV	DeepVirFinder	0.8010973936899863	0.25059000214546234
CHGV	DeepVirFinder	0.8007544581618655	0.25080558539205156
CHGV	DeepVirFinder	0.8004115226337448	0.25104872539528883
CHGV	DeepVirFinder	0.7997256515775034	0.25115778136779754
CHGV	DeepVirFinder	0.7997256515775034	0.2515099223468507
CHGV	DeepVirFinder	0.7993827160493827	0.2517278617710583
CHGV	DeepVirFinder	0.799039780521262	0.25194636678200694
CHGV	DeepVirFinder	0.799039780521262	0.2523010286951814
CHGV	DeepVirFinder	0.7986968449931413	0.2525208717337092
CHGV	DeepVirFinder	0.7983539094650206	0.25276872964169383
CHGV	DeepVirFinder	0.7980109739368999	0.2529897803870407
CHGV	DeepVirFinder	0.7969821673525377	0.25299368604398
CHGV	DeepVirFinder	0.7969821673525377	0.25335222936879975
CHGV	DeepVirFinder	0.7959533607681756	0.25335662045628204
CHGV	DeepVirFinder	0.7956104252400549	0.25360734586794925
CHGV	DeepVirFinder	0.7952674897119342	0.2538309982486865
CHGV	DeepVirFinder	0.7942386831275721	0.2538360368259535
CHGV	DeepVirFinder	0.7942386831275721	0.25419822192953573
CHGV	DeepVirFinder	0.7938957475994513	0.2544235630289043
CHGV	DeepVirFinder	0.7935528120713305	0.2546775258639665
CHGV	DeepVirFinder	0.7935528120713305	0.25501432664756446
CHGV	DeepVirFinder	0.7928669410150891	0.255131317589936
CHGV	DeepVirFinder	0.791838134430727	0.25516631672007956
CHGV	DeepVirFinder	0.7911522633744856	0.25528383313046366
CHGV	DeepVirFinder	0.7908093278463649	0.25554078014184395
CHGV	DeepVirFinder	0.7901234567901234	0.255659121171771
CHGV	DeepVirFinder	0.7897805212620027	0.2558888888888889
CHGV	DeepVirFinder	0.7890946502057613	0.25603649716256816
CHGV	DeepVirFinder	0.7887517146776406	0.2562674094707521
CHGV	DeepVirFinder	0.7873799725651578	0.25619281410399464
CHGV	DeepVirFinder	0.7873799725651578	0.256536312849162
CHGV	DeepVirFinder	0.7863511659807956	0.2565450883866637
CHGV	DeepVirFinder	0.7863511659807956	0.2569187675070028
CHGV	DeepVirFinder	0.7860082304526749	0.2571524739145069
CHGV	DeepVirFinder	0.7846364883401921	0.25707865168539323
CHGV	DeepVirFinder	0.7842935528120714	0.25731323132313233
CHGV	DeepVirFinder	0.78360768175583	0.2574357818837314
CHGV	DeepVirFinder	0.7832647462277091	0.2577005528602053
CHGV	DeepVirFinder	0.7829218106995884	0.257936956276127
CHGV	DeepVirFinder	0.7825788751714677	0.2582032133966961
CHGV	DeepVirFinder	0.7812071330589849	0.2581010650351235
CHGV	DeepVirFinder	0.7805212620027435	0.2582548507886077
CHGV	DeepVirFinder	0.7801783264746228	0.258493353028065
CHGV	DeepVirFinder	0.7801783264746228	0.2588462851291387
CHGV	DeepVirFinder	0.7794924554183813	0.2590018231540565
CHGV	DeepVirFinder	0.7784636488340192	0.2590141487905066
CHGV	DeepVirFinder	0.7781207133058985	0.25928465318249344
CHGV	DeepVirFinder	0.7777777777777778	0.25952626158599384
CHGV	DeepVirFinder	0.7774348422496571	0.2597685344333677
CHGV	DeepVirFinder	0.7767489711934157	0.2599265549690154
CHGV	DeepVirFinder	0.7760631001371742	0.2600551597333946
CHGV	DeepVirFinder	0.7757201646090535	0.26032915180112787
CHGV	DeepVirFinder	0.7753772290809328	0.26057393108217125
CHGV	DeepVirFinder	0.7750342935528121	0.2608193883439123
CHGV	DeepVirFinder	0.7746913580246914	0.26109570041608876
CHGV	DeepVirFinder	0.7746913580246914	0.26145833333333335
CHGV	DeepVirFinder	0.7743484224965707	0.2617364089486496
CHGV	DeepVirFinder	0.77400548696845	0.2619849100406268
CHGV	DeepVirFinder	0.77400548696845	0.2623503429036383
CHGV	DeepVirFinder	0.7729766803840878	0.2623981373690338
CHGV	DeepVirFinder	0.7719478737997256	0.2624154814642108
CHGV	DeepVirFinder	0.7712620027434842	0.2625802685347344
CHGV	DeepVirFinder	0.7709190672153635	0.2628317549397872
CHGV	DeepVirFinder	0.7705761316872428	0.26308394801545487
CHGV	DeepVirFinder	0.7702331961591221	0.2633677298311445
CHGV	DeepVirFinder	0.7702331961591221	0.2637388445279474
CHGV	DeepVirFinder	0.7702331961591221	0.2641420675055863
CHGV	DeepVirFinder	0.7698902606310014	0.26439759745613
CHGV	DeepVirFinder	0.7692043895747599	0.2645359122538035
CHGV	DeepVirFinder	0.7685185185185185	0.2647058823529412
CHGV	DeepVirFinder	0.7685185185185185	0.2650816181689141
CHGV	DeepVirFinder	0.7671467764060357	0.26501599336571496
CHGV	DeepVirFinder	0.7664609053497943	0.26515600901649067
CHGV	DeepVirFinder	0.7664609053497943	0.26553403825591065
CHGV	DeepVirFinder	0.7661179698216736	0.2658257972394098
CHGV	DeepVirFinder	0.7654320987654321	0.2659675881792183
CHGV	DeepVirFinder	0.7647462277091907	0.2661415443370331
CHGV	DeepVirFinder	0.7633744855967078	0.2660451774829688
CHGV	DeepVirFinder	0.7630315500685871	0.2663076002393776
CHGV	DeepVirFinder	0.7623456790123457	0.266482857827859
CHGV	DeepVirFinder	0.7623456790123457	0.2668667466986795
CHGV	DeepVirFinder	0.7623456790123457	0.2672838763977396
CHGV	DeepVirFinder	0.7616598079561042	0.2674292594822396
CHGV	DeepVirFinder	0.7616598079561042	0.2678485287023637
CHGV	DeepVirFinder	0.7609739368998628	0.2679951690821256
CHGV	DeepVirFinder	0.7602880658436214	0.2681422351233672
CHGV	DeepVirFinder	0.75960219478738	0.2683222289521502
CHGV	DeepVirFinder	0.75960219478738	0.2687128472643455
CHGV	DeepVirFinder	0.7592592592592593	0.2690157958687728
CHGV	DeepVirFinder	0.7592592592592593	0.2694086152348503
CHGV	DeepVirFinder	0.7589163237311386	0.26968072142334876
CHGV	DeepVirFinder	0.7585733882030178	0.26998657390455266
CHGV	DeepVirFinder	0.7582304526748971	0.2702603593692703
CHGV	DeepVirFinder	0.7578875171467764	0.2705680705190989
CHGV	DeepVirFinder	0.7568587105624143	0.2705983325159392
CHGV	DeepVirFinder	0.7554869684499315	0.2705058939096267
CHGV	DeepVirFinder	0.75480109739369	0.2706924117574714
CHGV	DeepVirFinder	0.7541152263374485	0.27084616332060596
CHGV	DeepVirFinder	0.7541152263374485	0.271280532938564
CHGV	DeepVirFinder	0.7534293552812071	0.2714356313318508
CHGV	DeepVirFinder	0.7527434842249657	0.27159119029943085
CHGV	DeepVirFinder	0.7520576131687243	0.27178088982525717
CHGV	DeepVirFinder	0.7517146776406035	0.2720615613752017
CHGV	DeepVirFinder	0.7506858710562414	0.272128294380905
CHGV	DeepVirFinder	0.75	0.2722858565737052
CHGV	DeepVirFinder	0.7489711934156379	0.27231920199501247
CHGV	DeepVirFinder	0.7486282578875172	0.27263644311227675
CHGV	DeepVirFinder	0.747599451303155	0.27267041901188244
CHGV	DeepVirFinder	0.7472565157750343	0.2729892257579554
CHGV	DeepVirFinder	0.7472565157750343	0.2734002509410289
CHGV	DeepVirFinder	0.7465706447187929	0.2735611962804725
CHGV	DeepVirFinder	0.7462277091906722	0.27388294524858403
CHGV	DeepVirFinder	0.7448559670781894	0.2737930165132989
CHGV	DeepVirFinder	0.7448559670781894	0.27424242424242423
CHGV	DeepVirFinder	0.7434842249657064	0.27415275670207384
CHGV	DeepVirFinder	0.7434842249657064	0.2745694022289767
CHGV	DeepVirFinder	0.7434842249657064	0.2750221996701763
CHGV	DeepVirFinder	0.7421124828532236	0.27493329945369077
CHGV	DeepVirFinder	0.7410836762688614	0.27500636294222447
CHGV	DeepVirFinder	0.7410836762688614	0.275426969156258
CHGV	DeepVirFinder	0.7407407407407407	0.27572121521572635
CHGV	DeepVirFinder	0.74039780521262	0.2760516557984912
CHGV	DeepVirFinder	0.7400548696844993	0.2763478038161096
CHGV	DeepVirFinder	0.7397119341563786	0.2766803488968702
CHGV	DeepVirFinder	0.7386831275720165	0.27672147995889
CHGV	DeepVirFinder	0.7383401920438958	0.27702007205352547
CHGV	DeepVirFinder	0.7373113854595336	0.27709756411908754
CHGV	DeepVirFinder	0.7359396433470508	0.27701045566025556
CHGV	DeepVirFinder	0.73559670781893	0.2773467804499612
CHGV	DeepVirFinder	0.7352537722908093	0.27764827764827765
CHGV	DeepVirFinder	0.7345679012345679	0.2778570502010637
CHGV	DeepVirFinder	0.7335390946502057	0.27790048070676887
CHGV	DeepVirFinder	0.733196159122085	0.2782042940793754
CHGV	DeepVirFinder	0.733196159122085	0.27867570385818563
CHGV	DeepVirFinder	0.733196159122085	0.27911227154046997
CHGV	DeepVirFinder	0.7328532235939643	0.2794559958153524
CHGV	DeepVirFinder	0.7325102880658436	0.27976424361493124
CHGV	DeepVirFinder	0.7321673525377229	0.2800734618916437
CHGV	DeepVirFinder	0.7318244170096022	0.28042049934296975
CHGV	DeepVirFinder	0.7314814814814815	0.2807317715188207
CHGV	DeepVirFinder	0.7314814814814815	0.2812129202373105
CHGV	DeepVirFinder	0.7311385459533608	0.2815264756371319
CHGV	DeepVirFinder	0.7307956104252401	0.28184102631926994
CHGV	DeepVirFinder	0.7301097393689986	0.28206147323794384
CHGV	DeepVirFinder	0.7290809327846365	0.28211252653927815
CHGV	DeepVirFinder	0.7287379972565158	0.2824671008906022
CHGV	DeepVirFinder	0.7283950617283951	0.2827852483024897
CHGV	DeepVirFinder	0.7280521262002744	0.28310441392185626
CHGV	DeepVirFinder	0.7277091906721537	0.2834624632647609
CHGV	DeepVirFinder	0.727366255144033	0.28378378378378377
CHGV	DeepVirFinder	0.727366255144033	0.2842782468837957
CHGV	DeepVirFinder	0.7266803840877915	0.2844677137870855
CHGV	DeepVirFinder	0.7263374485596708	0.28479225494150867
CHGV	DeepVirFinder	0.72599451303155	0.28515625
CHGV	DeepVirFinder	0.7253086419753086	0.28534808418780355
CHGV	DeepVirFinder	0.7246227709190672	0.28557913231517773
CHGV	DeepVirFinder	0.7232510288065843	0.28550155678895356
CHGV	DeepVirFinder	0.7232510288065843	0.28596610169491526
CHGV	DeepVirFinder	0.7225651577503429	0.28619940233632163
CHGV	DeepVirFinder	0.7222222222222222	0.28653061224489795
CHGV	DeepVirFinder	0.7218792866941015	0.2869020035436827
CHGV	DeepVirFinder	0.7208504801097394	0.28696245733788395
CHGV	DeepVirFinder	0.7198216735253772	0.28702310953097226
CHGV	DeepVirFinder	0.7194787379972565	0.2873972602739726
CHGV	DeepVirFinder	0.7191358024691358	0.2877332601536773
CHGV	DeepVirFinder	0.7191358024691358	0.28824742268041237
CHGV	DeepVirFinder	0.7187928669410151	0.28858598375327
CHGV	DeepVirFinder	0.717764060356653	0.28864984140118605
CHGV	DeepVirFinder	0.7174211248285323	0.28903011881735285
CHGV	DeepVirFinder	0.7170781893004116	0.2893717132576806
CHGV	DeepVirFinder	0.7170781893004116	0.2898932483016775
CHGV	DeepVirFinder	0.7170781893004116	0.2903763366199139
CHGV	DeepVirFinder	0.71639231824417	0.2906232609905398
CHGV	DeepVirFinder	0.71639231824417	0.2911092530657748
CHGV	DeepVirFinder	0.7160493827160493	0.2914572864321608
CHGV	DeepVirFinder	0.7153635116598079	0.2917074535030066
CHGV	DeepVirFinder	0.7153635116598079	0.2921977868048746
CHGV	DeepVirFinder	0.7153635116598079	0.29273084479371314
CHGV	DeepVirFinder	0.7143347050754458	0.2928029238122013
CHGV	DeepVirFinder	0.7133058984910837	0.2928752464094621
CHGV	DeepVirFinder	0.7129629629629629	0.29327126534066866
CHGV	DeepVirFinder	0.7126200274348422	0.29362724318213934
CHGV	DeepVirFinder	0.7122770919067215	0.2940260475651189
CHGV	DeepVirFinder	0.7115912208504801	0.29424276800907545
CHGV	DeepVirFinder	0.7112482853223594	0.29460227272727274
CHGV	DeepVirFinder	0.7109053497942387	0.29500498078838766
CHGV	DeepVirFinder	0.7109053497942387	0.2955096222380613
CHGV	DeepVirFinder	0.7102194787379973	0.295772636389603
CHGV	DeepVirFinder	0.7102194787379973	0.2962804005722461
CHGV	DeepVirFinder	0.7098765432098766	0.29664660361135
CHGV	DeepVirFinder	0.7098765432098766	0.2972002871500359
CHGV	DeepVirFinder	0.7091906721536351	0.2974255716956709
CHGV	DeepVirFinder	0.7088477366255144	0.2978386167146974
CHGV	DeepVirFinder	0.7078189300411523	0.2979214780600462
CHGV	DeepVirFinder	0.7071330589849109	0.2981492192018508
CHGV	DeepVirFinder	0.7061042524005487	0.29827611183543384
CHGV	DeepVirFinder	0.7050754458161865	0.2983601799448556
CHGV	DeepVirFinder	0.703360768175583	0.29819715033439953
CHGV	DeepVirFinder	0.7026748971193416	0.2984270317506554
CHGV	DeepVirFinder	0.7019890260631001	0.2986577181208054
CHGV	DeepVirFinder	0.7016460905349794	0.2990790820055547
CHGV	DeepVirFinder	0.7006172839506173	0.29916532435202814
CHGV	DeepVirFinder	0.7002743484224966	0.29958920187793425
CHGV	DeepVirFinder	0.6992455418381345	0.2996766607877719
CHGV	DeepVirFinder	0.6989026063100137	0.3000588928150766
CHGV	DeepVirFinder	0.6982167352537723	0.3003392830801003
CHGV	DeepVirFinder	0.6968449931412894	0.30028077434609135
CHGV	DeepVirFinder	0.696159122085048	0.30056262955285756
CHGV	DeepVirFinder	0.6958161865569273	0.30094927321269654
CHGV	DeepVirFinder	0.6941015089163237	0.30074294205052005
CHGV	DeepVirFinder	0.693758573388203	0.3011761202917969
CHGV	DeepVirFinder	0.6927297668038409	0.3012677106636838
CHGV	DeepVirFinder	0.6917009602194787	0.30140466228332335
CHGV	DeepVirFinder	0.6917009602194787	0.30194610778443115
CHGV	DeepVirFinder	0.6903292181069959	0.3018896220755849
CHGV	DeepVirFinder	0.6893004115226338	0.3020285499624343
CHGV	DeepVirFinder	0.6889574759945131	0.30242360379346683
CHGV	DeepVirFinder	0.6886145404663924	0.3028657616892911
CHGV	DeepVirFinder	0.6879286694101509	0.30311272287700214
CHGV	DeepVirFinder	0.6872427983539094	0.30340651021953063
CHGV	DeepVirFinder	0.686556927297668	0.30365539208251174
CHGV	DeepVirFinder	0.6855281207133059	0.3037532289925543
CHGV	DeepVirFinder	0.6848422496570644	0.3040499390986602
CHGV	DeepVirFinder	0.6848422496570644	0.3046064673581452
CHGV	DeepVirFinder	0.684156378600823	0.30490600641907384
CHGV	DeepVirFinder	0.6838134430727023	0.3053131220333793
CHGV	DeepVirFinder	0.6824417009602195	0.30526154318146953
CHGV	DeepVirFinder	0.6807270233196159	0.3051029818628958
CHGV	DeepVirFinder	0.6803840877914952	0.3055127810286418
CHGV	DeepVirFinder	0.6793552812071331	0.3056627063724734
CHGV	DeepVirFinder	0.678326474622771	0.30576596073581697
CHGV	DeepVirFinder	0.678326474622771	0.3063342109338702
CHGV	DeepVirFinder	0.676954732510288	0.3063314711359404
CHGV	DeepVirFinder	0.676954732510288	0.3069029850746269
CHGV	DeepVirFinder	0.6759259259259259	0.30705717401464405
CHGV	DeepVirFinder	0.6752400548696845	0.3073201186202591
CHGV	DeepVirFinder	0.6748971193415638	0.30774042220484754
CHGV	DeepVirFinder	0.6742112482853223	0.3080539015982451
CHGV	DeepVirFinder	0.6735253772290809	0.30832025117739403
CHGV	DeepVirFinder	0.6728395061728395	0.30863614912694665
CHGV	DeepVirFinder	0.671124828532236	0.30843183609141056
CHGV	DeepVirFinder	0.6707818930041153	0.30885836096636665
CHGV	DeepVirFinder	0.6697530864197531	0.30901898734177213
CHGV	DeepVirFinder	0.6690672153635117	0.30928979074191504
CHGV	DeepVirFinder	0.6690672153635117	0.3099777565935812
CHGV	DeepVirFinder	0.6680384087791496	0.31009232728430436
CHGV	DeepVirFinder	0.6676954732510288	0.3105263157894737
CHGV	DeepVirFinder	0.6659807956104252	0.31037238293111713
CHGV	DeepVirFinder	0.6656378600823045	0.310808646917534
CHGV	DeepVirFinder	0.6656378600823045	0.31145699614890887
CHGV	DeepVirFinder	0.6642661179698217	0.31141479099678454
CHGV	DeepVirFinder	0.663923182441701	0.3118556701030928
CHGV	DeepVirFinder	0.6632373113854595	0.31218724778046814
CHGV	DeepVirFinder	0.6625514403292181	0.31246967491508976
CHGV	DeepVirFinder	0.661522633744856	0.3126418152350081
CHGV	DeepVirFinder	0.661522633744856	0.3132510555375122
CHGV	DeepVirFinder	0.6608367626886146	0.3135372600065083
CHGV	DeepVirFinder	0.6601508916323731	0.3138757541170716
CHGV	DeepVirFinder	0.6601508916323731	0.3144910962261068
CHGV	DeepVirFinder	0.6587791495198903	0.314505566470203
CHGV	DeepVirFinder	0.6584362139917695	0.31496062992125984
CHGV	DeepVirFinder	0.6577503429355281	0.31530494821634064
CHGV	DeepVirFinder	0.6574074074074074	0.3157634656563993
CHGV	DeepVirFinder	0.656721536351166	0.3160587555702261
CHGV	DeepVirFinder	0.6563786008230452	0.31657294078729736
CHGV	DeepVirFinder	0.6563786008230452	0.31720251905866753
CHGV	DeepVirFinder	0.6563786008230452	0.317887394120578
CHGV	DeepVirFinder	0.6550068587105624	0.3178565485105675
CHGV	DeepVirFinder	0.6539780521262003	0.31799232949808237
CHGV	DeepVirFinder	0.6526063100137174	0.3180147058823529
CHGV	DeepVirFinder	0.6526063100137174	0.3186537173476222
CHGV	DeepVirFinder	0.651920438957476	0.3190132572579292
CHGV	DeepVirFinder	0.6515775034293553	0.3194888178913738
CHGV	DeepVirFinder	0.6512345679012346	0.31996630160067396
CHGV	DeepVirFinder	0.649519890260631	0.3198243836541709
CHGV	DeepVirFinder	0.6478052126200274	0.31962774957698814
CHGV	DeepVirFinder	0.647119341563786	0.31999321688994403
CHGV	DeepVirFinder	0.6467764060356653	0.3204757858963466
CHGV	DeepVirFinder	0.6457475994513031	0.3206197854588796
CHGV	DeepVirFinder	0.6450617283950617	0.32098976109215016
CHGV	DeepVirFinder	0.6443758573388203	0.3213064295485636
CHGV	DeepVirFinder	0.6440329218106996	0.3218508997429306
CHGV	DeepVirFinder	0.6436899862825789	0.32234243517087413
CHGV	DeepVirFinder	0.6433470507544582	0.32283600068834967
CHGV	DeepVirFinder	0.6426611796982168	0.32321490169023803
CHGV	DeepVirFinder	0.6419753086419753	0.32353957829243
CHGV	DeepVirFinder	0.6416323731138546	0.3240949246492292
CHGV	DeepVirFinder	0.6395747599451304	0.32372851935427877
CHGV	DeepVirFinder	0.637517146776406	0.32336058444946947
CHGV	DeepVirFinder	0.6364883401920439	0.32357043235704325
CHGV	DeepVirFinder	0.6354595336076817	0.32372466806429073
CHGV	DeepVirFinder	0.6337448559670782	0.32358606198564177
CHGV	DeepVirFinder	0.6327160493827161	0.3237410071942446
CHGV	DeepVirFinder	0.6316872427983539	0.3238966062950589
CHGV	DeepVirFinder	0.6299725651577504	0.32375749030666195
CHGV	DeepVirFinder	0.6289437585733882	0.32391381137407277
CHGV	DeepVirFinder	0.6282578875171467	0.32430518675871833
CHGV	DeepVirFinder	0.627914951989026	0.3248181656909704
CHGV	DeepVirFinder	0.6275720164609053	0.3253333333333333
CHGV	DeepVirFinder	0.6265432098765432	0.32555238774055595
CHGV	DeepVirFinder	0.6262002743484225	0.32607142857142857
CHGV	DeepVirFinder	0.6258573388203018	0.326651154465724
CHGV	DeepVirFinder	0.6241426611796982	0.32645739910313903
CHGV	DeepVirFinder	0.6234567901234568	0.3268020852058242
CHGV	DeepVirFinder	0.622085048010974	0.32684684684684684
CHGV	DeepVirFinder	0.6213991769547325	0.3271939328277356
CHGV	DeepVirFinder	0.620713305898491	0.32760180995475113
CHGV	DeepVirFinder	0.6189986282578875	0.32740794485760927
CHGV	DeepVirFinder	0.6176268861454046	0.32745454545454544
CHGV	DeepVirFinder	0.6172839506172839	0.32798833819241985
CHGV	DeepVirFinder	0.6169410150891632	0.3285244704163623
CHGV	DeepVirFinder	0.6159122085048011	0.32875709317224966
CHGV	DeepVirFinder	0.6152263374485597	0.3291139240506329
CHGV	DeepVirFinder	0.6141975308641975	0.32934902537697686
CHGV	DeepVirFinder	0.6138545953360768	0.3298931072613343
CHGV	DeepVirFinder	0.612482853223594	0.3298854820834873
CHGV	DeepVirFinder	0.6121399176954733	0.33049435289761153
CHGV	DeepVirFinder	0.6121399176954733	0.3312302839116719
CHGV	DeepVirFinder	0.6111111111111112	0.3314732142857143
CHGV	DeepVirFinder	0.6111111111111112	0.33221476510067116
CHGV	DeepVirFinder	0.6093964334705075	0.3320254110612855
CHGV	DeepVirFinder	0.6090534979423868	0.332646563026784
CHGV	DeepVirFinder	0.6087105624142661	0.3332081847193542
CHGV	DeepVirFinder	0.6087105624142661	0.3340233345878811
CHGV	DeepVirFinder	0.6083676268861454	0.33459072048283667
CHGV	DeepVirFinder	0.6080246913580247	0.3351606805293006
CHGV	DeepVirFinder	0.6069958847736625	0.33541785105173394
CHGV	DeepVirFinder	0.6063100137174211	0.3358024691358025
CHGV	DeepVirFinder	0.6056241426611797	0.33625285605483624
CHGV	DeepVirFinder	0.6049382716049383	0.3366412213740458
CHGV	DeepVirFinder	0.6049382716049383	0.33741392501912776
CHGV	DeepVirFinder	0.6045953360768176	0.3380632790028763
CHGV	DeepVirFinder	0.6039094650205762	0.33845858158754566
CHGV	DeepVirFinder	0.602880658436214	0.33872832369942196
CHGV	DeepVirFinder	0.602880658436214	0.33951332560834296
CHGV	DeepVirFinder	0.6021947873799726	0.33991482771970577
CHGV	DeepVirFinder	0.6008230452674898	0.3399961187657675
CHGV	DeepVirFinder	0.5994513031550068	0.34001167088115153
CHGV	DeepVirFinder	0.598079561042524	0.34009360374414976
CHGV	DeepVirFinder	0.5967078189300411	0.34017595307917886
CHGV	DeepVirFinder	0.5967078189300411	0.3409758965314521
CHGV	DeepVirFinder	0.595679012345679	0.3412573673870334
CHGV	DeepVirFinder	0.5953360768175583	0.34186687672311933
CHGV	DeepVirFinder	0.5946502057613169	0.3423494570582428
CHGV	DeepVirFinder	0.5936213991769548	0.3425687710271126
CHGV	DeepVirFinder	0.5929355281207133	0.34298750247966675
CHGV	DeepVirFinder	0.5925925925925926	0.3436754176610978
CHGV	DeepVirFinder	0.5919067215363512	0.3440988835725678
CHGV	DeepVirFinder	0.590877914951989	0.344393363981611
CHGV	DeepVirFinder	0.5905349794238683	0.3450210378681627
CHGV	DeepVirFinder	0.5895061728395061	0.3453194053836882
CHGV	DeepVirFinder	0.5891632373113854	0.3459524768425292
CHGV	DeepVirFinder	0.5881344307270233	0.34618490109002825
CHGV	DeepVirFinder	0.5877914951989026	0.3468933414288606
CHGV	DeepVirFinder	0.5877914951989026	0.3477378778656928
CHGV	DeepVirFinder	0.5864197530864198	0.3478437754271766
CHGV	DeepVirFinder	0.5857338820301783	0.34828711256117456
CHGV	DeepVirFinder	0.5853909465020576	0.34893704006541293
CHGV	DeepVirFinder	0.5847050754458162	0.34945685591309694
CHGV	DeepVirFinder	0.5840192043895748	0.34990754057941237
CHGV	DeepVirFinder	0.5829903978052127	0.35022661722290893
CHGV	DeepVirFinder	0.5819615912208504	0.35047501032631145
CHGV	DeepVirFinder	0.581275720164609	0.35093167701863354
CHGV	DeepVirFinder	0.5799039780521262	0.35104837035499276
CHGV	DeepVirFinder	0.578875171467764	0.35130072840790844
CHGV	DeepVirFinder	0.5781893004115226	0.3518363939899833
CHGV	DeepVirFinder	0.5778463648834019	0.35251046025104604
CHGV	DeepVirFinder	0.5775034293552812	0.35318791946308725
CHGV	DeepVirFinder	0.5764746227709191	0.35352260778128286
CHGV	DeepVirFinder	0.5764746227709191	0.3544170356314569
CHGV	DeepVirFinder	0.5761316872427984	0.35517970401691334
CHGV	DeepVirFinder	0.5761316872427984	0.3560830860534125
CHGV	DeepVirFinder	0.5747599451303155	0.3561410964725882
CHGV	DeepVirFinder	0.5740740740740741	0.3567014702748775
CHGV	DeepVirFinder	0.5733882030178327	0.35718863490707115
CHGV	DeepVirFinder	0.5727023319615913	0.3577549271636675
CHGV	DeepVirFinder	0.5723593964334706	0.3584621993127148
CHGV	DeepVirFinder	0.5720164609053497	0.35917312661498707
CHGV	DeepVirFinder	0.571673525377229	0.3599654502267329
CHGV	DeepVirFinder	0.5706447187928669	0.36025113660965574
CHGV	DeepVirFinder	0.5689300411522634	0.3601823708206687
CHGV	DeepVirFinder	0.5679012345679012	0.3604701784936874
CHGV	DeepVirFinder	0.5675582990397805	0.36119598428633787
CHGV	DeepVirFinder	0.5675582990397805	0.3622236813307069
CHGV	DeepVirFinder	0.5661865569272977	0.3622997586131227
CHGV	DeepVirFinder	0.5655006858710563	0.3628961267605634
CHGV	DeepVirFinder	0.5644718792866941	0.36319505736981467
CHGV	DeepVirFinder	0.5637860082304527	0.363716814159292
CHGV	DeepVirFinder	0.5617283950617284	0.36343465719991125
CHGV	DeepVirFinder	0.5606995884773662	0.36373748609566187
CHGV	DeepVirFinder	0.5603566529492455	0.3645693886657742
CHGV	DeepVirFinder	0.5596707818930041	0.3651006711409396
CHGV	DeepVirFinder	0.5593278463648834	0.36585912965455364
CHGV	DeepVirFinder	0.5579561042524005	0.36602924634420697
CHGV	DeepVirFinder	0.5572702331961591	0.36656891495601174
CHGV	DeepVirFinder	0.5555555555555556	0.3665158371040724
CHGV	DeepVirFinder	0.5541838134430727	0.3666061705989111
CHGV	DeepVirFinder	0.5541838134430727	0.3676905574516496
CHGV	DeepVirFinder	0.5531550068587106	0.3680127766370066
CHGV	DeepVirFinder	0.5517832647462277	0.36810798444291926
CHGV	DeepVirFinder	0.5507544581618655	0.36851766865534646
CHGV	DeepVirFinder	0.549039780521262	0.3683847215830649
CHGV	DeepVirFinder	0.5480109739368999	0.3687975998153704
CHGV	DeepVirFinder	0.5459533607681756	0.3684332330479056
CHGV	DeepVirFinder	0.5445816186556928	0.3685309816662799
CHGV	DeepVirFinder	0.5438957475994513	0.3691806331471136
CHGV	DeepVirFinder	0.5435528120713305	0.3699813258636788
CHGV	DeepVirFinder	0.5428669410150891	0.37063919456801686
CHGV	DeepVirFinder	0.541838134430727	0.3709791030758394
CHGV	DeepVirFinder	0.5401234567901234	0.37085001177301624
CHGV	DeepVirFinder	0.5380658436213992	0.37057156353330184
CHGV	DeepVirFinder	0.5373799725651578	0.3711511132164851
CHGV	DeepVirFinder	0.5370370370370371	0.37205987170349253
CHGV	DeepVirFinder	0.5366941015089163	0.3728853943292828
CHGV	DeepVirFinder	0.5366941015089163	0.3739545997610514
CHGV	DeepVirFinder	0.5353223593964335	0.37416107382550334
CHGV	DeepVirFinder	0.5342935528120714	0.37451923076923077
CHGV	DeepVirFinder	0.5332647462277091	0.3749698577284784
CHGV	DeepVirFinder	0.532235939643347	0.37533252720677146
CHGV	DeepVirFinder	0.5318930041152263	0.3761823914625273
CHGV	DeepVirFinder	0.5312071330589849	0.37688564476885644
CHGV	DeepVirFinder	0.529835390946502	0.37701317715959004
CHGV	DeepVirFinder	0.5288065843621399	0.3774785801713586
CHGV	DeepVirFinder	0.5274348422496571	0.37760864227841884
CHGV	DeepVirFinder	0.5267489711934157	0.3782319625707954
CHGV	DeepVirFinder	0.5250342935528121	0.3782114624505929
CHGV	DeepVirFinder	0.52400548696845	0.3785926660059465
CHGV	DeepVirFinder	0.5229766803840878	0.37907034551329855
CHGV	DeepVirFinder	0.5222908093278463	0.37970580902518075
CHGV	DeepVirFinder	0.5205761316872428	0.37959489872468116
CHGV	DeepVirFinder	0.5195473251028807	0.38008028098344204
CHGV	DeepVirFinder	0.5192043895747599	0.3809763462506291
CHGV	DeepVirFinder	0.5178326474622771	0.3812168644281747
CHGV	DeepVirFinder	0.516803840877915	0.3816155988857939
CHGV	DeepVirFinder	0.5157750342935528	0.3820167640335281
CHGV	DeepVirFinder	0.5150891632373114	0.3827726809378186
CHGV	DeepVirFinder	0.5137174211248285	0.3829243353783231
CHGV	DeepVirFinder	0.5123456790123457	0.38317517312131316
CHGV	DeepVirFinder	0.5109739368998628	0.3833290455364034
CHGV	DeepVirFinder	0.5102880658436214	0.3840991223541559
CHGV	DeepVirFinder	0.5092592592592593	0.3845157949249094
CHGV	DeepVirFinder	0.5089163237311386	0.38545454545454544
CHGV	DeepVirFinder	0.5082304526748971	0.3862392494136044
CHGV	DeepVirFinder	0.507201646090535	0.38666666666666666
CHGV	DeepVirFinder	0.5054869684499315	0.38667366211962223
CHGV	DeepVirFinder	0.50480109739369	0.3873684210526316
CHGV	DeepVirFinder	0.5037722908093278	0.38780359028511086
CHGV	DeepVirFinder	0.5017146776406035	0.3875496688741722
CHGV	DeepVirFinder	0.4996570644718793	0.38719107095402605
CHGV	DeepVirFinder	0.4993141289437586	0.38826666666666665
CHGV	DeepVirFinder	0.49862825788751713	0.3889780631353665
CHGV	DeepVirFinder	0.49828532235939643	0.38996242619431026
CHGV	DeepVirFinder	0.49622770919067216	0.3897118233234581
CHGV	DeepVirFinder	0.4955418381344307	0.39043501756282084
CHGV	DeepVirFinder	0.4945130315500686	0.39099783080260303
CHGV	DeepVirFinder	0.49348422496570643	0.3914581066376496
CHGV	DeepVirFinder	0.492798353909465	0.3921943231441048
CHGV	DeepVirFinder	0.49108367626886146	0.39222130923034787
CHGV	DeepVirFinder	0.49039780521262005	0.3929651003022808
CHGV	DeepVirFinder	0.4890260631001372	0.39327082184225043
CHGV	DeepVirFinder	0.4883401920438957	0.39402324294410623
CHGV	DeepVirFinder	0.487997256515775	0.39505830094392
CHGV	DeepVirFinder	0.4873113854595336	0.3959320144887155
CHGV	DeepVirFinder	0.48662551440329216	0.39670114621190944
CHGV	DeepVirFinder	0.4849108367626886	0.39674523007856344
CHGV	DeepVirFinder	0.4838820301783265	0.39724099099099097
CHGV	DeepVirFinder	0.4828532235939643	0.3977401129943503
CHGV	DeepVirFinder	0.48113854595336075	0.39778848880068046
CHGV	DeepVirFinder	0.48113854595336075	0.3991465149359886
CHGV	DeepVirFinder	0.48079561042524005	0.4003426613363792
CHGV	DeepVirFinder	0.47976680384087794	0.4008595988538682
CHGV	DeepVirFinder	0.4790809327846365	0.4016676250718804
CHGV	DeepVirFinder	0.4787379972565158	0.4028860028860029
CHGV	DeepVirFinder	0.4766803840877915	0.40254850854329566
CHGV	DeepVirFinder	0.47530864197530864	0.4029069767441861
CHGV	DeepVirFinder	0.4735939643347051	0.40285880980163363
CHGV	DeepVirFinder	0.4722222222222222	0.4031030444964871
CHGV	DeepVirFinder	0.4711934156378601	0.40376138701146047
CHGV	DeepVirFinder	0.46982167352537724	0.4040106163373636
CHGV	DeepVirFinder	0.46947873799725653	0.4052693901716992
CHGV	DeepVirFinder	0.4687928669410151	0.4061200237670826
CHGV	DeepVirFinder	0.4687928669410151	0.40757304710793085
CHGV	DeepVirFinder	0.46810699588477367	0.4085603112840467
CHGV	DeepVirFinder	0.4670781893004115	0.4091318714328627
CHGV	DeepVirFinder	0.4660493827160494	0.4098311218335344
CHGV	DeepVirFinder	0.46502057613168724	0.41041162227602906
CHGV	DeepVirFinder	0.46399176954732513	0.41112123974475845
CHGV	DeepVirFinder	0.46262002743484226	0.4114059164379384
CHGV	DeepVirFinder	0.4619341563786008	0.4123048668503214
CHGV	DeepVirFinder	0.4609053497942387	0.4130301167793485
CHGV	DeepVirFinder	0.45953360768175583	0.4133251079580506
CHGV	DeepVirFinder	0.45850480109739367	0.4140600805202849
CHGV	DeepVirFinder	0.4567901234567901	0.41405035747590924
CHGV	DeepVirFinder	0.4554183813443073	0.4143525741029641
CHGV	DeepVirFinder	0.45507544581618653	0.4157268170426065
CHGV	DeepVirFinder	0.45507544581618653	0.41729559748427675
CHGV	DeepVirFinder	0.4543895747599451	0.4183770129460057
CHGV	DeepVirFinder	0.453360768175583	0.4190174326465927
CHGV	DeepVirFinder	0.45301783264746226	0.42029907731466754
CHGV	DeepVirFinder	0.45164609053497945	0.4207667731629393
CHGV	DeepVirFinder	0.4502743484224966	0.4211032713277742
CHGV	DeepVirFinder	0.4492455418381344	0.4219001610305958
CHGV	DeepVirFinder	0.4482167352537723	0.4225670869705787
CHGV	DeepVirFinder	0.44684499314128945	0.4229146381045115
CHGV	DeepVirFinder	0.446159122085048	0.4240547588005215
CHGV	DeepVirFinder	0.4454732510288066	0.425065445026178
CHGV	DeepVirFinder	0.4454732510288066	0.42688136707196844
CHGV	DeepVirFinder	0.4444444444444444	0.42758165621906963
CHGV	DeepVirFinder	0.4444444444444444	0.4292812189466711
CHGV	DeepVirFinder	0.443758573388203	0.4304723885562209
CHGV	DeepVirFinder	0.4434156378600823	0.4318637274549098
CHGV	DeepVirFinder	0.4410150891632373	0.4313988594431399
CHGV	DeepVirFinder	0.4399862825788752	0.43213203098686426
CHGV	DeepVirFinder	0.4386145404663923	0.43253297260737233
CHGV	DeepVirFinder	0.4386145404663923	0.4344429347826087
CHGV	DeepVirFinder	0.43689986282578874	0.4345156889495225
CHGV	DeepVirFinder	0.43587105624142664	0.4354230900993491
CHGV	DeepVirFinder	0.43587105624142664	0.43722050223598213
CHGV	DeepVirFinder	0.4351851851851852	0.4383419689119171
CHGV	DeepVirFinder	0.4334705075445816	0.43858431644691187
CHGV	DeepVirFinder	0.4324417009602195	0.4393728222996516
CHGV	DeepVirFinder	0.43106995884773663	0.43997199859992997
CHGV	DeepVirFinder	0.42901234567901236	0.43971880492091386
CHGV	DeepVirFinder	0.4283264746227709	0.44087539710554186
CHGV	DeepVirFinder	0.4276406035665295	0.4421985815602837
CHGV	DeepVirFinder	0.42661179698216734	0.443019943019943
CHGV	DeepVirFinder	0.42592592592592593	0.4443649373881932
CHGV	DeepVirFinder	0.42489711934156377	0.445203018325548
CHGV	DeepVirFinder	0.42455418381344306	0.4469314079422383
CHGV	DeepVirFinder	0.42421124828532236	0.44851341551849166
CHGV	DeepVirFinder	0.4231824417009602	0.4493809176984705
CHGV	DeepVirFinder	0.4221536351165981	0.4504207830223198
CHGV	DeepVirFinder	0.42112482853223593	0.45130466740169056
CHGV	DeepVirFinder	0.4204389574759945	0.4527326440177253
CHGV	DeepVirFinder	0.41906721536351166	0.45326409495548964
CHGV	DeepVirFinder	0.4180384087791495	0.45417287630402386
CHGV	DeepVirFinder	0.4159807956104252	0.4541370273305878
CHGV	DeepVirFinder	0.4156378600823045	0.4558104550582926
CHGV	DeepVirFinder	0.41460905349794236	0.45691609977324266
CHGV	DeepVirFinder	0.41323731138545955	0.4574791192103265
CHGV	DeepVirFinder	0.4122085048010974	0.4584286803966438
CHGV	DeepVirFinder	0.4104938271604938	0.45879647374472976
CHGV	DeepVirFinder	0.4094650205761317	0.45976126299576436
CHGV	DeepVirFinder	0.40775034293552814	0.4601393188854489
CHGV	DeepVirFinder	0.406721536351166	0.46111975116640747
CHGV	DeepVirFinder	0.4060356652949246	0.4625
CHGV	DeepVirFinder	0.4050068587105624	0.4636827640361209
CHGV	DeepVirFinder	0.40397805212620025	0.46469428007889546
CHGV	DeepVirFinder	0.40329218106995884	0.4662965900079302
CHGV	DeepVirFinder	0.40260631001371744	0.46772908366533866
CHGV	DeepVirFinder	0.4015775034293553	0.4687750200160128
CHGV	DeepVirFinder	0.4002057613168724	0.46961770623742455
CHGV	DeepVirFinder	0.39849108367626884	0.46987464617873026
CHGV	DeepVirFinder	0.39609053497942387	0.4695121951219512
CHGV	DeepVirFinder	0.39540466392318246	0.4709967320261438
CHGV	DeepVirFinder	0.39334705075445814	0.4708538587848933
CHGV	DeepVirFinder	0.39163237311385457	0.47131654973173753
CHGV	DeepVirFinder	0.389917695473251	0.47158855246785564
CHGV	DeepVirFinder	0.3888888888888889	0.47289407839866554
CHGV	DeepVirFinder	0.38820301783264743	0.4744341994970662
CHGV	DeepVirFinder	0.3868312757201646	0.4751474304970514
CHGV	DeepVirFinder	0.38511659807956106	0.4756459127488352
CHGV	DeepVirFinder	0.38477366255144035	0.4776500638569604
CHGV	DeepVirFinder	0.3834019204389575	0.4785958904109589
CHGV	DeepVirFinder	0.3830589849108368	0.4806368330464716
CHGV	DeepVirFinder	0.3816872427983539	0.481401384083045
CHGV	DeepVirFinder	0.38065843621399176	0.4828186167899087
CHGV	DeepVirFinder	0.3789437585733882	0.48316571928290336
CHGV	DeepVirFinder	0.3772290809327846	0.4837291116974494
CHGV	DeepVirFinder	0.3762002743484225	0.4849690539345712
CHGV	DeepVirFinder	0.37482853223593965	0.48577777777777775
CHGV	DeepVirFinder	0.3734567901234568	0.48681269557443
CHGV	DeepVirFinder	0.3720850480109739	0.48764044943820223
CHGV	DeepVirFinder	0.36968449931412894	0.4873417721518987
CHGV	DeepVirFinder	0.3686556927297668	0.48863636363636365
CHGV	DeepVirFinder	0.3679698216735254	0.4906264288980338
CHGV	DeepVirFinder	0.3659122085048011	0.49057471264367813
CHGV	DeepVirFinder	0.36454046639231824	0.49144706426259827
CHGV	DeepVirFinder	0.3628257887517147	0.49209302325581394
CHGV	DeepVirFinder	0.3611111111111111	0.49251637043966323
CHGV	DeepVirFinder	0.35939643347050754	0.49317647058823527
CHGV	DeepVirFinder	0.35768175582990397	0.493610979649787
CHGV	DeepVirFinder	0.35665294924554186	0.49500237981913375
CHGV	DeepVirFinder	0.35425240054869683	0.49473180076628354
CHGV	DeepVirFinder	0.35253772290809327	0.4951830443159923
CHGV	DeepVirFinder	0.34945130315500683	0.49394086282113425
CHGV	DeepVirFinder	0.3477366255144033	0.49439297903461726
CHGV	DeepVirFinder	0.345679012345679	0.4943599803825405
CHGV	DeepVirFinder	0.3449931412894376	0.49654491609081935
CHGV	DeepVirFinder	0.3425925925925926	0.49602780536246277
CHGV	DeepVirFinder	0.34087791495198905	0.496751624187906
CHGV	DeepVirFinder	0.3395061728395062	0.497737556561086
CHGV	DeepVirFinder	0.3377914951989026	0.49822964087000504
CHGV	DeepVirFinder	0.33676268861454045	0.5
CHGV	DeepVirFinder	0.33539094650205764	0.5010245901639344
CHGV	DeepVirFinder	0.3347050754458162	0.5033522434244456
CHGV	DeepVirFinder	0.3336762688614541	0.5049299429164504
CHGV	DeepVirFinder	0.3329903978052126	0.5070496083550914
CHGV	DeepVirFinder	0.33127572016460904	0.5078864353312302
CHGV	DeepVirFinder	0.3295610425240055	0.5084656084656085
CHGV	DeepVirFinder	0.32853223593964337	0.5103889184869472
CHGV	DeepVirFinder	0.32647462277091904	0.510455764075067
CHGV	DeepVirFinder	0.32544581618655694	0.5121424716675661
CHGV	DeepVirFinder	0.32373113854595337	0.5130434782608696
CHGV	DeepVirFinder	0.3223593964334705	0.5142231947483589
CHGV	DeepVirFinder	0.32030178326474623	0.5146005509641873
CHGV	DeepVirFinder	0.3196159122085048	0.516916250693289
CHGV	DeepVirFinder	0.31858710562414266	0.5187046342825238
CHGV	DeepVirFinder	0.3172153635116598	0.5202474690663667
CHGV	DeepVirFinder	0.31584362139917693	0.5215175537938845
CHGV	DeepVirFinder	0.31275720164609055	0.5202509982886481
CHGV	DeepVirFinder	0.3120713305898491	0.5226881102814475
CHGV	DeepVirFinder	0.3096707818930041	0.5222672064777328
CHGV	DeepVirFinder	0.3089849108367627	0.5250582750582751
CHGV	DeepVirFinder	0.3058984910836763	0.5234741784037559
CHGV	DeepVirFinder	0.3045267489711934	0.5251330573625074
CHGV	DeepVirFinder	0.30315500685871055	0.5265038713519953
CHGV	DeepVirFinder	0.301440329218107	0.5276110444177671
CHGV	DeepVirFinder	0.2993827160493827	0.5278113663845224
CHGV	DeepVirFinder	0.29766803840877915	0.5286236297198539
CHGV	DeepVirFinder	0.2959533607681756	0.5297728667894414
CHGV	DeepVirFinder	0.294238683127572	0.5306122448979592
CHGV	DeepVirFinder	0.29252400548696844	0.5317955112219451
CHGV	DeepVirFinder	0.29012345679012347	0.5314070351758794
CHGV	DeepVirFinder	0.2884087791495199	0.5322784810126582
CHGV	DeepVirFinder	0.28669410150891633	0.5335035098915124
CHGV	DeepVirFinder	0.28532235939643347	0.535048231511254
CHGV	DeepVirFinder	0.2832647462277092	0.5356679636835279
CHGV	DeepVirFinder	0.28223593964334703	0.5379084967320261
CHGV	DeepVirFinder	0.2812071330589849	0.5401844532279315
CHGV	DeepVirFinder	0.27983539094650206	0.5421926910299003
CHGV	DeepVirFinder	0.27914951989026066	0.5452109845947756
CHGV	DeepVirFinder	0.27709190672153633	0.5459459459459459
CHGV	DeepVirFinder	0.27537722908093276	0.5470027247956403
CHGV	DeepVirFinder	0.27434842249657065	0.5494505494505495
CHGV	DeepVirFinder	0.2733196159122085	0.5523215523215523
CHGV	DeepVirFinder	0.2719478737997256	0.5541579315164221
CHGV	DeepVirFinder	0.2705761316872428	0.5564174894217208
CHGV	DeepVirFinder	0.26989026063100136	0.5597439544807966
CHGV	DeepVirFinder	0.26886145404663925	0.5624103299856528
CHGV	DeepVirFinder	0.2674897119341564	0.5648081100651702
CHGV	DeepVirFinder	0.2657750342935528	0.5661066471877283
CHGV	DeepVirFinder	0.2630315500685871	0.5656342182890856
CHGV	DeepVirFinder	0.2616598079561043	0.5677083333333334
CHGV	DeepVirFinder	0.2602880658436214	0.5698198198198198
CHGV	DeepVirFinder	0.2575445816186557	0.5693707354056103
CHGV	DeepVirFinder	0.25617283950617287	0.5715378729915838
CHGV	DeepVirFinder	0.2544581618655693	0.5734157650695518
CHGV	DeepVirFinder	0.25274348422496573	0.5748829953198128
CHGV	DeepVirFinder	0.25137174211248287	0.5771653543307087
CHGV	DeepVirFinder	0.2503429355281207	0.5807478122513922
CHGV	DeepVirFinder	0.24828532235939643	0.5815261044176707
CHGV	DeepVirFinder	0.24622770919067216	0.5827922077922078
CHGV	DeepVirFinder	0.2448559670781893	0.5852459016393443
CHGV	DeepVirFinder	0.2424554183813443	0.5852649006622517
CHGV	DeepVirFinder	0.2393689986282579	0.5841004184100418
CHGV	DeepVirFinder	0.23765432098765432	0.5857988165680473
CHGV	DeepVirFinder	0.23559670781893005	0.5871794871794872
CHGV	DeepVirFinder	0.23388203017832648	0.5889464594127807
CHGV	DeepVirFinder	0.23251028806584362	0.5916230366492147
CHGV	DeepVirFinder	0.23045267489711935	0.5931156222418358
CHGV	DeepVirFinder	0.22873799725651578	0.5950044603033007
CHGV	DeepVirFinder	0.22770919067215364	0.5992779783393501
CHGV	DeepVirFinder	0.2270233196159122	0.6040145985401459
CHGV	DeepVirFinder	0.22633744855967078	0.6094182825484764
CHGV	DeepVirFinder	0.22393689986282578	0.6097105508870215
CHGV	DeepVirFinder	0.22290809327846364	0.6137865911237016
CHGV	DeepVirFinder	0.22119341563786007	0.6166347992351816
CHGV	DeepVirFinder	0.21844993141289437	0.6160541586073501
CHGV	DeepVirFinder	0.2163923182441701	0.6180215475024485
CHGV	DeepVirFinder	0.21570644718792867	0.6233894945490585
CHGV	DeepVirFinder	0.2136488340192044	0.6248746238716149
CHGV	DeepVirFinder	0.21227709190672153	0.6290650406504065
CHGV	DeepVirFinder	0.20987654320987653	0.6296296296296297
CHGV	DeepVirFinder	0.2085048010973937	0.6339937434827946
CHGV	DeepVirFinder	0.20679012345679013	0.6367476240760296
CHGV	DeepVirFinder	0.20473251028806586	0.6385026737967915
CHGV	DeepVirFinder	0.20267489711934156	0.6409978308026031
CHGV	DeepVirFinder	0.20164609053497942	0.6461538461538462
CHGV	DeepVirFinder	0.19993141289437585	0.6499442586399108
CHGV	DeepVirFinder	0.19718792866941015	0.6497175141242938
CHGV	DeepVirFinder	0.19444444444444445	0.6494845360824743
CHGV	DeepVirFinder	0.19272976680384088	0.6534883720930232
CHGV	DeepVirFinder	0.19032921810699588	0.6544811320754716
CHGV	DeepVirFinder	0.18758573388203018	0.6550898203592814
CHGV	DeepVirFinder	0.1855281207133059	0.6573511543134872
CHGV	DeepVirFinder	0.18244170096021947	0.655980271270037
CHGV	DeepVirFinder	0.1807270233196159	0.6604010025062657
CHGV	DeepVirFinder	0.17935528120713307	0.6653944020356234
CHGV	DeepVirFinder	0.17626886145404663	0.6649417852522639
CHGV	DeepVirFinder	0.1748971193415638	0.6701708278580815
CHGV	DeepVirFinder	0.1724965706447188	0.671562082777036
CHGV	DeepVirFinder	0.17078189300411523	0.6766304347826086
CHGV	DeepVirFinder	0.16803840877914952	0.6767955801104972
CHGV	DeepVirFinder	0.16598079561042525	0.680731364275668
CHGV	DeepVirFinder	0.16392318244170095	0.6838340486409156
CHGV	DeepVirFinder	0.16152263374485595	0.6855895196506551
CHGV	DeepVirFinder	0.16015089163237312	0.6928783382789317
CHGV	DeepVirFinder	0.15912208504801098	0.7009063444108762
CHGV	DeepVirFinder	0.15569272976680384	0.699537750385208
CHGV	DeepVirFinder	0.15363511659807957	0.7032967032967034
CHGV	DeepVirFinder	0.151920438957476	0.7088
CHGV	DeepVirFinder	0.14917695473251028	0.7107843137254902
CHGV	DeepVirFinder	0.14643347050754457	0.7116666666666667
CHGV	DeepVirFinder	0.14368998628257887	0.7137989778534923
CHGV	DeepVirFinder	0.1412894375857339	0.7165217391304348
CHGV	DeepVirFinder	0.1388888888888889	0.7206405693950177
CHGV	DeepVirFinder	0.1364883401920439	0.7236363636363636
CHGV	DeepVirFinder	0.13477366255144033	0.7304832713754646
CHGV	DeepVirFinder	0.13271604938271606	0.7371428571428571
CHGV	DeepVirFinder	0.1310013717421125	0.7446393762183235
CHGV	DeepVirFinder	0.1289437585733882	0.752
CHGV	DeepVirFinder	0.12654320987654322	0.7561475409836066
CHGV	DeepVirFinder	0.12345679012345678	0.7578947368421053
CHGV	DeepVirFinder	0.11899862825788751	0.7510822510822511
CHGV	DeepVirFinder	0.11659807956104253	0.7555555555555555
CHGV	DeepVirFinder	0.1135116598079561	0.7574370709382151
CHGV	DeepVirFinder	0.11042524005486969	0.7576470588235295
CHGV	DeepVirFinder	0.10871056241426612	0.7675544794188862
CHGV	DeepVirFinder	0.10631001371742113	0.775
CHGV	DeepVirFinder	0.10425240054869685	0.7835051546391752
CHGV	DeepVirFinder	0.10150891632373114	0.7893333333333333
CHGV	DeepVirFinder	0.09910836762688614	0.7983425414364641
CHGV	DeepVirFinder	0.09705075445816186	0.8085714285714286
CHGV	DeepVirFinder	0.09362139917695474	0.8100890207715133
CHGV	DeepVirFinder	0.09122085048010974	0.8184615384615385
CHGV	DeepVirFinder	0.08710562414266118	0.8141025641025641
CHGV	DeepVirFinder	0.08401920438957476	0.8166666666666667
CHGV	DeepVirFinder	0.08058984910836763	0.8159722222222222
CHGV	DeepVirFinder	0.07716049382716049	0.8181818181818182
CHGV	DeepVirFinder	0.0747599451303155	0.8288973384030418
CHGV	DeepVirFinder	0.07167352537722908	0.836
CHGV	DeepVirFinder	0.06858710562414266	0.8403361344537815
CHGV	DeepVirFinder	0.06550068587105624	0.8451327433628318
CHGV	DeepVirFinder	0.06275720164609054	0.8591549295774648
CHGV	DeepVirFinder	0.06001371742112483	0.8706467661691543
CHGV	DeepVirFinder	0.05692729766803841	0.8829787234042553
CHGV	DeepVirFinder	0.053155006858710566	0.8806818181818182
CHGV	DeepVirFinder	0.04972565157750343	0.8841463414634146
CHGV	DeepVirFinder	0.04663923182441701	0.9006622516556292
CHGV	DeepVirFinder	0.043209876543209874	0.9064748201438849
CHGV	DeepVirFinder	0.039780521262002745	0.9206349206349206
CHGV	DeepVirFinder	0.03737997256515775	0.956140350877193
CHGV	DeepVirFinder	0.033607681755829906	0.9607843137254902
CHGV	DeepVirFinder	0.029492455418381344	0.9772727272727273
CHGV	DeepVirFinder	0.0257201646090535	0.9868421052631579
CHGV	DeepVirFinder	0.019890260631001373	0.9830508474576272
CHGV	DeepVirFinder	0.01577503429355281	1.0
CHGV	DeepVirFinder	0.0	1.0
CHGV	contrast	1.0	0.19549477071600965
CHGV	contrast	1.0	0.19556032459258266
CHGV	contrast	1.0	0.19562592244733665
CHGV	contrast	1.0	0.195691564324542
CHGV	contrast	1.0	0.19575725026852847
CHGV	contrast	1.0	0.19582298032368545
CHGV	contrast	1.0	0.19588875453446192
CHGV	contrast	0.9996570644718793	0.1959005376344086
CHGV	contrast	0.9993141289437586	0.19589915966386554
CHGV	contrast	0.9989711934156379	0.19589778076664424
CHGV	contrast	0.9986282578875172	0.19589640094180963
CHGV	contrast	0.9979423868312757	0.1958277254374159
CHGV	contrast	0.997599451303155	0.19583950451056956
CHGV	contrast	0.9972565157750343	0.19583810357599837
CHGV	contrast	0.9969135802469136	0.19584989557367108
CHGV	contrast	0.9965706447187929	0.1958484971020353
CHGV	contrast	0.9962277091906722	0.19584709768758848
CHGV	contrast	0.9958847736625515	0.19584569732937684
CHGV	contrast	0.9958847736625515	0.19592497638645257
CHGV	contrast	0.99519890260631	0.19586933045356372
CHGV	contrast	0.99519890260631	0.19593545337924514
CHGV	contrast	0.9948559670781894	0.19594731509625127
CHGV	contrast	0.9948559670781894	0.19604000540613598
CHGV	contrast	0.9945130315500685	0.19606517476844026
CHGV	contrast	0.9945130315500685	0.19613147572027595
CHGV	contrast	0.9945130315500685	0.19621109607577808
CHGV	contrast	0.9938271604938271	0.19615540814945173
CHGV	contrast	0.9934842249657064	0.19618067312250287
CHGV	contrast	0.9934842249657064	0.19624712098631622
CHGV	contrast	0.9934842249657064	0.19631361387815952
CHGV	contrast	0.9934842249657064	0.19640677966101694
CHGV	contrast	0.9931412894375857	0.19641888225718937
CHGV	contrast	0.9931412894375857	0.19649884651920208
CHGV	contrast	0.992798353909465	0.19649765831806149
CHGV	contrast	0.992798353909465	0.19657771440211855
CHGV	contrast	0.992798353909465	0.19664447765249288
CHGV	contrast	0.992798353909465	0.19671128626758172
CHGV	contrast	0.992798353909465	0.1967915165522398
CHGV	contrast	0.992798353909465	0.19685842513259894
CHGV	contrast	0.9924554183813443	0.19687074829931972
CHGV	contrast	0.9924554183813443	0.19695113651830679
CHGV	contrast	0.9924554183813443	0.19707184201566225
CHGV	contrast	0.9924554183813443	0.19713896457765667
CHGV	contrast	0.9924554183813443	0.19723301301710625
CHGV	contrast	0.9924554183813443	0.197327151234147
CHGV	contrast	0.9924554183813443	0.19739444785485302
CHGV	contrast	0.9924554183813443	0.19747526441487548
CHGV	contrast	0.9924554183813443	0.19756963407973785
CHGV	contrast	0.9924554183813443	0.1976505941811228
CHGV	contrast	0.9924554183813443	0.19771811163489786
CHGV	contrast	0.9921124828532236	0.19773084546510833
CHGV	contrast	0.9921124828532236	0.19782549234135668
CHGV	contrast	0.9921124828532236	0.19789315274642588
CHGV	contrast	0.9917695473251029	0.19789243191460243
CHGV	contrast	0.9914266117969822	0.19791880605189294
CHGV	contrast	0.9907407407407407	0.19787671232876713
CHGV	contrast	0.9907407407407407	0.19794450154162385
CHGV	contrast	0.9907407407407407	0.19805306094467676
CHGV	contrast	0.9907407407407407	0.1981345586722447
CHGV	contrast	0.9907407407407407	0.19820252469813393
CHGV	contrast	0.9907407407407407	0.19835221421215243
CHGV	contrast	0.9907407407407407	0.19844758895452672
CHGV	contrast	0.9907407407407407	0.19851576994434136
CHGV	contrast	0.9907407407407407	0.19861130207617214
CHGV	contrast	0.99039780521262	0.19861082456502305
CHGV	contrast	0.9897119341563786	0.19859620148637488
CHGV	contrast	0.9897119341563786	0.19869191049913942
CHGV	contrast	0.9893689986282579	0.19873252049321485
CHGV	contrast	0.9893689986282579	0.19880099228224918
CHGV	contrast	0.9893689986282579	0.19891064533921676
CHGV	contrast	0.9890260631001372	0.1989102696737706
CHGV	contrast	0.9890260631001372	0.19897888781564785
CHGV	contrast	0.9890260631001372	0.1990887753693221
CHGV	contrast	0.9890260631001372	0.19917127071823204
CHGV	contrast	0.9886831275720165	0.1991985075658122
CHGV	contrast	0.9886831275720165	0.19930867611475978
CHGV	contrast	0.9876543209876543	0.199252801992528
CHGV	contrast	0.9873113854595336	0.19926633444075303
CHGV	contrast	0.9873113854595336	0.19934912062041268
CHGV	contrast	0.9873113854595336	0.19944579147904398
CHGV	contrast	0.9873113854595336	0.19952872686949893
CHGV	contrast	0.9873113854595336	0.19969480474439896
CHGV	contrast	0.9869684499314129	0.19973627593864945
CHGV	contrast	0.9869684499314129	0.19983335647826692
CHGV	contrast	0.9869684499314129	0.19997220678154531
CHGV	contrast	0.9869684499314129	0.20005560962046434
CHGV	contrast	0.9869684499314129	0.20013908205841446
CHGV	contrast	0.9869684499314129	0.20025048705816867
CHGV	contrast	0.9866255144032922	0.20032028965325163
CHGV	contrast	0.9859396433470508	0.20027864855451064
CHGV	contrast	0.98559670781893	0.2003485535029627
CHGV	contrast	0.98559670781893	0.20047433035714285
CHGV	contrast	0.98559670781893	0.20058626465661641
CHGV	contrast	0.98559670781893	0.2006843097549054
CHGV	contrast	0.98559670781893	0.2007824507475199
CHGV	contrast	0.9852537722908093	0.2008248287431847
CHGV	contrast	0.9849108367626886	0.20086725416142118
CHGV	contrast	0.9849108367626886	0.2009656427121965
CHGV	contrast	0.9849108367626886	0.20105005250262514
CHGV	contrast	0.9849108367626886	0.20123318385650224
CHGV	contrast	0.9845679012345679	0.20127593942793046
CHGV	contrast	0.9845679012345679	0.2014030164854437
CHGV	contrast	0.9842249657064472	0.20153079137701005
CHGV	contrast	0.9842249657064472	0.2016582349634626
CHGV	contrast	0.9835390946502057	0.20164522252689307
CHGV	contrast	0.9835390946502057	0.20173032285292256
CHGV	contrast	0.9835390946502057	0.20182969739619985
CHGV	contrast	0.9835390946502057	0.20192916989368442
CHGV	contrast	0.9835390946502057	0.2020856820744081
CHGV	contrast	0.983196159122085	0.20212915961646927
CHGV	contrast	0.983196159122085	0.20222896240389363
CHGV	contrast	0.9828532235939643	0.2023011223265335
CHGV	contrast	0.9828532235939643	0.20237254625052958
CHGV	contrast	0.9828532235939643	0.2024726245143059
CHGV	contrast	0.9828532235939643	0.20260144210377493
CHGV	contrast	0.9828532235939643	0.20271608431178384
CHGV	contrast	0.9828532235939643	0.2028452119753698
CHGV	contrast	0.9828532235939643	0.202931388515188
CHGV	contrast	0.9825102880658436	0.20293242668933276
CHGV	contrast	0.9825102880658436	0.2030474840538625
CHGV	contrast	0.9818244170096022	0.20302084810665155
CHGV	contrast	0.9814814814814815	0.20312278211497517
CHGV	contrast	0.9814814814814815	0.2032093155353593
CHGV	contrast	0.9814814814814815	0.20335370186158874
CHGV	contrast	0.9811385459533608	0.20349953766270718
CHGV	contrast	0.9811385459533608	0.20362989323843417
CHGV	contrast	0.9811385459533608	0.2037168897749929
CHGV	contrast	0.9811385459533608	0.20380396067815928
CHGV	contrast	0.9811385459533608	0.20393470667902203
CHGV	contrast	0.9811385459533608	0.2041238584474886
CHGV	contrast	0.9811385459533608	0.20422585480762367
CHGV	contrast	0.9811385459533608	0.20434254696093135
CHGV	contrast	0.9811385459533608	0.20448859981416626
CHGV	contrast	0.9811385459533608	0.20460559250518487
CHGV	contrast	0.9811385459533608	0.20470807097882082
CHGV	contrast	0.9811385459533608	0.20479599141016464
CHGV	contrast	0.9811385459533608	0.20489866074625795
CHGV	contrast	0.9811385459533608	0.20501612325331423
CHGV	contrast	0.9807956104252401	0.20506202050620206
CHGV	contrast	0.9804526748971193	0.20512268618166166
CHGV	contrast	0.9804526748971193	0.2051962965621187
CHGV	contrast	0.9804526748971193	0.20531418312387792
CHGV	contrast	0.9804526748971193	0.2054174450352062
CHGV	contrast	0.9804526748971193	0.20555036307426847
CHGV	contrast	0.9801097393689986	0.20564109943876815
CHGV	contrast	0.9801097393689986	0.20571510832793494
CHGV	contrast	0.9801097393689986	0.20587811554531046
CHGV	contrast	0.9801097393689986	0.20598198198198198
CHGV	contrast	0.9801097393689986	0.20613054453660296
CHGV	contrast	0.9801097393689986	0.2062049062049062
CHGV	contrast	0.9801097393689986	0.20633889249873655
CHGV	contrast	0.9801097393689986	0.20641340459338436
CHGV	contrast	0.9801097393689986	0.2065028901734104
CHGV	contrast	0.9794238683127572	0.20653746022562916
CHGV	contrast	0.9794238683127572	0.20667197336999782
CHGV	contrast	0.9794238683127572	0.20688156465048896
CHGV	contrast	0.9794238683127572	0.2069715196753388
CHGV	contrast	0.9794238683127572	0.20716669084578557
CHGV	contrast	0.9794238683127572	0.20727193555410406
CHGV	contrast	0.9794238683127572	0.2074074074074074
CHGV	contrast	0.9794238683127572	0.20752797558494404
CHGV	contrast	0.9794238683127572	0.20773930753564154
CHGV	contrast	0.9794238683127572	0.20789052263793856
CHGV	contrast	0.9794238683127572	0.20804195804195805
CHGV	contrast	0.9790809327846365	0.20807521317688216
CHGV	contrast	0.9790809327846365	0.20824215900802334
CHGV	contrast	0.9787379972565158	0.20829076047292366
CHGV	contrast	0.9787379972565158	0.2083820093457944
CHGV	contrast	0.9783950617283951	0.2084155161078238
CHGV	contrast	0.9783950617283951	0.2086288848263254
CHGV	contrast	0.9783950617283951	0.20872046236008487
CHGV	contrast	0.9783950617283951	0.20884269087182492
CHGV	contrast	0.9783950617283951	0.2089497583125824
CHGV	contrast	0.9783950617283951	0.2090263022932083
CHGV	contrast	0.9783950617283951	0.2091488893776116
CHGV	contrast	0.9780521262002744	0.20927502201350162
CHGV	contrast	0.9780521262002744	0.20942869731238067
CHGV	contrast	0.9780521262002744	0.20952101087275932
CHGV	contrast	0.9780521262002744	0.20962881293642044
CHGV	contrast	0.977366255144033	0.20965131675739296
CHGV	contrast	0.9770233196159122	0.20984017087721882
CHGV	contrast	0.9770233196159122	0.20997936320754718
CHGV	contrast	0.9770233196159122	0.21008775164073445
CHGV	contrast	0.9770233196159122	0.21024278651022066
CHGV	contrast	0.9770233196159122	0.2103359173126615
CHGV	contrast	0.9766803840877915	0.21043298359686716
CHGV	contrast	0.9763374485596708	0.210561349012647
CHGV	contrast	0.9763374485596708	0.21065482796892343
CHGV	contrast	0.97599451303155	0.2107679774864845
CHGV	contrast	0.97599451303155	0.21092418290965687
CHGV	contrast	0.97599451303155	0.21106496588549392
CHGV	contrast	0.9756515775034293	0.2111473949829301
CHGV	contrast	0.9756515775034293	0.21128852580764945
CHGV	contrast	0.9753086419753086	0.21138694811951836
CHGV	contrast	0.9753086419753086	0.2114969881758013
CHGV	contrast	0.9753086419753086	0.2116858950502419
CHGV	contrast	0.9753086419753086	0.2118435754189944
CHGV	contrast	0.9749657064471879	0.21189535663710218
CHGV	contrast	0.9749657064471879	0.2120375894988067
CHGV	contrast	0.9749657064471879	0.2121641791044776
CHGV	contrast	0.9749657064471879	0.21227506906592997
CHGV	contrast	0.9749657064471879	0.21244955910925123
CHGV	contrast	0.9746227709190672	0.21251775966499664
CHGV	contrast	0.9746227709190672	0.21269271067205509
CHGV	contrast	0.9746227709190672	0.21283606680146783
CHGV	contrast	0.9746227709190672	0.21294769968529897
CHGV	contrast	0.9746227709190672	0.21305944973386312
CHGV	contrast	0.9746227709190672	0.2132033008252063
CHGV	contrast	0.9746227709190672	0.21350762527233116
CHGV	contrast	0.9742798353909465	0.21362508459282653
CHGV	contrast	0.9742798353909465	0.21370543102151346
CHGV	contrast	0.9742798353909465	0.21380192655027092
CHGV	contrast	0.9742798353909465	0.2139790615349853
CHGV	contrast	0.9742798353909465	0.21409193669932178
CHGV	contrast	0.9742798353909465	0.21430187825299843
CHGV	contrast	0.9742798353909465	0.2145284301140225
CHGV	contrast	0.9739368998628258	0.21464741894036732
CHGV	contrast	0.9739368998628258	0.21480977233189621
CHGV	contrast	0.9739368998628258	0.21500492088727383
CHGV	contrast	0.9739368998628258	0.21510262819056275
CHGV	contrast	0.9739368998628258	0.2153309576161953
CHGV	contrast	0.9739368998628258	0.21546164934375236
CHGV	contrast	0.9739368998628258	0.21564160971905846
CHGV	contrast	0.9739368998628258	0.21577267892417565
CHGV	contrast	0.9739368998628258	0.21588749524895476
CHGV	contrast	0.9739368998628258	0.21608460777600244
CHGV	contrast	0.9739368998628258	0.21618329907893735
CHGV	contrast	0.9739368998628258	0.2163644674691452
CHGV	contrast	0.9739368998628258	0.21666158071406774
CHGV	contrast	0.9739368998628258	0.21677734524082132
CHGV	contrast	0.9739368998628258	0.21689323354208034
CHGV	contrast	0.9739368998628258	0.21700924581645908
CHGV	contrast	0.9735939643347051	0.217131931166348
CHGV	contrast	0.9735939643347051	0.21726486569220174
CHGV	contrast	0.9735939643347051	0.217364673455325
CHGV	contrast	0.9732510288065843	0.21748793010958695
CHGV	contrast	0.9729080932784636	0.21756134969325153
CHGV	contrast	0.9725651577503429	0.21766827845575254
CHGV	contrast	0.9725651577503429	0.2178689406161174
CHGV	contrast	0.9725651577503429	0.21801968019680196
CHGV	contrast	0.9725651577503429	0.21822099107417667
CHGV	contrast	0.9725651577503429	0.2183049803710261
CHGV	contrast	0.9725651577503429	0.21842267406038202
CHGV	contrast	0.9725651577503429	0.21860787790025438
CHGV	contrast	0.9725651577503429	0.21869216533004318
CHGV	contrast	0.9725651577503429	0.21882716049382717
CHGV	contrast	0.9725651577503429	0.2189623224212477
CHGV	contrast	0.9725651577503429	0.21908072614909233
CHGV	contrast	0.9725651577503429	0.21935184469023125
CHGV	contrast	0.9725651577503429	0.21947067017489552
CHGV	contrast	0.9722222222222222	0.21959721146398142
CHGV	contrast	0.9722222222222222	0.21975040694519804
CHGV	contrast	0.9722222222222222	0.21990381632019856
CHGV	contrast	0.9722222222222222	0.220023282887078
CHGV	contrast	0.9718792866941015	0.2202020202020202
CHGV	contrast	0.9718792866941015	0.22037325038880248
CHGV	contrast	0.9718792866941015	0.22049327005368397
CHGV	contrast	0.9718792866941015	0.22064777327935223
CHGV	contrast	0.9718792866941015	0.22087132725430597
CHGV	contrast	0.9718792866941015	0.22099189020586402
CHGV	contrast	0.9718792866941015	0.22111258484824842
CHGV	contrast	0.9718792866941015	0.22128523463730773
CHGV	contrast	0.9718792866941015	0.2214581542549035
CHGV	contrast	0.9715363511659808	0.2217265398763403
CHGV	contrast	0.9715363511659808	0.22184808144087706
CHGV	contrast	0.9711934156378601	0.22199576702986595
CHGV	contrast	0.9711934156378601	0.22223966099034764
CHGV	contrast	0.9711934156378601	0.22237926972909305
CHGV	contrast	0.9711934156378601	0.22250157133878065
CHGV	contrast	0.9711934156378601	0.22264150943396227
CHGV	contrast	0.9711934156378601	0.22278162366268092
CHGV	contrast	0.9711934156378601	0.22311510281257385
CHGV	contrast	0.9711934156378601	0.22327341532639547
CHGV	contrast	0.9711934156378601	0.22346721376154027
CHGV	contrast	0.9711934156378601	0.22357306386674036
CHGV	contrast	0.9711934156378601	0.22382043784082825
CHGV	contrast	0.9711934156378601	0.22394433022299542
CHGV	contrast	0.9711934156378601	0.22419252691576946
CHGV	contrast	0.9711934156378601	0.22428130197196483
CHGV	contrast	0.9708504801097394	0.22445096329184175
CHGV	contrast	0.9705075445816187	0.2245140817136057
CHGV	contrast	0.970164609053498	0.22459510955859002
CHGV	contrast	0.970164609053498	0.22471999364524584
CHGV	contrast	0.970164609053498	0.22488076311605723
CHGV	contrast	0.970164609053498	0.22497017892644136
CHGV	contrast	0.970164609053498	0.22511339221771307
CHGV	contrast	0.9698216735253772	0.22524890481879728
CHGV	contrast	0.9698216735253772	0.22537456168313674
CHGV	contrast	0.9698216735253772	0.22557230597431602
CHGV	contrast	0.9698216735253772	0.22577039757304806
CHGV	contrast	0.9698216735253772	0.2258785942492013
CHGV	contrast	0.9698216735253772	0.22609529900863448
CHGV	contrast	0.9698216735253772	0.22625810064805185
CHGV	contrast	0.9698216735253772	0.22640301016732048
CHGV	contrast	0.9698216735253772	0.2266025641025641
CHGV	contrast	0.9694787379972565	0.2267404555662496
CHGV	contrast	0.9694787379972565	0.22690424592663938
CHGV	contrast	0.9694787379972565	0.227159501807955
CHGV	contrast	0.9694787379972565	0.22726907307661387
CHGV	contrast	0.9694787379972565	0.22750684049573475
CHGV	contrast	0.9694787379972565	0.2276534063456273
CHGV	contrast	0.9694787379972565	0.2278919790407094
CHGV	contrast	0.9694787379972565	0.22803904170363798
CHGV	contrast	0.9691358024691358	0.2281608267398676
CHGV	contrast	0.9691358024691358	0.22832673507311949
CHGV	contrast	0.9687928669410151	0.22844897299045772
CHGV	contrast	0.9684499314128944	0.22855292975072838
CHGV	contrast	0.9684499314128944	0.22868248441169325
CHGV	contrast	0.9684499314128944	0.2289605967245014
CHGV	contrast	0.9681069958847737	0.2291396103896104
CHGV	contrast	0.9681069958847737	0.22928849902534112
CHGV	contrast	0.9681069958847737	0.22945623018775907
CHGV	contrast	0.9681069958847737	0.2295681873627714
CHGV	contrast	0.9681069958847737	0.22977372619241412
CHGV	contrast	0.9681069958847737	0.22996089931573802
CHGV	contrast	0.967764060356653	0.23012313463263476
CHGV	contrast	0.967764060356653	0.2302357836338419
CHGV	contrast	0.9670781893004116	0.23039215686274508
CHGV	contrast	0.9670781893004116	0.23067484662576687
CHGV	contrast	0.9670781893004116	0.23084479371316308
CHGV	contrast	0.9670781893004116	0.23107177974434612
CHGV	contrast	0.9667352537722909	0.23129307515589104
CHGV	contrast	0.9667352537722909	0.231425991297923
CHGV	contrast	0.9667352537722909	0.2315971081169898
CHGV	contrast	0.9667352537722909	0.23186379338707025
CHGV	contrast	0.9667352537722909	0.23195918703200855
CHGV	contrast	0.9667352537722909	0.232092870080685
CHGV	contrast	0.9667352537722909	0.23220757825370675
CHGV	contrast	0.9667352537722909	0.232341547844721
CHGV	contrast	0.9667352537722909	0.23264834529999176
CHGV	contrast	0.9667352537722909	0.23284050549269017
CHGV	contrast	0.9667352537722909	0.2329944623522605
CHGV	contrast	0.9667352537722909	0.23311006367319936
CHGV	contrast	0.96639231824417	0.23331677430038086
CHGV	contrast	0.96639231824417	0.23358753315649866
CHGV	contrast	0.96639231824417	0.23376192451265035
CHGV	contrast	0.96639231824417	0.2338977423638778
CHGV	contrast	0.96639231824417	0.23407259739180994
CHGV	contrast	0.96639231824417	0.23428666444961757
CHGV	contrast	0.96639231824417	0.234579205860318
CHGV	contrast	0.96639231824417	0.2347159753456605
CHGV	contrast	0.96639231824417	0.2348529044087007
CHGV	contrast	0.96639231824417	0.23512724238631622
CHGV	contrast	0.96639231824417	0.23524501210451623
CHGV	contrast	0.96639231824417	0.23536289985801387
CHGV	contrast	0.96639231824417	0.2355596422302098
CHGV	contrast	0.9660493827160493	0.23583089158643783
CHGV	contrast	0.9660493827160493	0.23594940949828294
CHGV	contrast	0.9657064471879286	0.23604358759430008
CHGV	contrast	0.9653635116598079	0.23621716875052445
CHGV	contrast	0.9650205761316872	0.2364904613833095
CHGV	contrast	0.9650205761316872	0.23660977045320777
CHGV	contrast	0.9650205761316872	0.23688862698880378
CHGV	contrast	0.9650205761316872	0.237108190091001
CHGV	contrast	0.9650205761316872	0.23724812410420706
CHGV	contrast	0.9650205761316872	0.23736819907212148
CHGV	contrast	0.9650205761316872	0.23766891891891892
CHGV	contrast	0.9646776406035665	0.23792607629197327
CHGV	contrast	0.9643347050754458	0.23802268495005924
CHGV	contrast	0.9636488340192044	0.2382163445235673
CHGV	contrast	0.9636488340192044	0.2383375742154368
CHGV	contrast	0.9636488340192044	0.2386209239130435
CHGV	contrast	0.9636488340192044	0.23884402889927753
CHGV	contrast	0.9636488340192044	0.2391082368958475
CHGV	contrast	0.9636488340192044	0.23941381954502855
CHGV	contrast	0.9636488340192044	0.23951585407432663
CHGV	contrast	0.9636488340192044	0.2398020139955624
CHGV	contrast	0.9636488340192044	0.24008885850991113
CHGV	contrast	0.9636488340192044	0.2402325382576729
CHGV	contrast	0.9633058984910837	0.2405583625931318
CHGV	contrast	0.9633058984910837	0.2406614119259767
CHGV	contrast	0.9633058984910837	0.24092975383823656
CHGV	contrast	0.9633058984910837	0.24105380588689607
CHGV	contrast	0.9633058984910837	0.2413437580548157
CHGV	contrast	0.9633058984910837	0.24155129417834723
CHGV	contrast	0.9633058984910837	0.24175918753765385
CHGV	contrast	0.9629629629629629	0.24196467040068936
CHGV	contrast	0.9629629629629629	0.2421107087428867
CHGV	contrast	0.9626200274348422	0.24225425045309398
CHGV	contrast	0.9626200274348422	0.24244256348246676
CHGV	contrast	0.9626200274348422	0.2427360774818402
CHGV	contrast	0.9622770919067215	0.2429647588535804
CHGV	contrast	0.9622770919067215	0.24321747421340037
CHGV	contrast	0.9619341563786008	0.24325730639146648
CHGV	contrast	0.9609053497942387	0.24331365057311566
CHGV	contrast	0.9609053497942387	0.2434193380244983
CHGV	contrast	0.9609053497942387	0.24371575193528747
CHGV	contrast	0.9609053497942387	0.24386422976501307
CHGV	contrast	0.960562414266118	0.24396829544464768
CHGV	contrast	0.960562414266118	0.2440958605664488
CHGV	contrast	0.9602194787379973	0.24430677951313148
CHGV	contrast	0.9602194787379973	0.2444774294944556
CHGV	contrast	0.9602194787379973	0.24473385193601957
CHGV	contrast	0.9602194787379973	0.24488368025188037
CHGV	contrast	0.9602194787379973	0.24509803921568626
CHGV	contrast	0.9602194787379973	0.2452697967764541
CHGV	contrast	0.9602194787379973	0.24548483254427494
CHGV	contrast	0.9602194787379973	0.24561403508771928
CHGV	contrast	0.9602194787379973	0.24582967515364354
CHGV	contrast	0.9602194787379973	0.2460456942003515
CHGV	contrast	0.9602194787379973	0.24628375406807987
CHGV	contrast	0.9602194787379973	0.24656569214512153
CHGV	contrast	0.9598765432098766	0.24691249117854622
CHGV	contrast	0.9598765432098766	0.24708686440677965
CHGV	contrast	0.9598765432098766	0.24723964314106528
CHGV	contrast	0.9598765432098766	0.24754576810825152
CHGV	contrast	0.9595336076817559	0.24769830028328613
CHGV	contrast	0.9595336076817559	0.2478518912215431
CHGV	contrast	0.9595336076817559	0.24820367249179456
CHGV	contrast	0.9595336076817559	0.24853437555516078
CHGV	contrast	0.9595336076817559	0.24866690366157126
CHGV	contrast	0.9595336076817559	0.24891023930255315
CHGV	contrast	0.9595336076817559	0.24919843249020307
CHGV	contrast	0.9595336076817559	0.24937611408199645
CHGV	contrast	0.9595336076817559	0.249687667321078
CHGV	contrast	0.9591906721536351	0.24982136477313327
CHGV	contrast	0.9591906721536351	0.25013414416025753
CHGV	contrast	0.9591906721536351	0.2505150022391402
CHGV	contrast	0.9591906721536351	0.2507845422756209
CHGV	contrast	0.9585048010973937	0.2508076094759512
CHGV	contrast	0.9571330589849109	0.25089895720963684
CHGV	contrast	0.9567901234567902	0.25105732025555655
CHGV	contrast	0.9567901234567902	0.25132870912530403
CHGV	contrast	0.9564471879286695	0.2515785675626917
CHGV	contrast	0.9564471879286695	0.25173752143695277
CHGV	contrast	0.9564471879286695	0.25191942913919246
CHGV	contrast	0.9564471879286695	0.2523068572462457
CHGV	contrast	0.9564471879286695	0.25255818165353616
CHGV	contrast	0.9564471879286695	0.2527641834330252
CHGV	contrast	0.9564471879286695	0.2529705215419501
CHGV	contrast	0.9564471879286695	0.25324616362480706
CHGV	contrast	0.9564471879286695	0.253430258973194
CHGV	contrast	0.9564471879286695	0.25382235165635236
CHGV	contrast	0.9564471879286695	0.25414616365955894
CHGV	contrast	0.9561042524005487	0.2542171970456825
CHGV	contrast	0.9561042524005487	0.2545653761869978
CHGV	contrast	0.9561042524005487	0.25491451037761725
CHGV	contrast	0.9561042524005487	0.25526460355246294
CHGV	contrast	0.9557613168724279	0.2555005500550055
CHGV	contrast	0.9557613168724279	0.25571153316818057
CHGV	contrast	0.9557613168724279	0.2561345464571271
CHGV	contrast	0.9557613168724279	0.25651173492867
CHGV	contrast	0.9557613168724279	0.25677169707020453
CHGV	contrast	0.9557613168724279	0.256984785615491
CHGV	contrast	0.9557613168724279	0.2573882526782416
CHGV	contrast	0.9557613168724279	0.2577453065754185
CHGV	contrast	0.9557613168724279	0.25791227096057745
CHGV	contrast	0.9557613168724279	0.2582468495181616
CHGV	contrast	0.9557613168724279	0.25853432282003713
CHGV	contrast	0.9557613168724279	0.2589667348076566
CHGV	contrast	0.9554183813443072	0.2591627906976744
CHGV	contrast	0.9554183813443072	0.25937994600130343
CHGV	contrast	0.9550754458161865	0.25960104399701717
CHGV	contrast	0.9550754458161865	0.25974631598582354
CHGV	contrast	0.9550754458161865	0.25996452907682255
CHGV	contrast	0.9550754458161865	0.2603533701037674
CHGV	contrast	0.9547325102880658	0.26062535105785434
CHGV	contrast	0.9547325102880658	0.2610407876230661
CHGV	contrast	0.9547325102880658	0.26116322701688555
CHGV	contrast	0.9547325102880658	0.26165413533834586
CHGV	contrast	0.9547325102880658	0.26197421661804837
CHGV	contrast	0.9543895747599451	0.2623739040256434
CHGV	contrast	0.9543895747599451	0.26257194074912726
CHGV	contrast	0.9540466392318244	0.26282475200755784
CHGV	contrast	0.953360768175583	0.2629836344716678
CHGV	contrast	0.9530178326474623	0.2631379604204147
CHGV	contrast	0.9526748971193416	0.26334249691913925
CHGV	contrast	0.9526748971193416	0.2636674259681093
CHGV	contrast	0.9523319615912208	0.26392320851549134
CHGV	contrast	0.9519890260631001	0.2640791476407915
CHGV	contrast	0.9519890260631001	0.26428027418126426
CHGV	contrast	0.9516460905349794	0.26461333079050253
CHGV	contrast	0.9516460905349794	0.26479007633587787
CHGV	contrast	0.9516460905349794	0.26501766784452296
CHGV	contrast	0.9516460905349794	0.2654232424677188
CHGV	contrast	0.9516460905349794	0.2656773575873624
CHGV	contrast	0.9516460905349794	0.2659319597508385
CHGV	contrast	0.9506172839506173	0.2661290322580645
CHGV	contrast	0.9506172839506173	0.26628242074927955
CHGV	contrast	0.9506172839506173	0.2666410157752982
CHGV	contrast	0.9499314128943759	0.26685934489402696
CHGV	contrast	0.9499314128943759	0.26714244382293373
CHGV	contrast	0.9499314128943759	0.2673487115143326
CHGV	contrast	0.9495884773662552	0.2674328761831176
CHGV	contrast	0.9495884773662552	0.2678467788740569
CHGV	contrast	0.9495884773662552	0.26808016264885276
CHGV	contrast	0.9495884773662552	0.26841799146956186
CHGV	contrast	0.9495884773662552	0.2685481524585394
CHGV	contrast	0.9495884773662552	0.2689655172413793
CHGV	contrast	0.9495884773662552	0.26922702965483714
CHGV	contrast	0.9495884773662552	0.2695677570093458
CHGV	contrast	0.9492455418381345	0.2698381750828622
CHGV	contrast	0.9492455418381345	0.2700487804878049
CHGV	contrast	0.948559670781893	0.27019634658591385
CHGV	contrast	0.948559670781893	0.2707782672540382
CHGV	contrast	0.948559670781893	0.27093740816926243
CHGV	contrast	0.948559670781893	0.2713626998920828
CHGV	contrast	0.948559670781893	0.2717626252701906
CHGV	contrast	0.948559670781893	0.27189619581244473
CHGV	contrast	0.948559670781893	0.27232450526730334
CHGV	contrast	0.948559670781893	0.2726735015772871
CHGV	contrast	0.9478737997256516	0.27282597966637057
CHGV	contrast	0.9478737997256516	0.2729606952399763
CHGV	contrast	0.9475308641975309	0.2732937685459941
CHGV	contrast	0.9471879286694102	0.2734382734382734
CHGV	contrast	0.9471879286694102	0.2736007924715206
CHGV	contrast	0.946159122085048	0.27390052615903904
CHGV	contrast	0.946159122085048	0.2743362831858407
CHGV	contrast	0.946159122085048	0.274800796812749
CHGV	contrast	0.946159122085048	0.274965118596771
CHGV	contrast	0.9454732510288066	0.2753420553280735
CHGV	contrast	0.9454732510288066	0.27558976409436226
CHGV	contrast	0.9451303155006858	0.275931117340809
CHGV	contrast	0.9451303155006858	0.27606931784032857
CHGV	contrast	0.9451303155006858	0.2764292878635908
CHGV	contrast	0.9451303155006858	0.2769014367527379
CHGV	contrast	0.9447873799725651	0.2770793523081565
CHGV	contrast	0.9447873799725651	0.2776378111458228
CHGV	contrast	0.9447873799725651	0.2778618255168936
CHGV	contrast	0.9444444444444444	0.2780413932357395
CHGV	contrast	0.9444444444444444	0.27846309403437813
CHGV	contrast	0.9444444444444444	0.2786885245901639
CHGV	contrast	0.9434156378600823	0.2791476407914764
CHGV	contrast	0.9430727023319616	0.2797558494404883
CHGV	contrast	0.9430727023319616	0.28015484922575384
CHGV	contrast	0.9430727023319616	0.28044054660411993
CHGV	contrast	0.9430727023319616	0.2811286035575547
CHGV	contrast	0.9430727023319616	0.28141629144494473
CHGV	contrast	0.9430727023319616	0.2816757144320393
CHGV	contrast	0.9430727023319616	0.28216704288939054
CHGV	contrast	0.9430727023319616	0.2824568611339359
CHGV	contrast	0.9427297668038409	0.2828771352130068
CHGV	contrast	0.9427297668038409	0.283022753011428
CHGV	contrast	0.9427297668038409	0.28340206185567013
CHGV	contrast	0.9423868312757202	0.28362060068118483
CHGV	contrast	0.9423868312757202	0.2839136274408513
CHGV	contrast	0.9423868312757202	0.2842366570128258
CHGV	contrast	0.9417009602194787	0.2844122216468151
CHGV	contrast	0.9417009602194787	0.2850617668431434
CHGV	contrast	0.9417009602194787	0.2852987012987013
CHGV	contrast	0.941358024691358	0.28563995837669093
CHGV	contrast	0.941358024691358	0.2857886517438834
CHGV	contrast	0.9406721536351166	0.286265915257775
CHGV	contrast	0.9406721536351166	0.28653504648490546
CHGV	contrast	0.9406721536351166	0.28692468619246864
CHGV	contrast	0.9406721536351166	0.28722513089005236
CHGV	contrast	0.9406721536351166	0.28752620545073376
CHGV	contrast	0.9406721536351166	0.28803948335608526
CHGV	contrast	0.9403292181069959	0.2882371491643015
CHGV	contrast	0.9403292181069959	0.288510101010101
CHGV	contrast	0.9399862825788752	0.2886782517114271
CHGV	contrast	0.9399862825788752	0.2889521399957833
CHGV	contrast	0.9399862825788752	0.2894097772146553
CHGV	contrast	0.9399862825788752	0.2898382150787776
CHGV	contrast	0.9399862825788752	0.2902371876323592
CHGV	contrast	0.9399862825788752	0.2904832556167868
CHGV	contrast	0.9393004115226338	0.2912900138253749
CHGV	contrast	0.9393004115226338	0.29160012775471095
CHGV	contrast	0.9389574759945131	0.2920844890121613
CHGV	contrast	0.9389574759945131	0.29227156276686594
CHGV	contrast	0.9382716049382716	0.29271423986305767
CHGV	contrast	0.9382716049382716	0.29302773910249547
CHGV	contrast	0.9375857338820301	0.2930646371529639
CHGV	contrast	0.9372427983539094	0.2935237890666953
CHGV	contrast	0.9372427983539094	0.29377620122541115
CHGV	contrast	0.9372427983539094	0.2941556344849855
CHGV	contrast	0.9372427983539094	0.2945995472674356
CHGV	contrast	0.9372427983539094	0.29488562796719897
CHGV	contrast	0.9372427983539094	0.2954275213490433
CHGV	contrast	0.936556927297668	0.29578685151088485
CHGV	contrast	0.936556927297668	0.29607545533391155
CHGV	contrast	0.9358710562414266	0.29666268072616586
CHGV	contrast	0.9358710562414266	0.29698552617259766
CHGV	contrast	0.9358710562414266	0.29721193639729904
CHGV	contrast	0.9358710562414266	0.29792576419213973
CHGV	contrast	0.9358710562414266	0.2982513661202186
CHGV	contrast	0.9358710562414266	0.2985450169565693
CHGV	contrast	0.9358710562414266	0.29890470974808325
CHGV	contrast	0.9358710562414266	0.2994951712028095
CHGV	contrast	0.9358710562414266	0.2998242144583608
CHGV	contrast	0.9358710562414266	0.3001869981300187
CHGV	contrast	0.9358710562414266	0.30084885900121267
CHGV	contrast	0.9358710562414266	0.3013471731448763
CHGV	contrast	0.9358710562414266	0.3016136162687887
CHGV	contrast	0.9358710562414266	0.3020141655599823
CHGV	contrast	0.9358710562414266	0.30258343497061757
CHGV	contrast	0.9358710562414266	0.3030538589672404
CHGV	contrast	0.9358710562414266	0.3036608434405252
CHGV	contrast	0.9351851851851852	0.30404727394358344
CHGV	contrast	0.9348422496570644	0.3041731756304396
CHGV	contrast	0.9344993141289437	0.3047416685305301
CHGV	contrast	0.9344993141289437	0.30501455115289905
CHGV	contrast	0.9338134430727023	0.30516642384848147
CHGV	contrast	0.9334705075445816	0.30532809871003924
CHGV	contrast	0.9334705075445816	0.30587706483874594
CHGV	contrast	0.9334705075445816	0.30608343641066005
CHGV	contrast	0.9334705075445816	0.30656605473589366
CHGV	contrast	0.9334705075445816	0.3070155650800812
CHGV	contrast	0.9334705075445816	0.30739695087521174
CHGV	contrast	0.9327846364883402	0.3079012904686439
CHGV	contrast	0.9320987654320988	0.30802357207615594
CHGV	contrast	0.9314128943758574	0.30839105257181787
CHGV	contrast	0.9303840877914952	0.308646188850967
CHGV	contrast	0.9296982167352538	0.3091572585243471
CHGV	contrast	0.9296982167352538	0.30947488584474886
CHGV	contrast	0.9296982167352538	0.31004117108874657
CHGV	contrast	0.9296982167352538	0.3103250915750916
CHGV	contrast	0.9296982167352538	0.3106807242722897
CHGV	contrast	0.9296982167352538	0.3110014913387633
CHGV	contrast	0.9293552812071331	0.31156587721315243
CHGV	contrast	0.9293552812071331	0.3121760165879507
CHGV	contrast	0.9290123456790124	0.31249279040258393
CHGV	contrast	0.928326474622771	0.31320143468703
CHGV	contrast	0.928326474622771	0.3136732329084589
CHGV	contrast	0.9279835390946503	0.31399396611742864
CHGV	contrast	0.9279835390946503	0.3145780051150895
CHGV	contrast	0.9272976680384087	0.3151147884861904
CHGV	contrast	0.926954732510288	0.31547619047619047
CHGV	contrast	0.9262688614540466	0.3161652815170315
CHGV	contrast	0.9259259259259259	0.31638153269275837
CHGV	contrast	0.9255829903978052	0.31678403755868545
CHGV	contrast	0.9252400548696845	0.3173370971536109
CHGV	contrast	0.9252400548696845	0.31767337807606266
CHGV	contrast	0.9252400548696845	0.3183105238319962
CHGV	contrast	0.9245541838134431	0.3187137959569689
CHGV	contrast	0.9245541838134431	0.31894002129421506
CHGV	contrast	0.9245541838134431	0.3192421551213736
CHGV	contrast	0.9242112482853223	0.3196536591151702
CHGV	contrast	0.9242112482853223	0.3202233840304182
CHGV	contrast	0.9242112482853223	0.3210244192972007
CHGV	contrast	0.9238683127572016	0.3212497018840925
CHGV	contrast	0.9238683127572016	0.32213320578739685
CHGV	contrast	0.9235253772290809	0.3225922376617154
CHGV	contrast	0.9231824417009602	0.32289792491303826
CHGV	contrast	0.9231824417009602	0.32375225496091403
CHGV	contrast	0.9228395061728395	0.3246079613992762
CHGV	contrast	0.9228395061728395	0.32507852138197635
CHGV	contrast	0.9228395061728395	0.3255110681020927
CHGV	contrast	0.9228395061728395	0.32645881353876016
CHGV	contrast	0.9224965706447188	0.32661486158329284
CHGV	contrast	0.9224965706447188	0.32701191344517383
CHGV	contrast	0.9224965706447188	0.32725060827250607
CHGV	contrast	0.9224965706447188	0.32800877941714424
CHGV	contrast	0.9221536351165981	0.3282871444268099
CHGV	contrast	0.9221536351165981	0.3291712571918227
CHGV	contrast	0.9221536351165981	0.3295343137254902
CHGV	contrast	0.9221536351165981	0.3300601448385909
CHGV	contrast	0.9221536351165981	0.3308316929133858
CHGV	contrast	0.921124828532236	0.33156400444389583
CHGV	contrast	0.9207818930041153	0.3323431117712588
CHGV	contrast	0.9204389574759945	0.3328785811732606
CHGV	contrast	0.9197530864197531	0.33345766505035435
CHGV	contrast	0.9197530864197531	0.33391434262948205
CHGV	contrast	0.9194101508916324	0.3346648358507053
CHGV	contrast	0.9190672153635117	0.3354192740926158
CHGV	contrast	0.9190672153635117	0.3358395989974937
CHGV	contrast	0.9190672153635117	0.336556574155469
CHGV	contrast	0.9190672153635117	0.33702213279678067
CHGV	contrast	0.918724279835391	0.3378310214375788
CHGV	contrast	0.9183813443072703	0.3380459479929311
CHGV	contrast	0.9183813443072703	0.33825944170771755
CHGV	contrast	0.9176954732510288	0.3391634980988593
CHGV	contrast	0.9176954732510288	0.3395939086294416
CHGV	contrast	0.9176954732510288	0.3400254129606099
CHGV	contrast	0.9173525377229081	0.34037409339610636
CHGV	contrast	0.9170096021947873	0.3411149381298635
CHGV	contrast	0.9170096021947873	0.3415942769545222
CHGV	contrast	0.9170096021947873	0.341987466427932
CHGV	contrast	0.9166666666666666	0.3422973492124472
CHGV	contrast	0.9159807956104252	0.3428754813863928
CHGV	contrast	0.9156378600823045	0.3434525340879856
CHGV	contrast	0.9152949245541838	0.34381038258405255
CHGV	contrast	0.9149519890260631	0.3443024906439541
CHGV	contrast	0.9146090534979424	0.3445736434108527
CHGV	contrast	0.9128943758573388	0.34490800725576576
CHGV	contrast	0.9128943758573388	0.34598388354562
CHGV	contrast	0.9128943758573388	0.34688558769872296
CHGV	contrast	0.9125514403292181	0.3477067816542532
CHGV	contrast	0.9125514403292181	0.34848088004190675
CHGV	contrast	0.9118655692729767	0.3487670514165792
CHGV	contrast	0.9111796982167353	0.34932947672889825
CHGV	contrast	0.9104938271604939	0.35003295978905735
CHGV	contrast	0.9104938271604939	0.3506339144215531
CHGV	contrast	0.9104938271604939	0.35137638962413975
CHGV	contrast	0.9104938271604939	0.3524960169941583
CHGV	contrast	0.9104938271604939	0.35273017138302115
CHGV	contrast	0.9101508916323731	0.35348961108151306
CHGV	contrast	0.9098079561042524	0.353874883286648
CHGV	contrast	0.9098079561042524	0.3545369504209542
CHGV	contrast	0.9094650205761317	0.35478260869565215
CHGV	contrast	0.909122085048011	0.35555257510729615
CHGV	contrast	0.9084362139917695	0.35604838709677417
CHGV	contrast	0.9084362139917695	0.3563357546408394
CHGV	contrast	0.9070644718792867	0.35661318592422814
CHGV	contrast	0.9070644718792867	0.35743243243243245
CHGV	contrast	0.9063786008230452	0.3581786149884808
CHGV	contrast	0.9063786008230452	0.35866467634685845
CHGV	contrast	0.9063786008230452	0.35978763953171794
CHGV	contrast	0.9060356652949245	0.3601417666303163
CHGV	contrast	0.9056927297668038	0.3607430678869007
CHGV	contrast	0.9050068587105624	0.3612594113620808
CHGV	contrast	0.904320987654321	0.36212578961823677
CHGV	contrast	0.9039780521262003	0.36308539944903584
CHGV	contrast	0.9039780521262003	0.36373671864219675
CHGV	contrast	0.9039780521262003	0.3643903787669339
CHGV	contrast	0.9029492455418381	0.3649341649341649
CHGV	contrast	0.9026063100137174	0.36520049951436107
CHGV	contrast	0.9022633744855967	0.36577227860419853
CHGV	contrast	0.9022633744855967	0.3661795407098121
CHGV	contrast	0.9015775034293553	0.3666155347929159
CHGV	contrast	0.9015775034293553	0.36748672071568356
CHGV	contrast	0.9012345679012346	0.36832515767344076
CHGV	contrast	0.9005486968449932	0.36923509561304835
CHGV	contrast	0.8998628257887518	0.3699421965317919
CHGV	contrast	0.8998628257887518	0.3705691286541449
CHGV	contrast	0.8998628257887518	0.371671388101983
CHGV	contrast	0.8998628257887518	0.37209302325581395
CHGV	contrast	0.8988340192043895	0.3726716906014503
CHGV	contrast	0.8984910836762688	0.37295373665480425
CHGV	contrast	0.8974622770919067	0.3734303652968037
CHGV	contrast	0.897119341563786	0.3744632121385628
CHGV	contrast	0.897119341563786	0.375
CHGV	contrast	0.8960905349794238	0.375592927986201
CHGV	contrast	0.8957475994513031	0.37609791216702665
CHGV	contrast	0.8950617283950617	0.37678648765699435
CHGV	contrast	0.8943758573388203	0.3778067506881066
CHGV	contrast	0.8940329218106996	0.3785392768985044
CHGV	contrast	0.8930041152263375	0.3788187372708758
CHGV	contrast	0.8916323731138546	0.37928519328956967
CHGV	contrast	0.8916323731138546	0.38011695906432746
CHGV	contrast	0.8916323731138546	0.38061777192211976
CHGV	contrast	0.8909465020576132	0.3817220099911843
CHGV	contrast	0.8906035665294925	0.3821927888153054
CHGV	contrast	0.8906035665294925	0.3830948517480454
CHGV	contrast	0.8902606310013718	0.38402366863905324
CHGV	contrast	0.8899176954732511	0.3847864768683274
CHGV	contrast	0.8895747599451304	0.3857822724568709
CHGV	contrast	0.8888888888888888	0.38680793911356515
CHGV	contrast	0.8885459533607681	0.387874251497006
CHGV	contrast	0.8882030178326474	0.38853885388538856
CHGV	contrast	0.8878600823045267	0.3897922312556459
CHGV	contrast	0.887517146776406	0.3902291917973462
CHGV	contrast	0.8854595336076817	0.3907976388678674
CHGV	contrast	0.8854595336076817	0.39121212121212123
CHGV	contrast	0.8844307270233196	0.39218369829683697
CHGV	contrast	0.8844307270233196	0.3929006703229738
CHGV	contrast	0.8834019204389575	0.39370319425340056
CHGV	contrast	0.8830589849108368	0.39518109269490487
CHGV	contrast	0.8820301783264746	0.39581409664512157
CHGV	contrast	0.8810013717421125	0.3971861471861472
CHGV	contrast	0.8806584362139918	0.39813953488372095
CHGV	contrast	0.8806584362139918	0.3988196924988352
CHGV	contrast	0.880315500685871	0.3999688376441259
CHGV	contrast	0.8799725651577504	0.40018714909544606
CHGV	contrast	0.8799725651577504	0.40087486330260896
CHGV	contrast	0.8796296296296297	0.4014084507042254
CHGV	contrast	0.879286694101509	0.40257497252315905
CHGV	contrast	0.8786008230452675	0.4029569046870085
CHGV	contrast	0.877914951989026	0.4038491875690172
CHGV	contrast	0.877914951989026	0.4049351471053464
CHGV	contrast	0.8772290809327846	0.40628970775095297
CHGV	contrast	0.8772290809327846	0.407259990447381
CHGV	contrast	0.8768861454046639	0.40827079674277506
CHGV	contrast	0.8751714677640604	0.4089088287133472
CHGV	contrast	0.8741426611796982	0.40974119916412155
CHGV	contrast	0.8741426611796982	0.4106653777992589
CHGV	contrast	0.8741426611796982	0.4121261115602263
CHGV	contrast	0.8741426611796982	0.41286038224813737
CHGV	contrast	0.8724279835390947	0.413591285969761
CHGV	contrast	0.8710562414266118	0.4146938775510204
CHGV	contrast	0.8710562414266118	0.4161205766710354
CHGV	contrast	0.870713305898491	0.41718698652645414
CHGV	contrast	0.8689986282578875	0.4183589235595179
CHGV	contrast	0.8686556927297668	0.4197878687437852
CHGV	contrast	0.8683127572016461	0.42073778664007977
CHGV	contrast	0.8679698216735254	0.4219739913304435
CHGV	contrast	0.8679698216735254	0.42253756260434056
CHGV	contrast	0.8665980795610425	0.4236378876781224
CHGV	contrast	0.8655692729766804	0.4254171582673184
CHGV	contrast	0.8645404663923183	0.42649297919133816
CHGV	contrast	0.8635116598079561	0.42779476724430854
CHGV	contrast	0.8628257887517147	0.42818243703199454
CHGV	contrast	0.8621399176954733	0.4293032786885246
CHGV	contrast	0.8617969821673526	0.4296460933492905
CHGV	contrast	0.8600823045267489	0.43137254901960786
CHGV	contrast	0.8600823045267489	0.4321157822191592
CHGV	contrast	0.8597393689986282	0.43373702422145327
CHGV	contrast	0.8590534979423868	0.4344432882414152
CHGV	contrast	0.8583676268861454	0.435001737921446
CHGV	contrast	0.8580246913580247	0.4364207221350079
CHGV	contrast	0.8569958847736625	0.43719384184744575
CHGV	contrast	0.8569958847736625	0.4378833012090415
CHGV	contrast	0.8566529492455418	0.43863037752414397
CHGV	contrast	0.8556241426611797	0.44019054340155256
CHGV	contrast	0.8556241426611797	0.44065701165665844
CHGV	contrast	0.855281207133059	0.44204182913860335
CHGV	contrast	0.855281207133059	0.44282670454545453
CHGV	contrast	0.8549382716049383	0.44335763827138536
CHGV	contrast	0.8549382716049383	0.4451785714285714
CHGV	contrast	0.8545953360768176	0.4458758275183396
CHGV	contrast	0.8539094650205762	0.44719827586206895
CHGV	contrast	0.8521947873799726	0.448475004511821
CHGV	contrast	0.8518518518518519	0.4491862567811935
CHGV	contrast	0.8494513031550068	0.4506094233218119
CHGV	contrast	0.8487654320987654	0.451559934318555
CHGV	contrast	0.8473936899862826	0.4520673252835712
CHGV	contrast	0.8470507544581619	0.4531278664465236
CHGV	contrast	0.8463648834019204	0.45476322093237515
CHGV	contrast	0.8453360768175583	0.45605920444033304
CHGV	contrast	0.8449931412894376	0.4573125463994061
CHGV	contrast	0.8446502057613169	0.45831782657238557
CHGV	contrast	0.8429355281207133	0.4594392523364486
CHGV	contrast	0.840877914951989	0.46064249483374037
CHGV	contrast	0.840877914951989	0.4612490594431904
CHGV	contrast	0.8401920438957476	0.46287549593803134
CHGV	contrast	0.838477366255144	0.464123006833713
CHGV	contrast	0.838477366255144	0.4646522234891676
CHGV	contrast	0.8367626886145405	0.4661826518914788
CHGV	contrast	0.836076817558299	0.4678564574937632
CHGV	contrast	0.8357338820301783	0.4689243794496825
CHGV	contrast	0.8347050754458162	0.4697934761629029
CHGV	contrast	0.8336762688614541	0.4703037337976398
CHGV	contrast	0.8323045267489712	0.4717201166180758
CHGV	contrast	0.831275720164609	0.4721464744838333
CHGV	contrast	0.8299039780521262	0.47339593114241
CHGV	contrast	0.828875171467764	0.4750393081761006
CHGV	contrast	0.8285322359396433	0.47577786530129973
CHGV	contrast	0.8271604938271605	0.4766798418972332
CHGV	contrast	0.8257887517146777	0.4773988897700238
CHGV	contrast	0.8244170096021948	0.48012782105052926
CHGV	contrast	0.8237311385459534	0.4811698717948718
CHGV	contrast	0.8233882030178327	0.4819349658771578
CHGV	contrast	0.821673525377229	0.4830645161290323
CHGV	contrast	0.8206447187928669	0.483727511623206
CHGV	contrast	0.8203017832647462	0.48529113410428076
CHGV	contrast	0.8192729766803841	0.48665716031778367
CHGV	contrast	0.8182441700960219	0.4868394205264232
CHGV	contrast	0.8168724279835391	0.4884150092269838
CHGV	contrast	0.8151577503429356	0.49010309278350517
CHGV	contrast	0.8144718792866941	0.4917184265010352
CHGV	contrast	0.813443072702332	0.49303679068800665
CHGV	contrast	0.8124142661179699	0.4938503231186158
CHGV	contrast	0.8117283950617284	0.4953955629970699
CHGV	contrast	0.8110425240054869	0.49664006719865605
CHGV	contrast	0.8110425240054869	0.4982093954076259
CHGV	contrast	0.8093278463648834	0.5006364022061943
CHGV	contrast	0.8072702331961591	0.5026692291266283
CHGV	contrast	0.8069272976680384	0.5051524259338772
CHGV	contrast	0.8058984910836763	0.5067931852490835
CHGV	contrast	0.8048696844993142	0.5085590465872156
CHGV	contrast	0.8034979423868313	0.5104575163398692
CHGV	contrast	0.8024691358024691	0.5125958378970427
CHGV	contrast	0.8017832647462277	0.5138461538461538
CHGV	contrast	0.8017832647462277	0.5158870255957635
CHGV	contrast	0.8004115226337448	0.5162574651625746
CHGV	contrast	0.7993827160493827	0.5175399644760214
CHGV	contrast	0.7983539094650206	0.5182546749777382
CHGV	contrast	0.7969821673525377	0.5203761755485894
CHGV	contrast	0.7956104252400549	0.5229936880072137
CHGV	contrast	0.7945816186556928	0.5252777148038993
CHGV	contrast	0.7942386831275721	0.5263636363636364
CHGV	contrast	0.7935528120713305	0.5271070615034169
CHGV	contrast	0.7921810699588477	0.5276381909547738
CHGV	contrast	0.7904663923182441	0.5304948216340621
CHGV	contrast	0.7904663923182441	0.5314733686880332
CHGV	contrast	0.7897805212620027	0.532485549132948
CHGV	contrast	0.7860082304526749	0.5355140186915888
CHGV	contrast	0.7846364883401921	0.5364595545134818
CHGV	contrast	0.7839506172839507	0.53737658674189
CHGV	contrast	0.7829218106995884	0.5384433962264151
CHGV	contrast	0.7808641975308642	0.5407266682498219
CHGV	contrast	0.779835390946502	0.5420738974970203
CHGV	contrast	0.7781207133058985	0.5446471435429668
CHGV	contrast	0.7781207133058985	0.54753861003861
CHGV	contrast	0.7770919067215364	0.5486682808716707
CHGV	contrast	0.77400548696845	0.5504878048780488
CHGV	contrast	0.7736625514403292	0.5510503175378603
CHGV	contrast	0.7719478737997256	0.553071253071253
CHGV	contrast	0.7709190672153635	0.5546508758943992
CHGV	contrast	0.7702331961591221	0.5558030190546894
CHGV	contrast	0.7681755829903978	0.557630072193179
CHGV	contrast	0.7654320987654321	0.5603816218930454
CHGV	contrast	0.7650891632373114	0.5616817724068479
CHGV	contrast	0.7640603566529492	0.5617750882501261
CHGV	contrast	0.7623456790123457	0.5629273233730058
CHGV	contrast	0.7609739368998628	0.5640569395017794
CHGV	contrast	0.7599451303155007	0.565739086035231
CHGV	contrast	0.7585733882030178	0.5665983606557377
CHGV	contrast	0.7575445816186557	0.5684508492022645
CHGV	contrast	0.7568587105624143	0.569695405265875
CHGV	contrast	0.7551440329218106	0.571058091286307
CHGV	contrast	0.7544581618655692	0.5724694249284413
CHGV	contrast	0.7541152263374485	0.5749019607843138
CHGV	contrast	0.7537722908093278	0.5764489902963545
CHGV	contrast	0.7530864197530864	0.5781990521327014
CHGV	contrast	0.7510288065843621	0.5805938494167551
CHGV	contrast	0.7489711934156379	0.581624500665779
CHGV	contrast	0.7472565157750343	0.5827761433538379
CHGV	contrast	0.7462277091906722	0.5841610738255033
CHGV	contrast	0.7438271604938271	0.5860578222102134
CHGV	contrast	0.742798353909465	0.5877883310719132
CHGV	contrast	0.7417695473251029	0.5892127485698719
CHGV	contrast	0.7410836762688614	0.5907599781301257
CHGV	contrast	0.7383401920438958	0.5914835164835165
CHGV	contrast	0.7359396433470508	0.5924903368304804
CHGV	contrast	0.7345679012345679	0.5931874826917751
CHGV	contrast	0.7307956104252401	0.5949190396426577
CHGV	contrast	0.7307956104252401	0.5957506290187308
CHGV	contrast	0.7297668038408779	0.5969144460028051
CHGV	contrast	0.7294238683127572	0.5981439820022497
CHGV	contrast	0.7280521262002744	0.5998869737213902
CHGV	contrast	0.7266803840877915	0.6002832861189802
CHGV	contrast	0.7229080932784636	0.6007409518381305
CHGV	contrast	0.7229080932784636	0.6026300743281875
CHGV	contrast	0.7211934156378601	0.6053540587219344
CHGV	contrast	0.7194787379972565	0.606709080393291
CHGV	contrast	0.7160493827160493	0.6076833527357393
CHGV	contrast	0.7139917695473251	0.6080607476635514
CHGV	contrast	0.7129629629629629	0.6091415177263405
CHGV	contrast	0.7095336076817559	0.6096051856216853
CHGV	contrast	0.7088477366255144	0.6115384615384616
CHGV	contrast	0.7061042524005487	0.6115236115236116
CHGV	contrast	0.7047325102880658	0.6125186289120715
CHGV	contrast	0.7043895747599451	0.6131343283582089
CHGV	contrast	0.7037037037037037	0.6138199222255459
CHGV	contrast	0.698559670781893	0.6155938349954669
CHGV	contrast	0.6968449931412894	0.617629179331307
CHGV	contrast	0.6947873799725651	0.6174946662602865
CHGV	contrast	0.6927297668038409	0.6184935701163503
CHGV	contrast	0.6910150891632373	0.6198092894494002
CHGV	contrast	0.6889574759945131	0.6204447189623225
CHGV	contrast	0.6872427983539094	0.6210102262163
CHGV	contrast	0.6855281207133059	0.6217729393468118
CHGV	contrast	0.6838134430727023	0.6242955541640576
CHGV	contrast	0.6817558299039781	0.6245680175934653
CHGV	contrast	0.6803840877914952	0.6252757642609518
CHGV	contrast	0.6772976680384087	0.6263875673961307
CHGV	contrast	0.6755829903978052	0.6267896913776646
CHGV	contrast	0.5751028806584362	0.7696190913262965
CHGV	contrast	0.5740740740740741	0.772496538994001
CHGV	contrast	0.5733882030178327	0.7744326076887448
CHGV	contrast	0.5699588477366255	0.7766355140186916
CHGV	contrast	0.5679012345679012	0.776735459662289
CHGV	contrast	0.5661865569272977	0.7780395852968898
CHGV	contrast	0.565843621399177	0.7794048181388757
CHGV	contrast	0.5631001371742113	0.7822772748928061
CHGV	contrast	0.5610425240054869	0.783900335409679
CHGV	contrast	0.558641975308642	0.7869565217391304
CHGV	contrast	0.5572702331961591	0.7876878332525449
CHGV	contrast	0.5555555555555556	0.7883211678832117
CHGV	contrast	0.5531550068587106	0.7891389432485323
CHGV	contrast	0.5507544581618655	0.7923038973852985
CHGV	contrast	0.5486968449931413	0.7928642220019821
CHGV	contrast	0.5452674897119342	0.7938092860708936
CHGV	contrast	0.5435528120713305	0.796082370668006
CHGV	contrast	0.5428669410150891	0.7982854261220373
CHGV	contrast	0.541838134430727	0.8
CHGV	contrast	0.5404663923182441	0.8004062976130015
CHGV	contrast	0.5390946502057613	0.803270311701584
CHGV	contrast	0.5363511659807956	0.8045267489711934
CHGV	contrast	0.5346364883401921	0.8052685950413223
CHGV	contrast	0.5329218106995884	0.8072727272727273
CHGV	contrast	0.5301783264746228	0.8073107049608355
CHGV	contrast	0.5294924554183813	0.8096486628211851
CHGV	contrast	0.5274348422496571	0.8098999473407056
CHGV	contrast	0.5250342935528121	0.8122015915119364
CHGV	contrast	0.52400548696845	0.814498933901919
CHGV	contrast	0.5216049382716049	0.8146759507230852
CHGV	contrast	0.5192043895747599	0.8152934841141626
CHGV	contrast	0.5157750342935528	0.8165038002171553
CHGV	contrast	0.51440329218107	0.819672131147541
CHGV	contrast	0.5102880658436214	0.8184818481848185
CHGV	contrast	0.50480109739369	0.8191430161380078
CHGV	contrast	0.502400548696845	0.8207282913165266
CHGV	contrast	0.5	0.8214084507042253
CHGV	contrast	0.49622770919067216	0.8240318906605922
CHGV	contrast	0.4948559670781893	0.8259874069834001
CHGV	contrast	0.4924554183813443	0.8281430219146482
CHGV	contrast	0.4897119341563786	0.8278260869565217
CHGV	contrast	0.4869684499314129	0.8294392523364486
CHGV	contrast	0.48559670781893005	0.8304985337243401
CHGV	contrast	0.4838820301783265	0.8324483775811209
CHGV	contrast	0.4818244170096022	0.8353151010701546
CHGV	contrast	0.4777091906721536	0.8391566265060241
CHGV	contrast	0.4735939643347051	0.8395136778115502
CHGV	contrast	0.4711934156378601	0.8408812729498164
CHGV	contrast	0.4663923182441701	0.8436724565756824
CHGV	contrast	0.46467764060356653	0.8442367601246106
CHGV	contrast	0.46330589849108367	0.8459611772072636
CHGV	contrast	0.45953360768175583	0.8475648323845667
CHGV	contrast	0.45713305898491086	0.8485041374920432
CHGV	contrast	0.455761316872428	0.8492012779552716
CHGV	contrast	0.45233196159122085	0.8504190844616376
CHGV	contrast	0.4495884773662551	0.8512987012987013
CHGV	contrast	0.44787379972565156	0.8530372305682561
CHGV	contrast	0.446159122085048	0.8547963206307491
CHGV	contrast	0.44272976680384085	0.8549668874172185
CHGV	contrast	0.438957475994513	0.856760374832664
CHGV	contrast	0.43449931412894377	0.8566599053414469
CHGV	contrast	0.4327846364883402	0.8573369565217391
CHGV	contrast	0.43004115226337447	0.8577291381668947
CHGV	contrast	0.4283264746227709	0.8596008258774949
CHGV	contrast	0.4255829903978052	0.8594182825484764
CHGV	contrast	0.4224965706447188	0.8585365853658536
CHGV	contrast	0.41975308641975306	0.8595505617977528
CHGV	contrast	0.4170096021947874	0.8593639575971731
CHGV	contrast	0.41460905349794236	0.8592750533049041
CHGV	contrast	0.41289437585733885	0.8593861527480371
CHGV	contrast	0.4098079561042524	0.8590941768511862
CHGV	contrast	0.40775034293552814	0.8597252349963846
CHGV	contrast	0.4063786008230453	0.8599419448476052
CHGV	contrast	0.40054869684499317	0.8626292466765141
CHGV	contrast	0.39574759945130317	0.8644194756554308
CHGV	contrast	0.3940329218106996	0.8645598194130926
CHGV	contrast	0.39026063100137176	0.8660578386605784
CHGV	contrast	0.38786008230452673	0.8679969301611665
CHGV	contrast	0.3844307270233196	0.8676470588235294
CHGV	contrast	0.3823731138545953	0.8690568978955573
CHGV	contrast	0.38031550068587106	0.8718553459119497
CHGV	contrast	0.3768861454046639	0.8715305313243458
CHGV	contrast	0.3737997256515775	0.8726981585268214
CHGV	contrast	0.3717421124828532	0.8734891216760677
CHGV	contrast	0.3707133058984911	0.8745954692556634
CHGV	contrast	0.36899862825788754	0.8769356153219234
CHGV	contrast	0.3662551440329218	0.8775677896466721
CHGV	contrast	0.36385459533607684	0.8797678275290216
CHGV	contrast	0.3628257887517147	0.880932556203164
CHGV	contrast	0.35802469135802467	0.8817567567567568
CHGV	contrast	0.3556241426611797	0.8818027210884354
CHGV	contrast	0.3532235939643347	0.8841201716738197
CHGV	contrast	0.35150891632373116	0.8859118409680208
CHGV	contrast	0.34945130315500683	0.8860869565217391
CHGV	contrast	0.345679012345679	0.8881057268722466
CHGV	contrast	0.3446502057613169	0.8893805309734514
CHGV	contrast	0.3405349794238683	0.8897849462365591
CHGV	contrast	0.33676268861454045	0.8927272727272727
CHGV	contrast	0.3350480109739369	0.8922374429223744
CHGV	contrast	0.3323045267489712	0.891444342226311
CHGV	contrast	0.33024691358024694	0.8924930491195552
CHGV	contrast	0.3268175582990398	0.8914873713751169
CHGV	contrast	0.32510288065843623	0.8934967012252591
CHGV	contrast	0.3227023319615912	0.8944866920152091
CHGV	contrast	0.32064471879286693	0.8947368421052632
CHGV	contrast	0.31893004115226337	0.8950914340712224
CHGV	contrast	0.3165294924554184	0.895247332686712
CHGV	contrast	0.31344307270233196	0.8960784313725491
CHGV	contrast	0.3120713305898491	0.8974358974358975
CHGV	contrast	0.3096707818930041	0.899402390438247
CHGV	contrast	0.3055555555555556	0.9
CHGV	contrast	0.30281207133058985	0.8991853360488798
CHGV	contrast	0.3000685871056241	0.9002057613168725
CHGV	contrast	0.29801097393689985	0.8995859213250518
CHGV	contrast	0.2952674897119342	0.9006276150627615
CHGV	contrast	0.2932098765432099	0.9009483667017913
CHGV	contrast	0.2908093278463649	0.9002123142250531
CHGV	contrast	0.289437585733882	0.9017094017094017
CHGV	contrast	0.28669410150891633	0.9028077753779697
CHGV	contrast	0.28497942386831276	0.9022801302931596
CHGV	contrast	0.2832647462277092	0.9057017543859649
CHGV	contrast	0.28017832647462276	0.9067702552719201
CHGV	contrast	0.2784636488340192	0.9103139013452914
CHGV	contrast	0.2767489711934156	0.9098083427282976
CHGV	contrast	0.27400548696844995	0.9110604332953249
CHGV	contrast	0.2716049382716049	0.9113924050632911
CHGV	contrast	0.27023319615912206	0.9120370370370371
CHGV	contrast	0.2671467764060357	0.9121779859484778
CHGV	contrast	0.2650891632373114	0.9115566037735849
CHGV	contrast	0.26337448559670784	0.9121140142517815
CHGV	contrast	0.2616598079561043	0.9126794258373205
CHGV	contrast	0.25891632373113854	0.914043583535109
CHGV	contrast	0.257201646090535	0.9135200974421437
CHGV	contrast	0.25480109739369	0.9138991389913899
CHGV	contrast	0.25274348422496573	0.9132589838909542
CHGV	contrast	0.25	0.9158291457286433
CHGV	contrast	0.247599451303155	0.9174078780177891
CHGV	contrast	0.24622770919067216	0.9181585677749361
CHGV	contrast	0.24314128943758573	0.9172056921086675
CHGV	contrast	0.24108367626886146	0.9165580182529335
CHGV	contrast	0.23765432098765432	0.9166666666666666
CHGV	contrast	0.23525377229080932	0.9158878504672897
CHGV	contrast	0.23319615912208505	0.9152086137281292
CHGV	contrast	0.23148148148148148	0.9146341463414634
CHGV	contrast	0.23010973936899862	0.9166666666666666
CHGV	contrast	0.22805212620027435	0.9172413793103448
CHGV	contrast	0.22496570644718794	0.9162011173184358
CHGV	contrast	0.22290809327846364	0.9154929577464789
CHGV	contrast	0.22050754458161864	0.915954415954416
CHGV	contrast	0.2187928669410151	0.9153515064562411
CHGV	contrast	0.2167352537722908	0.9159420289855073
CHGV	contrast	0.21467764060356653	0.9152046783625731
CHGV	contrast	0.21296296296296297	0.914580265095729
CHGV	contrast	0.2112482853223594	0.913946587537092
CHGV	contrast	0.20919067215363513	0.9172932330827067
CHGV	contrast	0.20747599451303156	0.9180576631259484
CHGV	contrast	0.2061042524005487	0.918960244648318
CHGV	contrast	0.2037037037037037	0.9209302325581395
CHGV	contrast	0.20233196159122085	0.921875
CHGV	contrast	0.20027434842249658	0.9225908372827805
CHGV	contrast	0.19787379972565158	0.9217252396166135
CHGV	contrast	0.19513031550068588	0.9207119741100324
CHGV	contrast	0.19307270233196158	0.9199346405228758
CHGV	contrast	0.1910150891632373	0.9191419141914191
CHGV	contrast	0.18930041152263374	0.92
CHGV	contrast	0.18724279835390947	0.9207419898819561
CHGV	contrast	0.18449931412894377	0.9196581196581196
CHGV	contrast	0.18141289437585734	0.9184027777777778
CHGV	contrast	0.17935528120713307	0.9240282685512368
CHGV	contrast	0.17695473251028807	0.9247311827956989
CHGV	contrast	0.1752400548696845	0.9274047186932849
CHGV	contrast	0.1728395061728395	0.9281767955801105
CHGV	contrast	0.17078189300411523	0.9273743016759777
CHGV	contrast	0.16803840877914952	0.9297912713472486
CHGV	contrast	0.16563786008230452	0.930635838150289
CHGV	contrast	0.16392318244170095	0.9317738791423001
CHGV	contrast	0.1622085048010974	0.9311023622047244
CHGV	contrast	0.16015089163237312	0.9302788844621513
CHGV	contrast	0.15843621399176955	0.9295774647887324
CHGV	contrast	0.15637860082304528	0.9287169042769857
CHGV	contrast	0.15432098765432098	0.9278350515463918
CHGV	contrast	0.151920438957476	0.9267782426778243
CHGV	contrast	0.15020576131687244	0.9299363057324841
CHGV	contrast	0.14746227709190673	0.9327548806941431
CHGV	contrast	0.14540466392318244	0.933920704845815
CHGV	contrast	0.14300411522633744	0.9328859060402684
CHGV	contrast	0.1412894375857339	0.9321266968325792
CHGV	contrast	0.1388888888888889	0.9310344827586207
CHGV	contrast	0.1368312757201646	0.9322429906542056
CHGV	contrast	0.1340877914951989	0.9331742243436754
CHGV	contrast	0.13168724279835392	0.9320388349514563
CHGV	contrast	0.12962962962962962	0.9310344827586207
CHGV	contrast	0.12757201646090535	0.9323308270676691
CHGV	contrast	0.12585733882030178	0.9314720812182741
CHGV	contrast	0.12345679012345678	0.9302325581395349
CHGV	contrast	0.1210562414266118	0.9289473684210526
CHGV	contrast	0.11899862825788751	0.9278074866310161
CHGV	contrast	0.11694101508916324	0.9266304347826086
CHGV	contrast	0.11522633744855967	0.9333333333333333
CHGV	contrast	0.1135116598079561	0.9323943661971831
CHGV	contrast	0.11179698216735254	0.9340974212034384
CHGV	contrast	0.10973936899862825	0.9329446064139941
CHGV	contrast	0.1083676268861454	0.9349112426035503
CHGV	contrast	0.10596707818930041	0.9335347432024169
CHGV	contrast	0.10425240054869685	0.9325153374233128
CHGV	contrast	0.10219478737997256	0.93125
CHGV	contrast	0.100480109739369	0.9301587301587302
CHGV	contrast	0.09842249657064472	0.9318181818181818
CHGV	contrast	0.09636488340192044	0.9335548172757475
CHGV	contrast	0.09396433470507544	0.9319727891156463
CHGV	contrast	0.09224965706447188	0.9307958477508651
CHGV	contrast	0.09087791495198902	0.9363957597173145
CHGV	contrast	0.08916323731138547	0.935251798561151
CHGV	contrast	0.08710562414266118	0.9338235294117647
CHGV	contrast	0.08539094650205761	0.9325842696629213
CHGV	contrast	0.08299039780521263	0.9343629343629344
CHGV	contrast	0.08127572016460906	0.9330708661417323
CHGV	contrast	0.07921810699588477	0.9314516129032258
CHGV	contrast	0.07716049382716049	0.9297520661157025
CHGV	contrast	0.07544581618655692	0.9282700421940928
CHGV	contrast	0.07373113854595337	0.9267241379310345
CHGV	contrast	0.07133058984910837	0.9244444444444444
CHGV	contrast	0.0696159122085048	0.9269406392694064
CHGV	contrast	0.06824417009602195	0.9299065420560748
CHGV	contrast	0.06652949245541838	0.9326923076923077
CHGV	contrast	0.06481481481481481	0.9310344827586207
CHGV	contrast	0.06310013717421124	0.9292929292929293
CHGV	contrast	0.06172839506172839	0.9326424870466321
CHGV	contrast	0.05829903978052126	0.9289617486338798
CHGV	contrast	0.056584362139917695	0.9269662921348315
CHGV	contrast	0.05486968449931413	0.9248554913294798
CHGV	contrast	0.05178326474622771	0.9207317073170732
CHGV	contrast	0.04972565157750343	0.9177215189873418
CHGV	contrast	0.04801097393689986	0.9150326797385621
CHGV	contrast	0.046296296296296294	0.9183673469387755
CHGV	contrast	0.04458161865569273	0.9219858156028369
CHGV	contrast	0.04252400548696845	0.9185185185185185
CHGV	contrast	0.04080932784636488	0.9153846153846154
CHGV	contrast	0.03909465020576132	0.912
CHGV	contrast	0.037037037037037035	0.907563025210084
CHGV	contrast	0.03497942386831276	0.9026548672566371
CHGV	contrast	0.03326474622770919	0.9065420560747663
CHGV	contrast	0.03223593964334705	0.9215686274509803
CHGV	contrast	0.030521262002743483	0.9175257731958762
CHGV	contrast	0.02880658436213992	0.9230769230769231
CHGV	contrast	0.02709190672153635	0.9186046511627907
CHGV	contrast	0.025034293552812073	0.9125
CHGV	contrast	0.023319615912208505	0.9066666666666666
CHGV	contrast	0.021604938271604937	0.9130434782608695
CHGV	contrast	0.020233196159122085	0.921875
CHGV	contrast	0.018175582990397805	0.9137931034482759
CHGV	contrast	0.01646090534979424	0.9056603773584906
CHGV	contrast	0.014746227709190672	0.8958333333333334
CHGV	contrast	0.012688614540466393	0.8809523809523809
CHGV	contrast	0.010973936899862825	0.8648648648648649
CHGV	contrast	0.009602194787379973	0.9032258064516129
CHGV	contrast	0.007887517146776405	0.8846153846153846
CHGV	contrast	0.006172839506172839	0.8571428571428571
CHGV	contrast	0.0051440329218107	0.9375
CHGV	contrast	0.003429355281207133	0.9090909090909091
CHGV	contrast	0.00205761316872428	1.0
CHGV	contrast	0.0	1.0
Shkoporov	QOV	1.0	0.030390857899966876
Shkoporov	QOV	1.0	0.03102347894080602
Shkoporov	QOV	1.0	0.031680262419612415
Shkoporov	QOV	1.0	0.03232981698857004
Shkoporov	QOV	1.0	0.03297320365670133
Shkoporov	QOV	1.0	0.03365274402824263
Shkoporov	QOV	1.0	0.034341591222775865
Shkoporov	QOV	1.0	0.03505587926258477
Shkoporov	QOV	1.0	0.035740371037639385
Shkoporov	QOV	1.0	0.03643403156954234
Shkoporov	QOV	1.0	0.037139170693450047
Shkoporov	QOV	1.0	0.03790734906780974
Shkoporov	QOV	1.0	0.038594000578384205
Shkoporov	QOV	1.0	0.0393660668794079
Shkoporov	QOV	1.0	0.0401707530647986
Shkoporov	QOV	1.0	0.04098497961918588
Shkoporov	QOV	1.0	0.04173299977257221
Shkoporov	QOV	1.0	0.04249652616952293
Shkoporov	QOV	0.9993188010899182	0.043214422482104456
Shkoporov	QOV	0.9993188010899182	0.04401044010440104
Shkoporov	QOV	0.9993188010899182	0.04472833709372523
Shkoporov	QOV	0.9993188010899182	0.045486961644600164
Shkoporov	QOV	0.9986376021798365	0.04618341051570425
Shkoporov	QOV	0.9986376021798365	0.04688799334740613
Shkoporov	QOV	0.9986376021798365	0.04766394641870143
Shkoporov	QOV	0.9986376021798365	0.04840520372449317
Shkoporov	QOV	0.9986376021798365	0.04913691972515502
Shkoporov	QOV	0.9986376021798365	0.04988091187478734
Shkoporov	QOV	0.9986376021798365	0.0505761402056165
Shkoporov	QOV	0.9986376021798365	0.0513053825155736
Shkoporov	QOV	0.9986376021798365	0.052044873615450155
Shkoporov	QOV	0.9979564032697548	0.05274527452745274
Shkoporov	QOV	0.997275204359673	0.05345406747480649
Shkoporov	QOV	0.997275204359673	0.05415202515257999
Shkoporov	QOV	0.997275204359673	0.054786318389342115
Shkoporov	QOV	0.9965940054495913	0.05544817130945613
Shkoporov	QOV	0.9965940054495913	0.05611383860079779
Shkoporov	QOV	0.9965940054495913	0.056773642749039545
Shkoporov	QOV	0.9965940054495913	0.057501080847384346
Shkoporov	QOV	0.9965940054495913	0.05822885572139303
Shkoporov	QOV	0.9965940054495913	0.05888271754004669
Shkoporov	QOV	0.9965940054495913	0.059616951915240426
Shkoporov	QOV	0.9965940054495913	0.06026776519052523
Shkoporov	QOV	0.9965940054495913	0.06089997086125796
Shkoporov	QOV	0.9965940054495913	0.06160259379342288
Shkoporov	QOV	0.9965940054495913	0.062263267651189516
Shkoporov	QOV	0.9965940054495913	0.06289767841788478
Shkoporov	QOV	0.9965940054495913	0.0635341121292396
Shkoporov	QOV	0.9965940054495913	0.06411323896752706
Shkoporov	QOV	0.9965940054495913	0.06474024249933623
Shkoporov	QOV	0.9959128065395095	0.06531451036454611
Shkoporov	QOV	0.9959128065395095	0.0659360483470888
Shkoporov	QOV	0.9959128065395095	0.06659985422740525
Shkoporov	QOV	0.9959128065395095	0.06718132524584138
Shkoporov	QOV	0.9959128065395095	0.06777932313398238
Shkoporov	QOV	0.9952316076294278	0.06836367039445979
Shkoporov	QOV	0.9938692098092643	0.06894759226879638
Shkoporov	QOV	0.9938692098092643	0.06962206527963352
Shkoporov	QOV	0.9938692098092643	0.07021512103566101
Shkoporov	QOV	0.9938692098092643	0.07078744359807869
Shkoporov	QOV	0.9938692098092643	0.07138663274292983
Shkoporov	QOV	0.9931880108991825	0.07187931374482351
Shkoporov	QOV	0.9931880108991825	0.07244000596214041
Shkoporov	QOV	0.9931880108991825	0.07309003408863043
Shkoporov	QOV	0.9931880108991825	0.07373318499039143
Shkoporov	QOV	0.9931880108991825	0.07434223944523762
Shkoporov	QOV	0.9931880108991825	0.0750154352747479
Shkoporov	QOV	0.9931880108991825	0.07579932414868729
Shkoporov	QOV	0.9931880108991825	0.07647521636506688
Shkoporov	QOV	0.9931880108991825	0.07720004235941967
Shkoporov	QOV	0.9931880108991825	0.07780149413020278
Shkoporov	QOV	0.9931880108991825	0.07849682351674384
Shkoporov	QOV	0.9931880108991825	0.07923051842191066
Shkoporov	QOV	0.9931880108991825	0.07977239153033867
Shkoporov	QOV	0.9931880108991825	0.08039258932509925
Shkoporov	QOV	0.9931880108991825	0.08093704896191851
Shkoporov	QOV	0.9925068119891008	0.08156981301086104
Shkoporov	QOV	0.9925068119891008	0.0821817361385301
Shkoporov	QOV	0.9925068119891008	0.08275587867772351
Shkoporov	QOV	0.9925068119891008	0.08346222145844075
Shkoporov	QOV	0.9925068119891008	0.08413697522665589
Shkoporov	QOV	0.9925068119891008	0.08479804446513793
Shkoporov	QOV	0.9925068119891008	0.08554485674025364
Shkoporov	QOV	0.9925068119891008	0.08625384797537296
Shkoporov	QOV	0.9925068119891008	0.08690724724127646
Shkoporov	QOV	0.9925068119891008	0.08752327746741155
Shkoporov	QOV	0.9918256130790191	0.08817829457364341
Shkoporov	QOV	0.9918256130790191	0.08879673110934927
Shkoporov	QOV	0.9918256130790191	0.08950086058519793
Shkoporov	QOV	0.9911444141689373	0.08995919376777545
Shkoporov	QOV	0.9911444141689373	0.09059775840597759
Shkoporov	QOV	0.9911444141689373	0.09123973161096131
Shkoporov	QOV	0.9911444141689373	0.09197218710493046
Shkoporov	QOV	0.9911444141689373	0.09258080936625096
Shkoporov	QOV	0.9904632152588556	0.09324696979413839
Shkoporov	QOV	0.989100817438692	0.0937984496124031
Shkoporov	QOV	0.989100817438692	0.09442674123691228
Shkoporov	QOV	0.989100817438692	0.09511955453652146
Shkoporov	QOV	0.989100817438692	0.09563957317876433
Shkoporov	QOV	0.9877384196185286	0.09612834791832406
Shkoporov	QOV	0.9877384196185286	0.09683451315613731
Shkoporov	QOV	0.9877384196185286	0.09745278580549768
Shkoporov	QOV	0.9870572207084468	0.09793187347931874
Shkoporov	QOV	0.9863760217983651	0.09859059031796827
Shkoporov	QOV	0.9863760217983651	0.0992052617155385
Shkoporov	QOV	0.9863760217983651	0.09993098688750862
Shkoporov	QOV	0.9863760217983651	0.1005276312135518
Shkoporov	QOV	0.9863760217983651	0.10127998880884101
Shkoporov	QOV	0.9863760217983651	0.10184273456182304
Shkoporov	QOV	0.9863760217983651	0.10261498122032457
Shkoporov	QOV	0.9863760217983651	0.10327366093716568
Shkoporov	QOV	0.9863760217983651	0.10385139496521552
Shkoporov	QOV	0.9863760217983651	0.10458649331888768
Shkoporov	QOV	0.9863760217983651	0.10521726493242262
Shkoporov	QOV	0.9850136239782016	0.10567857925893444
Shkoporov	QOV	0.9836512261580381	0.10625459896983076
Shkoporov	QOV	0.9836512261580381	0.10690752942918487
Shkoporov	QOV	0.9836512261580381	0.10755251005511694
Shkoporov	QOV	0.9829700272479565	0.10822770569264231
Shkoporov	QOV	0.9822888283378747	0.10884661835748792
Shkoporov	QOV	0.9822888283378747	0.10947464318250835
Shkoporov	QOV	0.9822888283378747	0.11021936864633494
Shkoporov	QOV	0.9822888283378747	0.11080374980789919
Shkoporov	QOV	0.9816076294277929	0.1112827245347131
Shkoporov	QOV	0.9816076294277929	0.11187888198757764
Shkoporov	QOV	0.9816076294277929	0.11246390384765473
Shkoporov	QOV	0.9816076294277929	0.11317939051209551
Shkoporov	QOV	0.9802452316076294	0.11362021318594552
Shkoporov	QOV	0.9802452316076294	0.11422448007620258
Shkoporov	QOV	0.9802452316076294	0.11478025045864242
Shkoporov	QOV	0.9802452316076294	0.11544324107501003
Shkoporov	QOV	0.9795640326975477	0.11600516295579219
Shkoporov	QOV	0.978882833787466	0.11641283214517174
Shkoporov	QOV	0.978882833787466	0.11704813879612283
Shkoporov	QOV	0.9782016348773842	0.11773386898417644
Shkoporov	QOV	0.9782016348773842	0.11842322282698334
Shkoporov	QOV	0.9775204359673024	0.11884057971014493
Shkoporov	QOV	0.9768392370572208	0.11937068176142512
Shkoporov	QOV	0.9754768392370572	0.11976248222798361
Shkoporov	QOV	0.9754768392370572	0.12039683874222297
Shkoporov	QOV	0.9754768392370572	0.12120186203977994
Shkoporov	QOV	0.9754768392370572	0.1218101395032324
Shkoporov	QOV	0.9754768392370572	0.12245596032153241
Shkoporov	QOV	0.9754768392370572	0.12314042480006879
Shkoporov	QOV	0.9747956403269755	0.1236071521119461
Shkoporov	QOV	0.9747956403269755	0.12425110705912998
Shkoporov	QOV	0.9747956403269755	0.12470588235294118
Shkoporov	QOV	0.9747956403269755	0.1252187609380469
Shkoporov	QOV	0.9741144414168937	0.12575850848650075
Shkoporov	QOV	0.973433242506812	0.12623674911660776
Shkoporov	QOV	0.9720708446866485	0.12676556809096562
Shkoporov	QOV	0.9720708446866485	0.12738796643456526
Shkoporov	QOV	0.9720708446866485	0.12800502332256908
Shkoporov	QOV	0.9713896457765667	0.12857271661707692
Shkoporov	QOV	0.9713896457765667	0.12911988409996378
Shkoporov	QOV	0.9713896457765667	0.12973071324599708
Shkoporov	QOV	0.9713896457765667	0.13033543551777718
Shkoporov	QOV	0.9713896457765667	0.1307896909107585
Shkoporov	QOV	0.970708446866485	0.1311430149088901
Shkoporov	QOV	0.970708446866485	0.131834582292534
Shkoporov	QOV	0.9700272479564033	0.13224368499257058
Shkoporov	QOV	0.9686648501362398	0.13271115258982735
Shkoporov	QOV	0.967983651226158	0.1333521021021021
Shkoporov	QOV	0.967983651226158	0.13400603545831763
Shkoporov	QOV	0.967983651226158	0.13451344187807648
Shkoporov	QOV	0.967983651226158	0.1352045670789724
Shkoporov	QOV	0.967983651226158	0.13572110792741165
Shkoporov	QOV	0.967983651226158	0.13626774069812045
Shkoporov	QOV	0.967983651226158	0.13683196918632642
Shkoporov	QOV	0.967983651226158	0.1374540530083188
Shkoporov	QOV	0.9673024523160763	0.1379980563654033
Shkoporov	QOV	0.9666212534059946	0.13841201716738197
Shkoporov	QOV	0.9666212534059946	0.13910400941084208
Shkoporov	QOV	0.9666212534059946	0.1395966551893753
Shkoporov	QOV	0.9666212534059946	0.14020353719988143
Shkoporov	QOV	0.9666212534059946	0.14070401586514625
Shkoporov	QOV	0.9666212534059946	0.14139099242726186
Shkoporov	QOV	0.9666212534059946	0.14192838567713542
Shkoporov	QOV	0.9666212534059946	0.1425414364640884
Shkoporov	QOV	0.9659400544959128	0.14310223029569077
Shkoporov	QOV	0.9659400544959128	0.1438133874239351
Shkoporov	QOV	0.9659400544959128	0.14451691805951897
Shkoporov	QOV	0.9659400544959128	0.14507878043789646
Shkoporov	QOV	0.9659400544959128	0.1456300708637157
Shkoporov	QOV	0.965258855585831	0.14620305406520842
Shkoporov	QOV	0.965258855585831	0.1467785373938264
Shkoporov	QOV	0.9638964577656676	0.14705882352941177
Shkoporov	QOV	0.9638964577656676	0.14750338788700093
Shkoporov	QOV	0.9638964577656676	0.14804352374973845
Shkoporov	QOV	0.9632152588555858	0.14851381157441446
Shkoporov	QOV	0.9625340599455041	0.1491607727224744
Shkoporov	QOV	0.9625340599455041	0.14974565493853328
Shkoporov	QOV	0.9625340599455041	0.1503031592383789
Shkoporov	QOV	0.9618528610354223	0.15069370330843115
Shkoporov	QOV	0.9618528610354223	0.15121010923109873
Shkoporov	QOV	0.9618528610354223	0.15169746454662655
Shkoporov	QOV	0.9611716621253406	0.15212938005390836
Shkoporov	QOV	0.9604904632152589	0.1526634906886098
Shkoporov	QOV	0.9604904632152589	0.15309446254071662
Shkoporov	QOV	0.9604904632152589	0.15356131561751252
Shkoporov	QOV	0.9604904632152589	0.15418261344997267
Shkoporov	QOV	0.9604904632152589	0.15455442288720816
Shkoporov	QOV	0.9591280653950953	0.15487845121548785
Shkoporov	QOV	0.9591280653950953	0.15551137618732053
Shkoporov	QOV	0.9591280653950953	0.1561321800842759
Shkoporov	QOV	0.9584468664850136	0.15668151447661469
Shkoporov	QOV	0.9564032697547684	0.15687150837988828
Shkoporov	QOV	0.9557220708446866	0.1574635241301908
Shkoporov	QOV	0.9550408719346049	0.1582928756915434
Shkoporov	QOV	0.9550408719346049	0.15897494046944097
Shkoporov	QOV	0.9550408719346049	0.15940875497441728
Shkoporov	QOV	0.9550408719346049	0.15993611681496692
Shkoporov	QOV	0.9550408719346049	0.1606508536725106
Shkoporov	QOV	0.9550408719346049	0.16116795033911943
Shkoporov	QOV	0.9550408719346049	0.16185638420688062
Shkoporov	QOV	0.9543596730245232	0.16247245738142177
Shkoporov	QOV	0.9543596730245232	0.1630586592178771
Shkoporov	QOV	0.9543596730245232	0.16378302548515314
Shkoporov	QOV	0.9543596730245232	0.16439802863177658
Shkoporov	QOV	0.9536784741144414	0.1649387370405278
Shkoporov	QOV	0.952316076294278	0.16544378698224851
Shkoporov	QOV	0.952316076294278	0.16617140140259123
Shkoporov	QOV	0.952316076294278	0.16664679938014065
Shkoporov	QOV	0.9516348773841962	0.1671252542170116
Shkoporov	QOV	0.9516348773841962	0.1677272181534398
Shkoporov	QOV	0.9516348773841962	0.16819166867324825
Shkoporov	QOV	0.9495912806539509	0.16843885935234412
Shkoporov	QOV	0.9495912806539509	0.16890827577850479
Shkoporov	QOV	0.9495912806539509	0.1696276466293502
Shkoporov	QOV	0.9482288828337875	0.1700671960904093
Shkoporov	QOV	0.9475476839237057	0.17063297350343473
Shkoporov	QOV	0.946866485013624	0.1713722105782271
Shkoporov	QOV	0.946866485013624	0.17205099641044683
Shkoporov	QOV	0.946866485013624	0.17273518081272524
Shkoporov	QOV	0.946866485013624	0.17325190078524244
Shkoporov	QOV	0.946866485013624	0.17405459554219885
Shkoporov	QOV	0.946866485013624	0.17455732764033655
Shkoporov	QOV	0.946866485013624	0.17526163157231117
Shkoporov	QOV	0.9455040871934605	0.17560728744939272
Shkoporov	QOV	0.9455040871934605	0.1762763525527051
Shkoporov	QOV	0.9455040871934605	0.17681528662420382
Shkoporov	QOV	0.9455040871934605	0.17742554007414035
Shkoporov	QOV	0.944141689373297	0.1778747433264887
Shkoporov	QOV	0.944141689373297	0.17858523386161576
Shkoporov	QOV	0.9434604904632152	0.17917205692108668
Shkoporov	QOV	0.9427792915531336	0.17964693665628245
Shkoporov	QOV	0.9420980926430518	0.180101575726006
Shkoporov	QOV	0.9420980926430518	0.18073706220595923
Shkoporov	QOV	0.9420980926430518	0.18163908589440506
Shkoporov	QOV	0.94141689373297	0.1823940873696714
Shkoporov	QOV	0.94141689373297	0.183289124668435
Shkoporov	QOV	0.94141689373297	0.18429123883184426
Shkoporov	QOV	0.9407356948228883	0.1847986083232972
Shkoporov	QOV	0.9407356948228883	0.18546870803115767
Shkoporov	QOV	0.9407356948228883	0.18631948192120884
Shkoporov	QOV	0.9407356948228883	0.1871527307223201
Shkoporov	QOV	0.9400544959128065	0.18778065042862974
Shkoporov	QOV	0.9386920980926431	0.18807151630954005
Shkoporov	QOV	0.9386920980926431	0.1887929853404576
Shkoporov	QOV	0.9380108991825613	0.1895910780669145
Shkoporov	QOV	0.9373297002724795	0.18992408557625948
Shkoporov	QOV	0.9373297002724795	0.19066093944852433
Shkoporov	QOV	0.9373297002724795	0.19113765800805668
Shkoporov	QOV	0.9373297002724795	0.1918037357122944
Shkoporov	QOV	0.9373297002724795	0.19247447195411946
Shkoporov	QOV	0.9373297002724795	0.1930144480291766
Shkoporov	QOV	0.9373297002724795	0.19377552457400365
Shkoporov	QOV	0.9373297002724795	0.19451512581283573
Shkoporov	QOV	0.9366485013623979	0.19500780031201248
Shkoporov	QOV	0.9366485013623979	0.19534024719420373
Shkoporov	QOV	0.9359673024523161	0.19575438096594958
Shkoporov	QOV	0.9359673024523161	0.19662278191184887
Shkoporov	QOV	0.9359673024523161	0.19735708129847745
Shkoporov	QOV	0.9359673024523161	0.19846887187635417
Shkoporov	QOV	0.9359673024523161	0.199245939675174
Shkoporov	QOV	0.9359673024523161	0.20026235242675994
Shkoporov	QOV	0.9352861035422343	0.20076034507969
Shkoporov	QOV	0.9346049046321526	0.20149801733000441
Shkoporov	QOV	0.9339237057220708	0.20206337509211497
Shkoporov	QOV	0.9339237057220708	0.20287067179638946
Shkoporov	QOV	0.9339237057220708	0.20368444510473926
Shkoporov	QOV	0.9325613079019074	0.2041759880686055
Shkoporov	QOV	0.9325613079019074	0.20506291192330736
Shkoporov	QOV	0.9318801089918256	0.20565243535778713
Shkoporov	QOV	0.9311989100817438	0.20646428032019332
Shkoporov	QOV	0.9311989100817438	0.20718399515004546
Shkoporov	QOV	0.9305177111716622	0.2078198691617222
Shkoporov	QOV	0.9298365122615804	0.2083015412788036
Shkoporov	QOV	0.9298365122615804	0.20903522205206737
Shkoporov	QOV	0.9291553133514986	0.20997536945812809
Shkoporov	QOV	0.9291553133514986	0.21078658630814404
Shkoporov	QOV	0.9291553133514986	0.21170262300170728
Shkoporov	QOV	0.9291553133514986	0.21242797072107147
Shkoporov	QOV	0.9291553133514986	0.21319162238199438
Shkoporov	QOV	0.9291553133514986	0.21402793033108425
Shkoporov	QOV	0.9284741144414169	0.21471329552614996
Shkoporov	QOV	0.9277929155313351	0.21540408034161
Shkoporov	QOV	0.9257493188010899	0.21578278818672594
Shkoporov	QOV	0.9257493188010899	0.21671184819008132
Shkoporov	QOV	0.9243869209809265	0.21746794871794872
Shkoporov	QOV	0.9243869209809265	0.21851851851851853
Shkoporov	QOV	0.9237057220708447	0.2192400970088925
Shkoporov	QOV	0.9223433242506812	0.21987658330626828
Shkoporov	QOV	0.9216621253405994	0.22046602574547824
Shkoporov	QOV	0.9216621253405994	0.22136780104712042
Shkoporov	QOV	0.9216621253405994	0.2218760249262053
Shkoporov	QOV	0.9209809264305178	0.2224781964785256
Shkoporov	QOV	0.9209809264305178	0.22328654004954582
Shkoporov	QOV	0.9209809264305178	0.2242866622428666
Shkoporov	QOV	0.920299727520436	0.22524174724908302
Shkoporov	QOV	0.920299727520436	0.226146635420154
Shkoporov	QOV	0.9196185286103542	0.22723447231105875
Shkoporov	QOV	0.9189373297002725	0.22798715565320263
Shkoporov	QOV	0.9189373297002725	0.22907114960095093
Shkoporov	QOV	0.9182561307901907	0.2302699009224462
Shkoporov	QOV	0.917574931880109	0.23076923076923078
Shkoporov	QOV	0.9168937329700273	0.23127147766323025
Shkoporov	QOV	0.9162125340599455	0.23185657645233582
Shkoporov	QOV	0.9155313351498637	0.23260643821391486
Shkoporov	QOV	0.9155313351498637	0.23369848721961398
Shkoporov	QOV	0.9148501362397821	0.2342578056863771
Shkoporov	QOV	0.9148501362397821	0.23495451364590622
Shkoporov	QOV	0.9134877384196185	0.2353870458135861
Shkoporov	QOV	0.9134877384196185	0.23642454160789844
Shkoporov	QOV	0.912125340599455	0.23736926076936712
Shkoporov	QOV	0.9114441416893733	0.2381206620395088
Shkoporov	QOV	0.9100817438692098	0.2386140382211109
Shkoporov	QOV	0.9100817438692098	0.23972725641485734
Shkoporov	QOV	0.9100817438692098	0.2408509104020191
Shkoporov	QOV	0.9100817438692098	0.24189751946405938
Shkoporov	QOV	0.909400544959128	0.24255087209302326
Shkoporov	QOV	0.909400544959128	0.24334670069267225
Shkoporov	QOV	0.909400544959128	0.24401389142752697
Shkoporov	QOV	0.909400544959128	0.24477447744774478
Shkoporov	QOV	0.9087193460490464	0.24544618215271388
Shkoporov	QOV	0.9087193460490464	0.2466715976331361
Shkoporov	QOV	0.9087193460490464	0.2475412878084988
Shkoporov	QOV	0.9073569482288828	0.24836845049412642
Shkoporov	QOV	0.9073569482288828	0.24934481467615124
Shkoporov	QOV	0.9059945504087193	0.24990605035700864
Shkoporov	QOV	0.9059945504087193	0.2512278050623347
Shkoporov	QOV	0.9053133514986376	0.251847640704946
Shkoporov	QOV	0.9053133514986376	0.25295013323182336
Shkoporov	QOV	0.9039509536784741	0.2537770128131574
Shkoporov	QOV	0.9025885558583107	0.2546607726311743
Shkoporov	QOV	0.9012261580381471	0.25535610885929355
Shkoporov	QOV	0.9005449591280654	0.256003098373354
Shkoporov	QOV	0.9005449591280654	0.2567987567987568
Shkoporov	QOV	0.8998637602179836	0.2576555490540277
Shkoporov	QOV	0.8998637602179836	0.2591720619972533
Shkoporov	QOV	0.8998637602179836	0.26029556650246305
Shkoporov	QOV	0.8985013623978202	0.2609297725024728
Shkoporov	QOV	0.8971389645776566	0.2619331742243437
Shkoporov	QOV	0.8971389645776566	0.26308429884139034
Shkoporov	QOV	0.8950953678474114	0.2636965683323299
Shkoporov	QOV	0.8950953678474114	0.26491935483870965
Shkoporov	QOV	0.8937329700272479	0.26537216828478966
Shkoporov	QOV	0.8923705722070845	0.265989847715736
Shkoporov	QOV	0.8896457765667575	0.2666394446712944
Shkoporov	QOV	0.888283378746594	0.2669396110542477
Shkoporov	QOV	0.8876021798365122	0.26827259625283095
Shkoporov	QOV	0.8876021798365122	0.26949327817993796
Shkoporov	QOV	0.8876021798365122	0.2712323064113239
Shkoporov	QOV	0.8876021798365122	0.2724231653773782
Shkoporov	QOV	0.8876021798365122	0.27333752884413676
Shkoporov	QOV	0.8876021798365122	0.2746627318718381
Shkoporov	QOV	0.8876021798365122	0.27576719576719577
Shkoporov	QOV	0.8862397820163488	0.27627946485453386
Shkoporov	QOV	0.8848773841961853	0.2770313499680102
Shkoporov	QOV	0.8848773841961853	0.2780393835616438
Shkoporov	QOV	0.8828337874659401	0.27882960413080893
Shkoporov	QOV	0.8828337874659401	0.2801556420233463
Shkoporov	QOV	0.8821525885558583	0.28182807399347115
Shkoporov	QOV	0.8814713896457765	0.2822862129144852
Shkoporov	QOV	0.8801089918256131	0.28320911880754057
Shkoporov	QOV	0.8801089918256131	0.2838936497473083
Shkoporov	QOV	0.8794277929155313	0.2849889624724062
Shkoporov	QOV	0.8794277929155313	0.2861258865248227
Shkoporov	QOV	0.8780653950953679	0.28708240534521157
Shkoporov	QOV	0.8780653950953679	0.28843141642425596
Shkoporov	QOV	0.8773841961852861	0.28917826672653796
Shkoporov	QOV	0.8773841961852861	0.2904826341903473
Shkoporov	QOV	0.8773841961852861	0.2913368016285908
Shkoporov	QOV	0.8760217983651226	0.2920072661217075
Shkoporov	QOV	0.8732970027247956	0.29256047466910085
Shkoporov	QOV	0.8732970027247956	0.29390187987161853
Shkoporov	QOV	0.8726158038147139	0.2948895027624309
Shkoporov	QOV	0.8726158038147139	0.29556991232118135
Shkoporov	QOV	0.8719346049046321	0.29691486893992114
Shkoporov	QOV	0.8719346049046321	0.29809035863996275
Shkoporov	QOV	0.8712534059945504	0.29925128685072533
Shkoporov	QOV	0.8705722070844687	0.2999295939920206
Shkoporov	QOV	0.8692098092643051	0.3010143901863647
Shkoporov	QOV	0.8692098092643051	0.3026565464895636
Shkoporov	QOV	0.8692098092643051	0.3041716328963051
Shkoporov	QOV	0.8692098092643051	0.3046800382043935
Shkoporov	QOV	0.8692098092643051	0.3058485139022052
Shkoporov	QOV	0.8692098092643051	0.30724777269443776
Shkoporov	QOV	0.8692098092643051	0.30821256038647343
Shkoporov	QOV	0.8692098092643051	0.30963358408153363
Shkoporov	QOV	0.8685286103542235	0.31074823300024373
Shkoporov	QOV	0.8685286103542235	0.3118121790168745
Shkoporov	QOV	0.8678474114441417	0.3134071340713407
Shkoporov	QOV	0.8671662125340599	0.314320987654321
Shkoporov	QOV	0.8658038147138964	0.31554121151936443
Shkoporov	QOV	0.8658038147138964	0.3168785838942907
Shkoporov	QOV	0.864441416893733	0.3182844243792325
Shkoporov	QOV	0.8637602179836512	0.3197982345523329
Shkoporov	QOV	0.8637602179836512	0.32093140976967854
Shkoporov	QOV	0.8630790190735694	0.32149200710479575
Shkoporov	QOV	0.8610354223433242	0.32179226069246436
Shkoporov	QOV	0.8610354223433242	0.32327365728900254
Shkoporov	QOV	0.8583106267029973	0.32390745501285345
Shkoporov	QOV	0.8576294277929155	0.32515495867768596
Shkoporov	QOV	0.8562670299727521	0.325732054936512
Shkoporov	QOV	0.8562670299727521	0.3266632016632017
Shkoporov	QOV	0.853542234332425	0.3269832985386221
Shkoporov	QOV	0.853542234332425	0.3283542976939203
Shkoporov	QOV	0.853542234332425	0.3296500920810313
Shkoporov	QOV	0.8528610354223434	0.3308668076109937
Shkoporov	QOV	0.8528610354223434	0.33253652058432936
Shkoporov	QOV	0.8514986376021798	0.33360021350413666
Shkoporov	QOV	0.8514986376021798	0.3344929087503345
Shkoporov	QOV	0.8514986376021798	0.33656435110393107
Shkoporov	QOV	0.8508174386920981	0.33747635774115103
Shkoporov	QOV	0.8501362397820164	0.33931484502446985
Shkoporov	QOV	0.8501362397820164	0.3404255319148936
Shkoporov	QOV	0.8494550408719346	0.3413632630714481
Shkoporov	QOV	0.8487738419618529	0.3425900467418202
Shkoporov	QOV	0.8480926430517711	0.34344827586206894
Shkoporov	QOV	0.8467302452316077	0.3444167359379329
Shkoporov	QOV	0.8460490463215259	0.34625034848062447
Shkoporov	QOV	0.8446866485013624	0.3473389355742297
Shkoporov	QOV	0.8440054495912807	0.3493092754440372
Shkoporov	QOV	0.8440054495912807	0.3510909606120714
Shkoporov	QOV	0.8433242506811989	0.35160465776767963
Shkoporov	QOV	0.8412806539509536	0.3522532800912721
Shkoporov	QOV	0.8399182561307902	0.35370051635111877
Shkoporov	QOV	0.8392370572207084	0.3547365390152606
Shkoporov	QOV	0.837874659400545	0.35559410234171723
Shkoporov	QOV	0.8371934604904632	0.35685249709639955
Shkoporov	QOV	0.8365122615803815	0.35760046592894584
Shkoporov	QOV	0.8358310626702997	0.35835280373831774
Shkoporov	QOV	0.8351498637602179	0.3596362569668525
Shkoporov	QOV	0.8337874659400545	0.36095547036272485
Shkoporov	QOV	0.8331062670299727	0.36237037037037034
Shkoporov	QOV	0.8317438692098093	0.3642601431980907
Shkoporov	QOV	0.8317438692098093	0.3661169415292354
Shkoporov	QOV	0.8303814713896458	0.3662860576923077
Shkoporov	QOV	0.8290190735694822	0.3672299336149668
Shkoporov	QOV	0.8283378746594006	0.36837322023629204
Shkoporov	QOV	0.8276566757493188	0.3699756394640682
Shkoporov	QOV	0.8276566757493188	0.3713325183374083
Shkoporov	QOV	0.8262942779291553	0.37220006136851796
Shkoporov	QOV	0.8262942779291553	0.3738058551617874
Shkoporov	QOV	0.8262942779291553	0.375890920359467
Shkoporov	QOV	0.8262942779291553	0.37717661691542287
Shkoporov	QOV	0.8262942779291553	0.3785892634207241
Shkoporov	QOV	0.8262942779291553	0.37989351706858754
Shkoporov	QOV	0.8256130790190735	0.38113207547169814
Shkoporov	QOV	0.8249318801089919	0.3826224328593997
Shkoporov	QOV	0.8249318801089919	0.3848109310454401
Shkoporov	QOV	0.8228882833787466	0.38581922708399874
Shkoporov	QOV	0.8208446866485014	0.3869621066152858
Shkoporov	QOV	0.8208446866485014	0.38770913770913773
Shkoporov	QOV	0.8201634877384196	0.38876331934129804
Shkoporov	QOV	0.8194822888283378	0.3898250162022035
Shkoporov	QOV	0.8188010899182562	0.39153094462540716
Shkoporov	QOV	0.8181198910081744	0.39312602291325693
Shkoporov	QOV	0.8174386920980926	0.39421813403416556
Shkoporov	QOV	0.8160762942779292	0.3955100693298118
Shkoporov	QOV	0.8153950953678474	0.3971466489714665
Shkoporov	QOV	0.8147138964577657	0.3989326217478319
Shkoporov	QOV	0.8133514986376021	0.401074907625126
Shkoporov	QOV	0.8133514986376021	0.4022911051212938
Shkoporov	QOV	0.8126702997275205	0.4033130493576741
Shkoporov	QOV	0.8119891008174387	0.4037940379403794
Shkoporov	QOV	0.8113079019073569	0.40468909276248727
Shkoporov	QOV	0.8113079019073569	0.40606887146266624
Shkoporov	QOV	0.8106267029972752	0.4071159767362299
Shkoporov	QOV	0.8092643051771117	0.40796703296703296
Shkoporov	QOV	0.80858310626703	0.40916925198207516
Shkoporov	QOV	0.80858310626703	0.41044260027662516
Shkoporov	QOV	0.80858310626703	0.4127260083449235
Shkoporov	QOV	0.8072207084468664	0.41419084236281023
Shkoporov	QOV	0.8065395095367848	0.41485634197617377
Shkoporov	QOV	0.805858310626703	0.41625615763546797
Shkoporov	QOV	0.805858310626703	0.417725988700565
Shkoporov	QOV	0.8051771117166212	0.41914893617021276
Shkoporov	QOV	0.8038147138964578	0.42082738944365194
Shkoporov	QOV	0.8038147138964578	0.42233357193987114
Shkoporov	QOV	0.8017711171662125	0.42338129496402876
Shkoporov	QOV	0.8017711171662125	0.42583212735166426
Shkoporov	QOV	0.8004087193460491	0.42742815569297926
Shkoporov	QOV	0.7983651226158038	0.4278933917488134
Shkoporov	QOV	0.7983651226158038	0.42883278448591294
Shkoporov	QOV	0.7963215258855586	0.430253956569746
Shkoporov	QOV	0.7956403269754768	0.43131462333825704
Shkoporov	QOV	0.7949591280653951	0.4328635014836795
Shkoporov	QOV	0.7942779291553134	0.4336184455187802
Shkoporov	QOV	0.7935967302452316	0.4342154304882594
Shkoporov	QOV	0.7922343324250681	0.4359070464767616
Shkoporov	QOV	0.7915531335149864	0.4370063933809703
Shkoporov	QOV	0.7908719346049047	0.4386097468832641
Shkoporov	QOV	0.7895095367847411	0.43951459992415626
Shkoporov	QOV	0.7888283378746594	0.44097486671744096
Shkoporov	QOV	0.7888283378746594	0.44215349369988544
Shkoporov	QOV	0.7874659400544959	0.44359171143514964
Shkoporov	QOV	0.784741144414169	0.4444444444444444
Shkoporov	QOV	0.7840599455040872	0.4454334365325077
Shkoporov	QOV	0.7833787465940054	0.4467754467754468
Shkoporov	QOV	0.7826975476839237	0.447953216374269
Shkoporov	QOV	0.7806539509536785	0.4487079091620987
Shkoporov	QOV	0.7799727520435967	0.44954848841774636
Shkoporov	QOV	0.7772479564032697	0.45009861932938855
Shkoporov	QOV	0.7772479564032697	0.4520602218700475
Shkoporov	QOV	0.7752043596730245	0.4526650755767701
Shkoporov	QOV	0.7745231607629428	0.4553464156988386
Shkoporov	QOV	0.773841961852861	0.4569589702333065
Shkoporov	QOV	0.7731607629427792	0.4585858585858586
Shkoporov	QOV	0.7717983651226158	0.4601949634443542
Shkoporov	QOV	0.7683923705722071	0.46078431372549017
Shkoporov	QOV	0.7683923705722071	0.46229508196721314
Shkoporov	QOV	0.7683923705722071	0.4636251541307028
Shkoporov	QOV	0.7677111716621253	0.4653179190751445
Shkoporov	QOV	0.7643051771117166	0.46556016597510375
Shkoporov	QOV	0.7636239782016349	0.46747289407839865
Shkoporov	QOV	0.7629427792915532	0.4682274247491639
Shkoporov	QOV	0.760899182561308	0.4687368862778011
Shkoporov	QOV	0.7602179836512262	0.47068747363981445
Shkoporov	QOV	0.7595367847411444	0.4724576271186441
Shkoporov	QOV	0.7574931880108992	0.4735945485519591
Shkoporov	QOV	0.7568119891008175	0.4755993150684932
Shkoporov	QOV	0.7554495912806539	0.4771944922547332
Shkoporov	QOV	0.7547683923705722	0.47861771058315333
Shkoporov	QOV	0.7534059945504087	0.48024316109422494
Shkoporov	QOV	0.752724795640327	0.48064375815571986
Shkoporov	QOV	0.7513623978201635	0.48144914884329987
Shkoporov	QOV	0.75	0.48226018396846254
Shkoporov	QOV	0.7486376021798365	0.4841409691629956
Shkoporov	QOV	0.747275204359673	0.4851835471030517
Shkoporov	QOV	0.7465940054495913	0.4858156028368794
Shkoporov	QOV	0.7465940054495913	0.48776145972407653
Shkoporov	QOV	0.7465940054495913	0.488195991091314
Shkoporov	QOV	0.7452316076294278	0.489047831917747
Shkoporov	QOV	0.7452316076294278	0.4914645103324349
Shkoporov	QOV	0.7452316076294278	0.4934596301308074
Shkoporov	QOV	0.7445504087193461	0.49524241051200724
Shkoporov	QOV	0.7425068119891008	0.49613108784706417
Shkoporov	QOV	0.7411444141689373	0.4977127172918573
Shkoporov	QOV	0.7411444141689373	0.4997703261368856
Shkoporov	QOV	0.7411444141689373	0.500459981600736
Shkoporov	QOV	0.7411444141689373	0.5018450184501845
Shkoporov	QOV	0.7404632152588556	0.5046425255338904
Shkoporov	QOV	0.7404632152588556	0.5065237651444549
Shkoporov	QOV	0.739100817438692	0.5079588014981273
Shkoporov	QOV	0.7384196185286104	0.5093984962406015
Shkoporov	QOV	0.7384196185286104	0.5105982100800753
Shkoporov	QOV	0.7377384196185286	0.5115729806329712
Shkoporov	QOV	0.7363760217983651	0.5130517323208353
Shkoporov	QOV	0.7363760217983651	0.5164835164835165
Shkoporov	QOV	0.7356948228882834	0.5192307692307693
Shkoporov	QOV	0.7336512261580381	0.5202898550724637
Shkoporov	QOV	0.7336512261580381	0.5220552593310712
Shkoporov	QOV	0.7336512261580381	0.5245981490501704
Shkoporov	QOV	0.7329700272479565	0.525390625
Shkoporov	QOV	0.7316076294277929	0.5269872423945045
Shkoporov	QOV	0.7282016348773842	0.5268605224248398
Shkoporov	QOV	0.7282016348773842	0.529470034670629
Shkoporov	QOV	0.7268392370572208	0.5308457711442786
Shkoporov	QOV	0.7247956403269755	0.5322661330665333
Shkoporov	QOV	0.7247956403269755	0.5344048216976394
Shkoporov	QOV	0.7227520435967303	0.5358585858585858
Shkoporov	QOV	0.7227520435967303	0.5383054287163876
Shkoporov	QOV	0.7220708446866485	0.5391658189216684
Shkoporov	QOV	0.7220708446866485	0.5413687436159347
Shkoporov	QOV	0.7220708446866485	0.5427547363031234
Shkoporov	QOV	0.7213896457765667	0.5444730077120823
Shkoporov	QOV	0.720708446866485	0.5456420835482207
Shkoporov	QOV	0.7200272479564033	0.5473847747281202
Shkoporov	QOV	0.7186648501362398	0.5486219448777951
Shkoporov	QOV	0.717983651226158	0.5501043841336117
Shkoporov	QOV	0.717983651226158	0.5527005768222338
Shkoporov	QOV	0.717983651226158	0.554445028932141
Shkoporov	QOV	0.7166212534059946	0.5560253699788583
Shkoporov	QOV	0.7159400544959128	0.5575596816976127
Shkoporov	QOV	0.7145776566757494	0.5588705380927012
Shkoporov	QOV	0.7132152588555858	0.5598930481283423
Shkoporov	QOV	0.7118528610354223	0.5603217158176944
Shkoporov	QOV	0.7104904632152589	0.5622641509433962
Shkoporov	QOV	0.7084468664850136	0.5639913232104121
Shkoporov	QOV	0.7064032697547684	0.5638934203371397
Shkoporov	QOV	0.7029972752043597	0.5636264336428182
Shkoporov	QOV	0.7009536784741145	0.564454196379594
Shkoporov	QOV	0.6995912806539509	0.564906490649065
Shkoporov	QOV	0.6975476839237057	0.5657458563535912
Shkoporov	QOV	0.6975476839237057	0.5685730149916713
Shkoporov	QOV	0.694141689373297	0.569910514541387
Shkoporov	QOV	0.6934604904632152	0.570627802690583
Shkoporov	QOV	0.6927792915531336	0.5726351351351351
Shkoporov	QOV	0.6927792915531336	0.5739277652370203
Shkoporov	QOV	0.6927792915531336	0.5755517826825127
Shkoporov	QOV	0.6927792915531336	0.5762039660056657
Shkoporov	QOV	0.6907356948228883	0.5771200910643142
Shkoporov	QOV	0.6893732970027248	0.5782857142857143
Shkoporov	QOV	0.6893732970027248	0.5789473684210527
Shkoporov	QOV	0.6886920980926431	0.5813686026451984
Shkoporov	QOV	0.6873297002724795	0.5822273514137334
Shkoporov	QOV	0.6859673024523161	0.5830920671685003
Shkoporov	QOV	0.6852861035422343	0.5859056493884682
Shkoporov	QOV	0.6832425068119891	0.5886150234741784
Shkoporov	QOV	0.6825613079019074	0.5918487891317188
Shkoporov	QOV	0.6805177111716622	0.5925266903914591
Shkoporov	QOV	0.6798365122615804	0.5933412604042806
Shkoporov	QOV	0.6784741144414169	0.5964071856287425
Shkoporov	QOV	0.6771117166212534	0.5984346779048766
Shkoporov	QOV	0.6771117166212534	0.6002415458937198
Shkoporov	QOV	0.6771117166212534	0.6024242424242424
Shkoporov	QOV	0.6764305177111717	0.6036474164133738
Shkoporov	QOV	0.6750681198910081	0.6039000609384522
Shkoporov	QOV	0.6750681198910081	0.6064871481028152
Shkoporov	QOV	0.6737057220708447	0.6078672403196066
Shkoporov	QOV	0.6723433242506812	0.6085080147965475
Shkoporov	QOV	0.6716621253405994	0.6101485148514851
Shkoporov	QOV	0.6716621253405994	0.6112833230006199
Shkoporov	QOV	0.6696185286103542	0.6124610591900311
Shkoporov	QOV	0.6689373297002725	0.6141338336460288
Shkoporov	QOV	0.6668937329700273	0.6137931034482759
Shkoporov	QOV	0.6668937329700273	0.6149497487437185
Shkoporov	QOV	0.6662125340599455	0.6154814348646948
Shkoporov	QOV	0.6641689373297003	0.6170886075949367
Shkoporov	QOV	0.6628065395095368	0.6173857868020305
Shkoporov	QOV	0.6587193460490464	0.6167091836734694
Shkoporov	QOV	0.6566757493188011	0.617157490396927
Shkoporov	QOV	0.6559945504087193	0.6177036561898653
Shkoporov	QOV	0.6546321525885559	0.6176092544987146
Shkoporov	QOV	0.6525885558583107	0.618463524854745
Shkoporov	QOV	0.6525885558583107	0.6216742375081116
Shkoporov	QOV	0.6498637602179836	0.62109375
Shkoporov	QOV	0.6478201634877384	0.6219751471550032
Shkoporov	QOV	0.6471389645776566	0.6225425950196593
Shkoporov	QOV	0.6444141689373297	0.6227781435154707
Shkoporov	QOV	0.6430517711171662	0.6231023102310231
Shkoporov	QOV	0.6423705722070845	0.6236772486772487
Shkoporov	QOV	0.6410081743869209	0.6244193762441937
Shkoporov	QOV	0.6389645776566758	0.6253333333333333
Shkoporov	QOV	0.6376021798365122	0.625250501002004
Shkoporov	QOV	0.635558583106267	0.6253351206434317
Shkoporov	QOV	0.6321525885558583	0.6261808367071525
Shkoporov	QOV	0.6294277929155313	0.6272912423625254
Shkoporov	QOV	0.6287465940054496	0.6274643099932019
Shkoporov	QOV	0.6260217983651226	0.6277322404371585
Shkoporov	QOV	0.6246594005449592	0.6280821917808219
Shkoporov	QOV	0.6226158038147139	0.6294765840220385
Shkoporov	QOV	0.6226158038147139	0.6312154696132597
Shkoporov	QOV	0.6219346049046321	0.6331484049930652
Shkoporov	QOV	0.6205722070844687	0.6330785267546908
Shkoporov	QOV	0.6192098092643051	0.6343335659455688
Shkoporov	QOV	0.6171662125340599	0.634453781512605
Shkoporov	QOV	0.6158038147138964	0.6352775825720309
Shkoporov	QOV	0.6151226158038147	0.6368124118476728
Shkoporov	QOV	0.614441416893733	0.6374558303886926
Shkoporov	QOV	0.614441416893733	0.6383581033262562
Shkoporov	QOV	0.6130790190735694	0.6392045454545454
Shkoporov	QOV	0.6103542234332425	0.6395431834403997
Shkoporov	QOV	0.6083106267029973	0.6406025824964132
Shkoporov	QOV	0.6049046321525886	0.6416184971098265
Shkoporov	QOV	0.6021798365122616	0.6424418604651163
Shkoporov	QOV	0.6008174386920981	0.6437956204379562
Shkoporov	QOV	0.5994550408719346	0.6446886446886447
Shkoporov	QOV	0.5980926430517711	0.646539027982327
Shkoporov	QOV	0.5953678474114441	0.6469282013323464
Shkoporov	QOV	0.5919618528610354	0.6470588235294118
Shkoporov	QOV	0.5912806539509536	0.6477611940298508
Shkoporov	QOV	0.5892370572207084	0.6479400749063671
Shkoporov	QOV	0.5871934604904632	0.6481203007518797
Shkoporov	QOV	0.5865122615803815	0.6488319517709118
Shkoporov	QOV	0.5865122615803815	0.6503021148036254
Shkoporov	QOV	0.5858310626702997	0.6500377928949358
Shkoporov	QOV	0.5831062670299727	0.6504559270516718
Shkoporov	QOV	0.5790190735694822	0.6498470948012233
Shkoporov	QOV	0.5762942779291553	0.6507692307692308
Shkoporov	QOV	0.5749318801089919	0.6512345679012346
Shkoporov	QOV	0.5742506811989101	0.6519721577726219
Shkoporov	QOV	0.5715258855585831	0.6519036519036518
Shkoporov	QOV	0.5681198910081744	0.6525821596244131
Shkoporov	QOV	0.5667574931880109	0.6546026750590087
Shkoporov	QOV	0.5653950953678474	0.6550907655880032
Shkoporov	QOV	0.5613079019073569	0.6555290373906125
Shkoporov	QOV	0.5599455040871935	0.6555023923444976
Shkoporov	QOV	0.5599455040871935	0.657074340527578
Shkoporov	QOV	0.5599455040871935	0.6581265012009607
Shkoporov	QOV	0.55858310626703	0.6581059390048154
Shkoporov	QOV	0.5579019073569482	0.6588897827835881
Shkoporov	QOV	0.5572207084468664	0.6602098466505246
Shkoporov	QOV	0.553133514986376	0.6601626016260163
Shkoporov	QOV	0.5517711171662125	0.6606851549755302
Shkoporov	QOV	0.5497275204359673	0.660392798690671
Shkoporov	QOV	0.5470027247956403	0.6603618421052632
Shkoporov	QOV	0.5435967302452316	0.6595041322314049
Shkoporov	QOV	0.5408719346049047	0.659468438538206
Shkoporov	QOV	0.5374659400544959	0.6613579212070411
Shkoporov	QOV	0.5354223433242506	0.6621735467565291
Shkoporov	QOV	0.5340599455040872	0.6627218934911243
Shkoporov	QOV	0.5333787465940054	0.6635593220338983
Shkoporov	QOV	0.532016348773842	0.6641156462585034
Shkoporov	QOV	0.5313351498637602	0.6649616368286445
Shkoporov	QOV	0.529291553133515	0.6658097686375322
Shkoporov	QOV	0.5272479564032697	0.6649484536082474
Shkoporov	QOV	0.5252043596730245	0.6658031088082902
Shkoporov	QOV	0.5224795640326976	0.6652211621856028
Shkoporov	QOV	0.5204359673024523	0.6672489082969433
Shkoporov	QOV	0.5190735694822888	0.6672504378283712
Shkoporov	QOV	0.5149863760217984	0.6672550750220653
Shkoporov	QOV	0.5129427792915532	0.6687388987566607
Shkoporov	QOV	0.5115803814713896	0.6699375557537912
Shkoporov	QOV	0.5081743869209809	0.6702605570530099
Shkoporov	QOV	0.5074931880108992	0.6705670567056705
Shkoporov	QOV	0.5040871934604905	0.6690777576853526
Shkoporov	QOV	0.502724795640327	0.6690843155031732
Shkoporov	QOV	0.5013623978201635	0.6696997270245678
Shkoporov	QOV	0.5	0.6715462031107045
Shkoporov	QOV	0.49659400544959126	0.6706531738730451
Shkoporov	QOV	0.4938692098092643	0.6706753006475485
Shkoporov	QOV	0.49114441416893734	0.6719478098788444
Shkoporov	QOV	0.48637602179836514	0.6710526315789473
Shkoporov	QOV	0.48365122615803813	0.6704438149197356
Shkoporov	QOV	0.4822888283378747	0.6717267552182163
Shkoporov	QOV	0.48092643051771117	0.6723809523809524
Shkoporov	QOV	0.4775204359673024	0.671455938697318
Shkoporov	QOV	0.47547683923705725	0.6730954676952748
Shkoporov	QOV	0.47547683923705725	0.6743961352657005
Shkoporov	QOV	0.470708446866485	0.6741463414634147
Shkoporov	QOV	0.4673024523160763	0.6745329400196657
Shkoporov	QOV	0.4611716621253406	0.674975074775673
Shkoporov	QOV	0.45708446866485014	0.6736947791164659
Shkoporov	QOV	0.45231607629427795	0.6747967479674797
Shkoporov	QOV	0.44959128065395093	0.6741573033707865
Shkoporov	QOV	0.4475476839237057	0.6745379876796714
Shkoporov	QOV	0.44482288828337874	0.6759834368530021
Shkoporov	QOV	0.44073569482288827	0.6760710553814002
Shkoporov	QOV	0.4366485013623978	0.6754478398314014
Shkoporov	QOV	0.43528610354223435	0.676906779661017
Shkoporov	QOV	0.4311989100817439	0.6748400852878464
Shkoporov	QOV	0.42779291553133514	0.6738197424892703
Shkoporov	QOV	0.42370572207084467	0.6753528773072747
Shkoporov	QOV	0.41689373297002724	0.6732673267326733
Shkoporov	QOV	0.4141689373297003	0.6740576496674058
Shkoporov	QOV	0.4100817438692098	0.6733780760626398
Shkoporov	QOV	0.40735694822888285	0.6749435665914221
Shkoporov	QOV	0.40463215258855584	0.6765375854214123
Shkoporov	QOV	0.40122615803814715	0.6762342135476463
Shkoporov	QOV	0.3978201634877384	0.6774941995359629
Shkoporov	QOV	0.3916893732970027	0.6756756756756757
Shkoporov	QOV	0.38760217983651224	0.6773809523809524
Shkoporov	QOV	0.3814713896457766	0.6763285024154589
Shkoporov	QOV	0.3746594005449591	0.6756756756756757
Shkoporov	QOV	0.3698910081743869	0.6753731343283582
Shkoporov	QOV	0.3637602179836512	0.6716981132075471
Shkoporov	QOV	0.3603542234332425	0.6721728081321474
Shkoporov	QOV	0.3521798365122616	0.6705577172503242
Shkoporov	QOV	0.3467302452316076	0.6715039577836411
Shkoporov	QOV	0.3412806539509537	0.6715817694369973
Shkoporov	QOV	0.3371934604904632	0.673469387755102
Shkoporov	QOV	0.3310626702997275	0.6712707182320442
Shkoporov	QOV	0.3276566757493188	0.6727272727272727
Shkoporov	QOV	0.3215258855585831	0.6704545454545454
Shkoporov	QOV	0.31607629427792916	0.6695526695526696
Shkoporov	QOV	0.30858310626702995	0.668141592920354
Shkoporov	QOV	0.3010899182561308	0.6646616541353384
Shkoporov	QOV	0.2956403269754768	0.664624808575804
Shkoporov	QOV	0.2895095367847411	0.6651017214397497
Shkoporov	QOV	0.2826975476839237	0.6650641025641025
Shkoporov	QOV	0.27111716621253407	0.6600331674958541
Shkoporov	QOV	0.26634877384196187	0.660472972972973
Shkoporov	QOV	0.25681198910081743	0.6556521739130434
Shkoporov	QOV	0.24455040871934605	0.648014440433213
Shkoporov	QOV	0.23773841961852862	0.6451016635859519
Shkoporov	QOV	0.2329700272479564	0.6477272727272727
Shkoporov	QOV	0.22547683923705722	0.6490196078431373
Shkoporov	QOV	0.2159400544959128	0.6469387755102041
Shkoporov	QOV	0.2111716621253406	0.6471816283924844
Shkoporov	QOV	0.20027247956403268	0.6419213973799127
Shkoporov	QOV	0.19209809264305178	0.6409090909090909
Shkoporov	QOV	0.18324250681198911	0.6359338061465721
Shkoporov	QOV	0.1723433242506812	0.6437659033078881
Shkoporov	QOV	0.16348773841961853	0.6451612903225806
Shkoporov	QOV	0.15599455040871935	0.6414565826330533
Shkoporov	QOV	0.1444141689373297	0.6463414634146342
Shkoporov	QOV	0.1287465940054496	0.6342281879194631
Shkoporov	QOV	0.11989100817438691	0.6285714285714286
Shkoporov	QOV	0.10831062670299728	0.6309523809523809
Shkoporov	QOV	0.09536784741144415	0.6222222222222222
Shkoporov	QOV	0.0776566757493188	0.6129032258064516
Shkoporov	QOV	0.06471389645776567	0.6012658227848101
Shkoporov	QOV	0.04904632152588556	0.5806451612903226
Shkoporov	QOV	0.02997275204359673	0.5176470588235295
Shkoporov	QOV	0.020435967302452316	0.5
Shkoporov	QOV	0.005449591280653951	0.3076923076923077
Shkoporov	QOV	0.0027247956403269754	0.3076923076923077
Shkoporov	QOV	0.0	1.0
Shkoporov	geNomad	1.0	0.030390857899966876
Shkoporov	geNomad	1.0	0.030396521379024745
Shkoporov	geNomad	1.0	0.030406594999896435
Shkoporov	geNomad	1.0	0.0304179358073807
Shkoporov	geNomad	0.9993188010899182	0.030409187015463704
Shkoporov	geNomad	0.9993188010899182	0.030420537491705375
Shkoporov	geNomad	0.9993188010899182	0.03043252774608443
Shkoporov	geNomad	0.9993188010899182	0.03044263213596464
Shkoporov	geNomad	0.9993188010899182	0.030460330973194078
Shkoporov	geNomad	0.9993188010899182	0.030473618612380557
Shkoporov	geNomad	0.9993188010899182	0.0304938887503118
Shkoporov	geNomad	0.9993188010899182	0.030516090112953215
Shkoporov	geNomad	0.9993188010899182	0.03054086688595578
Shkoporov	geNomad	0.9993188010899182	0.03056313673201525
Shkoporov	geNomad	0.9993188010899182	0.030586714482298487
Shkoporov	geNomad	0.9993188010899182	0.030613522537562603
Shkoporov	geNomad	0.9993188010899182	0.030657666506447096
Shkoporov	geNomad	0.9993188010899182	0.03069358719531332
Shkoporov	geNomad	0.9993188010899182	0.030732167172933905
Shkoporov	geNomad	0.9993188010899182	0.030775362926911135
Shkoporov	geNomad	0.9993188010899182	0.03083422662210732
Shkoporov	geNomad	0.9993188010899182	0.030867964229352972
Shkoporov	geNomad	0.9993188010899182	0.03090828645471209
Shkoporov	geNomad	0.9993188010899182	0.03094022862445691
Shkoporov	geNomad	0.9993188010899182	0.030993176008281748
Shkoporov	geNomad	0.9993188010899182	0.031037765788638528
Shkoporov	geNomad	0.9986376021798365	0.0310527430629104
Shkoporov	geNomad	0.9986376021798365	0.03109159932981273
Shkoporov	geNomad	0.9986376021798365	0.03113584232435647
Shkoporov	geNomad	0.9986376021798365	0.031160991370148366
Shkoporov	geNomad	0.9986376021798365	0.031200783212020602
Shkoporov	geNomad	0.9986376021798365	0.03123402079427305
Shkoporov	geNomad	0.9986376021798365	0.031271998122826855
Shkoporov	geNomad	0.9986376021798365	0.03130271389831956
Shkoporov	geNomad	0.9986376021798365	0.03133148108570207
Shkoporov	geNomad	0.9986376021798365	0.03136432682227595
Shkoporov	geNomad	0.9986376021798365	0.03139589668908211
Shkoporov	geNomad	0.9986376021798365	0.03142550911039657
Shkoporov	geNomad	0.9986376021798365	0.03145585237635447
Shkoporov	geNomad	0.9986376021798365	0.031484225672744455
Shkoporov	geNomad	0.9979564032697548	0.03148844707146695
Shkoporov	geNomad	0.9979564032697548	0.03152164558051467
Shkoporov	geNomad	0.9979564032697548	0.031546760266155605
Shkoporov	geNomad	0.9979564032697548	0.03157123461845139
Shkoporov	geNomad	0.9979564032697548	0.031600517687661776
Shkoporov	geNomad	0.9979564032697548	0.03162575826263411
Shkoporov	geNomad	0.9979564032697548	0.03165309076766847
Shkoporov	geNomad	0.9979564032697548	0.03166951295964029
Shkoporov	geNomad	0.9979564032697548	0.0316907501946872
Shkoporov	geNomad	0.9979564032697548	0.03171888193647563
Shkoporov	geNomad	0.9979564032697548	0.031743624190158394
Shkoporov	geNomad	0.9979564032697548	0.03176564973221449
Shkoporov	geNomad	0.9979564032697548	0.03179322467935502
Shkoporov	geNomad	0.9979564032697548	0.03181117408203592
Shkoporov	geNomad	0.9979564032697548	0.031831218494698416
Shkoporov	geNomad	0.9979564032697548	0.03185405840273097
Shkoporov	geNomad	0.9979564032697548	0.03188248095756257
Shkoporov	geNomad	0.9979564032697548	0.031906089380608064
Shkoporov	geNomad	0.9979564032697548	0.03192486216740395
Shkoporov	geNomad	0.9979564032697548	0.031952714344914826
Shkoporov	geNomad	0.997275204359673	0.03196576344461669
Shkoporov	geNomad	0.997275204359673	0.031983920651912696
Shkoporov	geNomad	0.997275204359673	0.032009795347210074
Shkoporov	geNomad	0.9965940054495913	0.032021537383995796
Shkoporov	geNomad	0.9965940054495913	0.032052405573569365
Shkoporov	geNomad	0.9965940054495913	0.03209107460132927
Shkoporov	geNomad	0.9965940054495913	0.032127014800825686
Shkoporov	geNomad	0.9965940054495913	0.032163035592586896
Shkoporov	geNomad	0.9965940054495913	0.03220409870347135
Shkoporov	geNomad	0.9965940054495913	0.03223887174966946
Shkoporov	geNomad	0.9965940054495913	0.03227443194352526
Shkoporov	geNomad	0.9965940054495913	0.032310784248768744
Shkoporov	geNomad	0.9965940054495913	0.03234149792200902
Shkoporov	geNomad	0.9965940054495913	0.032382301511764314
Shkoporov	geNomad	0.9965940054495913	0.03242105263157895
Shkoporov	geNomad	0.9965940054495913	0.03246637965469797
Shkoporov	geNomad	0.9965940054495913	0.03250966623705613
Shkoporov	geNomad	0.9965940054495913	0.032545826659547965
Shkoporov	geNomad	0.9965940054495913	0.032583518930957685
Shkoporov	geNomad	0.9965940054495913	0.03264604810996564
Shkoporov	geNomad	0.9965940054495913	0.032691276367536645
Shkoporov	geNomad	0.9965940054495913	0.03273809523809524
Shkoporov	geNomad	0.9959128065395095	0.03277218623209522
Shkoporov	geNomad	0.9959128065395095	0.0328229536168111
Shkoporov	geNomad	0.9959128065395095	0.032865749482960165
Shkoporov	geNomad	0.9959128065395095	0.032914584177585665
Shkoporov	geNomad	0.9952316076294278	0.03294101731601732
Shkoporov	geNomad	0.9952316076294278	0.033007252106725705
Shkoporov	geNomad	0.9952316076294278	0.03306851361444965
Shkoporov	geNomad	0.9952316076294278	0.03312249200843365
Shkoporov	geNomad	0.9952316076294278	0.03318795147880605
Shkoporov	geNomad	0.9945504087193461	0.033230909297826336
Shkoporov	geNomad	0.9945504087193461	0.03329304722595946
Shkoporov	geNomad	0.9945504087193461	0.03335618003198538
Shkoporov	geNomad	0.9945504087193461	0.03341037552346736
Shkoporov	geNomad	0.9945504087193461	0.03349545746535744
Shkoporov	geNomad	0.9945504087193461	0.03354856499460006
Shkoporov	geNomad	0.9945504087193461	0.033606481907743305
Shkoporov	geNomad	0.9945504087193461	0.03365994236311239
Shkoporov	geNomad	0.9945504087193461	0.03373460569791354
Shkoporov	geNomad	0.9938692098092643	0.03377236638040786
Shkoporov	geNomad	0.9931880108991825	0.03381810590773085
Shkoporov	geNomad	0.9931880108991825	0.03388727484020918
Shkoporov	geNomad	0.9931880108991825	0.033987598489440066
Shkoporov	geNomad	0.9931880108991825	0.03407099291940271
Shkoporov	geNomad	0.9931880108991825	0.03414040181707488
Shkoporov	geNomad	0.9931880108991825	0.03420206901405147
Shkoporov	geNomad	0.9931880108991825	0.03428329571106095
Shkoporov	geNomad	0.9911444141689373	0.0342966245521403
Shkoporov	geNomad	0.989100817438692	0.034309208194513365
Shkoporov	geNomad	0.989100817438692	0.034399431414356786
Shkoporov	geNomad	0.9884196185286104	0.0344819391634981
Shkoporov	geNomad	0.9877384196185286	0.034528742201266845
Shkoporov	geNomad	0.9863760217983651	0.03457332505611002
Shkoporov	geNomad	0.9856948228882834	0.03463545406673369
Shkoporov	geNomad	0.9843324250681199	0.03470887778631822
Shkoporov	geNomad	0.9836512261580381	0.03479350392752156
Shkoporov	geNomad	0.9836512261580381	0.034881754716525354
Shkoporov	geNomad	0.9829700272479565	0.03494031332477784
Shkoporov	geNomad	0.9822888283378747	0.03500594761245843
Shkoporov	geNomad	0.9816076294277929	0.035077896786757545
Shkoporov	geNomad	0.9809264305177112	0.03516054205835673
Shkoporov	geNomad	0.9802452316076294	0.03523937798457206
Shkoporov	geNomad	0.9802452316076294	0.035370170091436434
Shkoporov	geNomad	0.9802452316076294	0.0354669361397974
Shkoporov	geNomad	0.9795640326975477	0.035536883726677376
Shkoporov	geNomad	0.9795640326975477	0.0356496516845576
Shkoporov	geNomad	0.978882833787466	0.03574449032386449
Shkoporov	geNomad	0.9782016348773842	0.035832813474734874
Shkoporov	geNomad	0.9775204359673024	0.03592799379084149
Shkoporov	geNomad	0.9768392370572208	0.03599849378687084
Shkoporov	geNomad	0.976158038147139	0.036116641883206894
Shkoporov	geNomad	0.976158038147139	0.0362197957739359
Shkoporov	geNomad	0.9754768392370572	0.03630739585710301
Shkoporov	geNomad	0.9754768392370572	0.03643765903307888
Shkoporov	geNomad	0.973433242506812	0.03649784180011749
Shkoporov	geNomad	0.9720708446866485	0.036570052023269524
Shkoporov	geNomad	0.9713896457765667	0.03665809768637532
Shkoporov	geNomad	0.9713896457765667	0.03678481143269876
Shkoporov	geNomad	0.9713896457765667	0.03693822043776713
Shkoporov	geNomad	0.9700272479564033	0.0370216306156406
Shkoporov	geNomad	0.9686648501362398	0.0370921042335081
Shkoporov	geNomad	0.9686648501362398	0.037270987864650225
Shkoporov	geNomad	0.967983651226158	0.03736523797002367
Shkoporov	geNomad	0.9673024523160763	0.03748086364356227
Shkoporov	geNomad	0.9659400544959128	0.0375788413632268
Shkoporov	geNomad	0.9659400544959128	0.03773384070890657
Shkoporov	geNomad	0.9638964577656676	0.0377867385905413
Shkoporov	geNomad	0.9632152588555858	0.03788853161843515
Shkoporov	geNomad	0.9618528610354223	0.03797740720817644
Shkoporov	geNomad	0.9604904632152589	0.03809472347553562
Shkoporov	geNomad	0.9604904632152589	0.038241436359198286
Shkoporov	geNomad	0.9604904632152589	0.03839869281045752
Shkoporov	geNomad	0.9598092643051771	0.03851936903687908
Shkoporov	geNomad	0.9598092643051771	0.03870560118671538
Shkoporov	geNomad	0.9591280653950953	0.038852097130242826
Shkoporov	geNomad	0.9584468664850136	0.038995593248524155
Shkoporov	geNomad	0.9577656675749319	0.03912620008348407
Shkoporov	geNomad	0.9570844686648501	0.03928092149407291
Shkoporov	geNomad	0.9570844686648501	0.03945299337302033
Shkoporov	geNomad	0.9570844686648501	0.03962434429465847
Shkoporov	geNomad	0.9557220708446866	0.03975292550930779
Shkoporov	geNomad	0.9550408719346049	0.03991004583107974
Shkoporov	geNomad	0.9536784741144414	0.04001715020723167
Shkoporov	geNomad	0.9536784741144414	0.040183696900114814
Shkoporov	geNomad	0.9529972752043597	0.04035305315988347
Shkoporov	geNomad	0.9509536784741145	0.04044852664213485
Shkoporov	geNomad	0.9509536784741145	0.040636916717608364
Shkoporov	geNomad	0.9495912806539509	0.04073046018991965
Shkoporov	geNomad	0.9489100817438693	0.040874413145539905
Shkoporov	geNomad	0.946866485013624	0.04098723203491286
Shkoporov	geNomad	0.946866485013624	0.0411742053970793
Shkoporov	geNomad	0.9455040871934605	0.04129846172156268
Shkoporov	geNomad	0.9455040871934605	0.04149352784670114
Shkoporov	geNomad	0.9448228882833788	0.04165415340260676
Shkoporov	geNomad	0.944141689373297	0.041775929107514244
Shkoporov	geNomad	0.9420980926430518	0.04186849116008719
Shkoporov	geNomad	0.9407356948228883	0.041984616787766396
Shkoporov	geNomad	0.9407356948228883	0.04220144236645887
Shkoporov	geNomad	0.9400544959128065	0.04236507644133358
Shkoporov	geNomad	0.9386920980926431	0.042483660130718956
Shkoporov	geNomad	0.9380108991825613	0.042656671106843035
Shkoporov	geNomad	0.9366485013623979	0.04284823932689311
Shkoporov	geNomad	0.9352861035422343	0.04297743137070773
Shkoporov	geNomad	0.9346049046321526	0.0431229570027659
Shkoporov	geNomad	0.9339237057220708	0.04326285894603976
Shkoporov	geNomad	0.9332425068119891	0.04346998350044422
Shkoporov	geNomad	0.9311989100817438	0.043597512358475525
Shkoporov	geNomad	0.9298365122615804	0.043721973094170405
Shkoporov	geNomad	0.9271117166212534	0.04376346506318531
Shkoporov	geNomad	0.9264305177111717	0.043939002326182475
Shkoporov	geNomad	0.9264305177111717	0.04416875060894417
Shkoporov	geNomad	0.9257493188010899	0.04434076152566152
Shkoporov	geNomad	0.9250681198910081	0.044477924800209616
Shkoporov	geNomad	0.9237057220708447	0.044631689816338624
Shkoporov	geNomad	0.9230245231607629	0.04481264675728412
Shkoporov	geNomad	0.9216621253405994	0.044969588194236715
Shkoporov	geNomad	0.9216621253405994	0.045145145145145144
Shkoporov	geNomad	0.9209809264305178	0.04537826408001611
Shkoporov	geNomad	0.9209809264305178	0.04559711308218947
Shkoporov	geNomad	0.9209809264305178	0.04579480405107882
Shkoporov	geNomad	0.9209809264305178	0.04599891126837235
Shkoporov	geNomad	0.9196185286103542	0.046172788836445725
Shkoporov	geNomad	0.9182561307901907	0.046334169731550544
Shkoporov	geNomad	0.917574931880109	0.04650279638196506
Shkoporov	geNomad	0.9162125340599455	0.04666574144750538
Shkoporov	geNomad	0.9155313351498637	0.04691263220356731
Shkoporov	geNomad	0.9141689373297003	0.04701842898185131
Shkoporov	geNomad	0.912125340599455	0.04713460996902281
Shkoporov	geNomad	0.9107629427792916	0.04729227830639171
Shkoporov	geNomad	0.9107629427792916	0.047563144788331554
Shkoporov	geNomad	0.9107629427792916	0.04778071617468373
Shkoporov	geNomad	0.909400544959128	0.0479061255248143
Shkoporov	geNomad	0.9080381471389646	0.048121006461860585
Shkoporov	geNomad	0.9080381471389646	0.04832862011456747
Shkoporov	geNomad	0.9073569482288828	0.048499854354791726
Shkoporov	geNomad	0.9053133514986376	0.04863855950812473
Shkoporov	geNomad	0.9053133514986376	0.048892649547494664
Shkoporov	geNomad	0.9039509536784741	0.049019245687266816
Shkoporov	geNomad	0.9039509536784741	0.049250296912114015
Shkoporov	geNomad	0.9019073569482289	0.04935510325803325
Shkoporov	geNomad	0.9005449591280654	0.04953722786375389
Shkoporov	geNomad	0.9005449591280654	0.04976660141544948
Shkoporov	geNomad	0.8998637602179836	0.04994328922495274
Shkoporov	geNomad	0.8978201634877384	0.05008740594360417
Shkoporov	geNomad	0.8978201634877384	0.050347620139048054
Shkoporov	geNomad	0.896457765667575	0.050525992474852184
Shkoporov	geNomad	0.8950953678474114	0.0506514532418472
Shkoporov	geNomad	0.8944141689373297	0.05087964039370689
Shkoporov	geNomad	0.8937329700272479	0.05109631187444016
Shkoporov	geNomad	0.8930517711171662	0.051311154598825834
Shkoporov	geNomad	0.8923705722070845	0.051515985685634515
Shkoporov	geNomad	0.8910081743869209	0.05169551814085843
Shkoporov	geNomad	0.8889645776566758	0.05184125849124061
Shkoporov	geNomad	0.888283378746594	0.05209332054969639
Shkoporov	geNomad	0.8869209809264306	0.05226396917148362
Shkoporov	geNomad	0.885558583106267	0.0524299253881831
Shkoporov	geNomad	0.8828337874659401	0.052610213526020945
Shkoporov	geNomad	0.8821525885558583	0.052837733077644944
Shkoporov	geNomad	0.8821525885558583	0.05305202785743548
Shkoporov	geNomad	0.8814713896457765	0.05323131350528611
Shkoporov	geNomad	0.8807901907356949	0.05349385627404741
Shkoporov	geNomad	0.8801089918256131	0.05374823196605375
Shkoporov	geNomad	0.8794277929155313	0.053987370886128885
Shkoporov	geNomad	0.8794277929155313	0.054204979636394174
Shkoporov	geNomad	0.8773841961852861	0.05436663711958128
Shkoporov	geNomad	0.8767029972752044	0.05465200220816171
Shkoporov	geNomad	0.8767029972752044	0.05491551459293395
Shkoporov	geNomad	0.8767029972752044	0.05518631276531881
Shkoporov	geNomad	0.8760217983651226	0.05544776441167594
Shkoporov	geNomad	0.8753405994550408	0.05568314772284092
Shkoporov	geNomad	0.8753405994550408	0.0559498410763269
Shkoporov	geNomad	0.8753405994550408	0.05616013286132599
Shkoporov	geNomad	0.8753405994550408	0.056423992271889
Shkoporov	geNomad	0.8739782016348774	0.05658713006659904
Shkoporov	geNomad	0.8712534059945504	0.05669326241134752
Shkoporov	geNomad	0.8705722070844687	0.05691382765531062
Shkoporov	geNomad	0.8698910081743869	0.057195324047117836
Shkoporov	geNomad	0.8698910081743869	0.05748626991987035
Shkoporov	geNomad	0.8692098092643051	0.05767231638418079
Shkoporov	geNomad	0.8692098092643051	0.057939426962720794
Shkoporov	geNomad	0.8671662125340599	0.05806157354618016
Shkoporov	geNomad	0.8671662125340599	0.05833027859237536
Shkoporov	geNomad	0.8671662125340599	0.058579908885923335
Shkoporov	geNomad	0.8630790190735694	0.05855980772786097
Shkoporov	geNomad	0.861716621253406	0.058749767787479104
Shkoporov	geNomad	0.8610354223433242	0.058990992672796005
Shkoporov	geNomad	0.8589918256130791	0.05914079354657162
Shkoporov	geNomad	0.8583106267029973	0.05928853754940711
Shkoporov	geNomad	0.8569482288828338	0.05953902219698046
Shkoporov	geNomad	0.8569482288828338	0.05976814899277841
Shkoporov	geNomad	0.8569482288828338	0.05999618466234262
Shkoporov	geNomad	0.8549046321525886	0.060114001053791256
Shkoporov	geNomad	0.853542234332425	0.060333204930662555
Shkoporov	geNomad	0.8508174386920981	0.06036149236419872
Shkoporov	geNomad	0.8501362397820164	0.06060900393375747
Shkoporov	geNomad	0.8487738419618529	0.0607330863716124
Shkoporov	geNomad	0.8487738419618529	0.061039533630529566
Shkoporov	geNomad	0.8480926430517711	0.06123352350973835
Shkoporov	geNomad	0.8474114441416893	0.061474599723265466
Shkoporov	geNomad	0.8474114441416893	0.06171859495931732
Shkoporov	geNomad	0.8467302452316077	0.06198264685349556
Shkoporov	geNomad	0.8460490463215259	0.06219951923076923
Shkoporov	geNomad	0.8453678474114441	0.06241826777990142
Shkoporov	geNomad	0.8440054495912807	0.06260737746336534
Shkoporov	geNomad	0.8426430517711172	0.06277275956561454
Shkoporov	geNomad	0.8419618528610354	0.06295202200264846
Shkoporov	geNomad	0.840599455040872	0.06315573980244639
Shkoporov	geNomad	0.8399182561307902	0.06338028169014084
Shkoporov	geNomad	0.8385558583106267	0.06355516547059735
Shkoporov	geNomad	0.837874659400545	0.06378675517295027
Shkoporov	geNomad	0.837874659400545	0.06405582751796687
Shkoporov	geNomad	0.837874659400545	0.06439790575916231
Shkoporov	geNomad	0.837874659400545	0.06465177398160316
Shkoporov	geNomad	0.837874659400545	0.06490080202617138
Shkoporov	geNomad	0.837874659400545	0.06521393351359948
Shkoporov	geNomad	0.8365122615803815	0.0654305200341006
Shkoporov	geNomad	0.8365122615803815	0.06566142658539194
Shkoporov	geNomad	0.8358310626702997	0.06587565768280898
Shkoporov	geNomad	0.8344686648501363	0.06604129602673998
Shkoporov	geNomad	0.8344686648501363	0.06635969664138679
Shkoporov	geNomad	0.8337874659400545	0.06657239203741977
Shkoporov	geNomad	0.832425068119891	0.0667394866193337
Shkoporov	geNomad	0.832425068119891	0.06702501096972356
Shkoporov	geNomad	0.8317438692098093	0.06728384857001157
Shkoporov	geNomad	0.8310626702997275	0.06754886218924755
Shkoporov	geNomad	0.8303814713896458	0.06782395815946142
Shkoporov	geNomad	0.829700272479564	0.0680256911477241
Shkoporov	geNomad	0.8290190735694822	0.06832856100162821
Shkoporov	geNomad	0.8290190735694822	0.06868721074613388
Shkoporov	geNomad	0.8290190735694822	0.06894402900521188
Shkoporov	geNomad	0.8290190735694822	0.06921064604185623
Shkoporov	geNomad	0.8262942779291553	0.06933805876300446
Shkoporov	geNomad	0.8256130790190735	0.0695752009184845
Shkoporov	geNomad	0.8235694822888283	0.06962681409813407
Shkoporov	geNomad	0.8235694822888283	0.06981175655387459
Shkoporov	geNomad	0.8235694822888283	0.07015609586258922
Shkoporov	geNomad	0.8215258855585831	0.07026334187835004
Shkoporov	geNomad	0.8201634877384196	0.07039289055191768
Shkoporov	geNomad	0.8194822888283378	0.07057788207685538
Shkoporov	geNomad	0.8188010899182562	0.07081835856949273
Shkoporov	geNomad	0.8181198910081744	0.07101046532253297
Shkoporov	geNomad	0.8167574931880109	0.07116994123582834
Shkoporov	geNomad	0.8167574931880109	0.0714200619490112
Shkoporov	geNomad	0.8160762942779292	0.07166786312514956
Shkoporov	geNomad	0.8160762942779292	0.07200384661617983
Shkoporov	geNomad	0.8153950953678474	0.07224334600760456
Shkoporov	geNomad	0.8147138964577657	0.07249802994483845
Shkoporov	geNomad	0.8140326975476839	0.07271952777946815
Shkoporov	geNomad	0.8133514986376021	0.07297396406307298
Shkoporov	geNomad	0.8126702997275205	0.0731946745199092
Shkoporov	geNomad	0.8126702997275205	0.07340634998769383
Shkoporov	geNomad	0.8119891008174387	0.07370764283947563
Shkoporov	geNomad	0.8106267029972752	0.07385341028982809
Shkoporov	geNomad	0.8092643051771117	0.07403714321326187
Shkoporov	geNomad	0.8092643051771117	0.07431502564744151
Shkoporov	geNomad	0.80858310626703	0.07455093581208391
Shkoporov	geNomad	0.8072207084468664	0.07470213704847758
Shkoporov	geNomad	0.8072207084468664	0.07491465419142748
Shkoporov	geNomad	0.805858310626703	0.07506345177664975
Shkoporov	geNomad	0.8051771117166212	0.07537784580065048
Shkoporov	geNomad	0.8051771117166212	0.0756383182952582
Shkoporov	geNomad	0.8051771117166212	0.07587623571703685
Shkoporov	geNomad	0.8044959128065395	0.0760023167513997
Shkoporov	geNomad	0.8038147138964578	0.07628652702353246
Shkoporov	geNomad	0.803133514986376	0.07652862521095677
Shkoporov	geNomad	0.803133514986376	0.07684786859601095
Shkoporov	geNomad	0.803133514986376	0.07710922171353826
Shkoporov	geNomad	0.8024523160762943	0.077387991065563
Shkoporov	geNomad	0.8024523160762943	0.07764302662799895
Shkoporov	geNomad	0.8024523160762943	0.07793066948928287
Shkoporov	geNomad	0.8024523160762943	0.07819449054098905
Shkoporov	geNomad	0.8017711171662125	0.07848236313929452
Shkoporov	geNomad	0.8010899182561307	0.07868325973504617
Shkoporov	geNomad	0.8010899182561307	0.07885737276201972
Shkoporov	geNomad	0.8010899182561307	0.07918125504982494
Shkoporov	geNomad	0.8010899182561307	0.07944872314552087
Shkoporov	geNomad	0.8004087193460491	0.07969343461747151
Shkoporov	geNomad	0.7997275204359673	0.07985851302632474
Shkoporov	geNomad	0.7990463215258855	0.08012295081967213
Shkoporov	geNomad	0.7990463215258855	0.08038100459124238
Shkoporov	geNomad	0.7983651226158038	0.08054429248848877
Shkoporov	geNomad	0.7983651226158038	0.08077744848025363
Shkoporov	geNomad	0.7983651226158038	0.08112410881151796
Shkoporov	geNomad	0.797683923705722	0.08141556003615379
Shkoporov	geNomad	0.797683923705722	0.08175090756771851
Shkoporov	geNomad	0.7970027247956403	0.08189836203275934
Shkoporov	geNomad	0.7963215258855586	0.08216193421422548
Shkoporov	geNomad	0.7963215258855586	0.08235874313090039
Shkoporov	geNomad	0.7963215258855586	0.08259732918815799
Shkoporov	geNomad	0.7963215258855586	0.08291368182140578
Shkoporov	geNomad	0.7949591280653951	0.0831848314206287
Shkoporov	geNomad	0.7949591280653951	0.0834525171624714
Shkoporov	geNomad	0.7942779291553134	0.08365619170612713
Shkoporov	geNomad	0.7929155313351499	0.08382543569062365
Shkoporov	geNomad	0.7922343324250681	0.08405001084050011
Shkoporov	geNomad	0.7915531335149864	0.08427007034592791
Shkoporov	geNomad	0.7908719346049047	0.08451011792109478
Shkoporov	geNomad	0.7908719346049047	0.08475071173078327
Shkoporov	geNomad	0.7895095367847411	0.08497690446513674
Shkoporov	geNomad	0.7895095367847411	0.0852143224762885
Shkoporov	geNomad	0.7895095367847411	0.0854530708545307
Shkoporov	geNomad	0.7888283378746594	0.08562555456965394
Shkoporov	geNomad	0.7867847411444142	0.08565072302558398
Shkoporov	geNomad	0.7867847411444142	0.08595668676043759
Shkoporov	geNomad	0.7861035422343324	0.08616441424624804
Shkoporov	geNomad	0.7861035422343324	0.08640958442530887
Shkoporov	geNomad	0.7861035422343324	0.08672779197354577
Shkoporov	geNomad	0.7854223433242506	0.08695980088996154
Shkoporov	geNomad	0.7854223433242506	0.0872295354819186
Shkoporov	geNomad	0.7854223433242506	0.08749430869631203
Shkoporov	geNomad	0.784741144414169	0.08781157100388749
Shkoporov	geNomad	0.784741144414169	0.08812729498164015
Shkoporov	geNomad	0.784741144414169	0.08840457370884813
Shkoporov	geNomad	0.7840599455040872	0.08860662047729022
Shkoporov	geNomad	0.7840599455040872	0.08894899536321484
Shkoporov	geNomad	0.7813351498637602	0.08896300318002016
Shkoporov	geNomad	0.7813351498637602	0.08923986617910215
Shkoporov	geNomad	0.7799727520435967	0.08939725171767646
Shkoporov	geNomad	0.7799727520435967	0.08976168077767326
Shkoporov	geNomad	0.779291553133515	0.0899159003379706
Shkoporov	geNomad	0.779291553133515	0.0901923683380637
Shkoporov	geNomad	0.779291553133515	0.09043478260869565
Shkoporov	geNomad	0.779291553133515	0.09080085721088975
Shkoporov	geNomad	0.7786103542234333	0.09098145347448858
Shkoporov	geNomad	0.7786103542234333	0.09129392971246006
Shkoporov	geNomad	0.7786103542234333	0.0916159025328631
Shkoporov	geNomad	0.7779291553133515	0.09185232848065632
Shkoporov	geNomad	0.7779291553133515	0.09208934763325538
Shkoporov	geNomad	0.7772479564032697	0.09229898074745187
Shkoporov	geNomad	0.776566757493188	0.09250243427458617
Shkoporov	geNomad	0.776566757493188	0.0928112024749654
Shkoporov	geNomad	0.7758855585831063	0.09298718262715323
Shkoporov	geNomad	0.7758855585831063	0.09321548408216712
Shkoporov	geNomad	0.7758855585831063	0.0934909299844045
Shkoporov	geNomad	0.7752043596730245	0.09368568370791142
Shkoporov	geNomad	0.7745231607629428	0.09381962208102979
Shkoporov	geNomad	0.7745231607629428	0.09405244437091571
Shkoporov	geNomad	0.7745231607629428	0.09430206519034585
Shkoporov	geNomad	0.773841961852861	0.09457209457209458
Shkoporov	geNomad	0.773841961852861	0.09488014699741085
Shkoporov	geNomad	0.773841961852861	0.09517426273458444
Shkoporov	geNomad	0.773841961852861	0.09542209155816883
Shkoporov	geNomad	0.7724795640326976	0.09552691432903715
Shkoporov	geNomad	0.7717983651226158	0.09574108500929525
Shkoporov	geNomad	0.7717983651226158	0.09604950830790099
Shkoporov	geNomad	0.771117166212534	0.09638964577656675
Shkoporov	geNomad	0.771117166212534	0.09666951323654996
Shkoporov	geNomad	0.7704359673024523	0.0969068631651101
Shkoporov	geNomad	0.7697547683923706	0.09714580467675378
Shkoporov	geNomad	0.7697547683923706	0.0974726127835763
Shkoporov	geNomad	0.7690735694822888	0.09766435986159169
Shkoporov	geNomad	0.7683923705722071	0.09778933680104031
Shkoporov	geNomad	0.7677111716621253	0.09805115712545676
Shkoporov	geNomad	0.7663487738419619	0.0982275386361652
Shkoporov	geNomad	0.7663487738419619	0.09847689075630252
Shkoporov	geNomad	0.7649863760217984	0.0986125746399719
Shkoporov	geNomad	0.7643051771117166	0.0988110964332893
Shkoporov	geNomad	0.7643051771117166	0.09908159660897209
Shkoporov	geNomad	0.7636239782016349	0.09927382217499114
Shkoporov	geNomad	0.7622615803814714	0.09938715694111377
Shkoporov	geNomad	0.7615803814713896	0.09959023694993764
Shkoporov	geNomad	0.760899182561308	0.09983019036553759
Shkoporov	geNomad	0.760899182561308	0.10019734481521349
Shkoporov	geNomad	0.760899182561308	0.10046771001978773
Shkoporov	geNomad	0.7602179836512262	0.1006311992786294
Shkoporov	geNomad	0.7602179836512262	0.10101375814627082
Shkoporov	geNomad	0.7602179836512262	0.10126122856365122
Shkoporov	geNomad	0.7602179836512262	0.10158383397050792
Shkoporov	geNomad	0.7595367847411444	0.1017614310486447
Shkoporov	geNomad	0.7588555858310627	0.10198663370868809
Shkoporov	geNomad	0.7588555858310627	0.10236148120922539
Shkoporov	geNomad	0.7568119891008175	0.10242463353922744
Shkoporov	geNomad	0.7568119891008175	0.10279422649888971
Shkoporov	geNomad	0.7568119891008175	0.10305166496614414
Shkoporov	geNomad	0.7561307901907357	0.1032174074762879
Shkoporov	geNomad	0.7561307901907357	0.10346756152125279
Shkoporov	geNomad	0.7561307901907357	0.10368017933868859
Shkoporov	geNomad	0.7547683923705722	0.103755033242813
Shkoporov	geNomad	0.7540871934604905	0.10402180041345611
Shkoporov	geNomad	0.752724795640327	0.10416666666666667
Shkoporov	geNomad	0.7520435967302452	0.10429853566367502
Shkoporov	geNomad	0.7513623978201635	0.10457950127998483
Shkoporov	geNomad	0.7506811989100818	0.10475285171102662
Shkoporov	geNomad	0.7506811989100818	0.1051125524608928
Shkoporov	geNomad	0.7506811989100818	0.10540411286465806
Shkoporov	geNomad	0.7506811989100818	0.10575815738963532
Shkoporov	geNomad	0.7486376021798365	0.10569340257741873
Shkoporov	geNomad	0.7486376021798365	0.10591750192752505
Shkoporov	geNomad	0.7486376021798365	0.10621436165072001
Shkoporov	geNomad	0.7486376021798365	0.10651289009497965
Shkoporov	geNomad	0.7479564032697548	0.10669517053736274
Shkoporov	geNomad	0.7479564032697548	0.1069966868056909
Shkoporov	geNomad	0.7465940054495913	0.10708353688324378
Shkoporov	geNomad	0.7452316076294278	0.10711837853715853
Shkoporov	geNomad	0.7445504087193461	0.10729360950230686
Shkoporov	geNomad	0.7445504087193461	0.10755756740799055
Shkoporov	geNomad	0.7438692098092643	0.10768168819643033
Shkoporov	geNomad	0.7438692098092643	0.10804392994953993
Shkoporov	geNomad	0.7431880108991825	0.10825560627108553
Shkoporov	geNomad	0.7431880108991825	0.1084600854955761
Shkoporov	geNomad	0.7418256130790191	0.1085418120203329
Shkoporov	geNomad	0.7418256130790191	0.10885645741703319
Shkoporov	geNomad	0.7418256130790191	0.10916198877305533
Shkoporov	geNomad	0.7411444141689373	0.10944572980585454
Shkoporov	geNomad	0.7404632152588556	0.10964292919104297
Shkoporov	geNomad	0.7404632152588556	0.1099979761181947
Shkoporov	geNomad	0.7397820163487738	0.11020905216155875
Shkoporov	geNomad	0.7397820163487738	0.11055685635752825
Shkoporov	geNomad	0.7397820163487738	0.1108728943338438
Shkoporov	geNomad	0.739100817438692	0.11113387278500461
Shkoporov	geNomad	0.739100817438692	0.1114878750513769
Shkoporov	geNomad	0.7384196185286104	0.11172954030096888
Shkoporov	geNomad	0.7384196185286104	0.11199504081000103
Shkoporov	geNomad	0.7370572207084468	0.11207789517298529
Shkoporov	geNomad	0.7363760217983651	0.11235838270450058
Shkoporov	geNomad	0.7350136239782016	0.11240754245233879
Shkoporov	geNomad	0.7343324250681199	0.11264367816091954
Shkoporov	geNomad	0.7343324250681199	0.11290322580645161
Shkoporov	geNomad	0.7343324250681199	0.11311647429171039
Shkoporov	geNomad	0.7329700272479565	0.11323931803830772
Shkoporov	geNomad	0.7329700272479565	0.11363396345971064
Shkoporov	geNomad	0.7322888283378747	0.11384094037911681
Shkoporov	geNomad	0.7322888283378747	0.11414313017625823
Shkoporov	geNomad	0.7309264305177112	0.11424616695059625
Shkoporov	geNomad	0.7309264305177112	0.11452663037677446
Shkoporov	geNomad	0.7309264305177112	0.11479619129132342
Shkoporov	geNomad	0.7302452316076294	0.11512027491408934
Shkoporov	geNomad	0.7295640326975477	0.11528525296017222
Shkoporov	geNomad	0.728882833787466	0.11548839719373988
Shkoporov	geNomad	0.728882833787466	0.11581339971858426
Shkoporov	geNomad	0.728882833787466	0.11602689221427022
Shkoporov	geNomad	0.7282016348773842	0.11633474806834258
Shkoporov	geNomad	0.7275204359673024	0.11656843483955469
Shkoporov	geNomad	0.7268392370572208	0.11672683513838748
Shkoporov	geNomad	0.726158038147139	0.11698858647936787
Shkoporov	geNomad	0.7254768392370572	0.1172649196212288
Shkoporov	geNomad	0.7254768392370572	0.11762756792577866
Shkoporov	geNomad	0.7241144414168937	0.11779698581560284
Shkoporov	geNomad	0.7241144414168937	0.11812423602622514
Shkoporov	geNomad	0.723433242506812	0.11838145134321704
Shkoporov	geNomad	0.7220708446866485	0.11848871003800582
Shkoporov	geNomad	0.7220708446866485	0.11892740940199709
Shkoporov	geNomad	0.7220708446866485	0.11919487237152816
Shkoporov	geNomad	0.7220708446866485	0.11949047458009243
Shkoporov	geNomad	0.7220708446866485	0.11977401129943503
Shkoporov	geNomad	0.7213896457765667	0.11990489130434782
Shkoporov	geNomad	0.7213896457765667	0.12014976174268209
Shkoporov	geNomad	0.7213896457765667	0.12047781569965871
Shkoporov	geNomad	0.7213896457765667	0.12080766598220397
Shkoporov	geNomad	0.7200272479564033	0.12086906803887935
Shkoporov	geNomad	0.7200272479564033	0.12129905898554051
Shkoporov	geNomad	0.7200272479564033	0.12173212023494184
Shkoporov	geNomad	0.7200272479564033	0.12208362208362208
Shkoporov	geNomad	0.7193460490463215	0.1222646752344564
Shkoporov	geNomad	0.7193460490463215	0.12269083304287208
Shkoporov	geNomad	0.717983651226158	0.12285814197458911
Shkoporov	geNomad	0.717983651226158	0.12317400958279771
Shkoporov	geNomad	0.717983651226158	0.12347703842549203
Shkoporov	geNomad	0.717983651226158	0.12385428907168038
Shkoporov	geNomad	0.7166212534059946	0.12391048292108363
Shkoporov	geNomad	0.7166212534059946	0.12440870387890256
Shkoporov	geNomad	0.7166212534059946	0.12470365101944049
Shkoporov	geNomad	0.7159400544959128	0.1249554155272857
Shkoporov	geNomad	0.7145776566757494	0.12498510663648278
Shkoporov	geNomad	0.7145776566757494	0.1253135826066181
Shkoporov	geNomad	0.7138964577656676	0.12555409129028394
Shkoporov	geNomad	0.7138964577656676	0.12579522266234547
Shkoporov	geNomad	0.7138964577656676	0.1260827718960539
Shkoporov	geNomad	0.7138964577656676	0.1265242062054811
Shkoporov	geNomad	0.7138964577656676	0.12690724146282392
Shkoporov	geNomad	0.7138964577656676	0.12729260293939026
Shkoporov	geNomad	0.7132152588555858	0.12741876597298285
Shkoporov	geNomad	0.7132152588555858	0.12774524158125916
Shkoporov	geNomad	0.7132152588555858	0.12801075926152342
Shkoporov	geNomad	0.7132152588555858	0.1283874923359902
Shkoporov	geNomad	0.7125340599455041	0.12865928659286593
Shkoporov	geNomad	0.7111716621253406	0.1288570723278203
Shkoporov	geNomad	0.7104904632152589	0.1290841584158416
Shkoporov	geNomad	0.7104904632152589	0.1294687189672294
Shkoporov	geNomad	0.7098092643051771	0.12974722948574274
Shkoporov	geNomad	0.7084468664850136	0.12985391434636034
Shkoporov	geNomad	0.7084468664850136	0.13016270337922403
Shkoporov	geNomad	0.7084468664850136	0.13045659809332663
Shkoporov	geNomad	0.7084468664850136	0.13078470824949698
Shkoporov	geNomad	0.7077656675749319	0.13102143757881463
Shkoporov	geNomad	0.7070844686648501	0.13127608448210445
Shkoporov	geNomad	0.7064032697547684	0.1314655172413793
Shkoporov	geNomad	0.7050408719346049	0.13169614454765238
Shkoporov	geNomad	0.7036784741144414	0.13192848020434228
Shkoporov	geNomad	0.7036784741144414	0.1322663252240717
Shkoporov	geNomad	0.702316076294278	0.13228124198101104
Shkoporov	geNomad	0.7016348773841962	0.1326123342345822
Shkoporov	geNomad	0.7016348773841962	0.1329890251775339
Shkoporov	geNomad	0.7009536784741145	0.1331521739130435
Shkoporov	geNomad	0.7009536784741145	0.13348034764560904
Shkoporov	geNomad	0.7002724795640327	0.13383674000781148
Shkoporov	geNomad	0.7002724795640327	0.13411611219830397
Shkoporov	geNomad	0.7002724795640327	0.13432640794459688
Shkoporov	geNomad	0.6995912806539509	0.13444168084827857
Shkoporov	geNomad	0.6995912806539509	0.13491854965843406
Shkoporov	geNomad	0.6982288828337875	0.13501053740779767
Shkoporov	geNomad	0.6982288828337875	0.1353492671332365
Shkoporov	geNomad	0.6982288828337875	0.1356897008207572
Shkoporov	geNomad	0.6982288828337875	0.1360318513603185
Shkoporov	geNomad	0.6982288828337875	0.13628506847493685
Shkoporov	geNomad	0.6982288828337875	0.1367031208322219
Shkoporov	geNomad	0.696866485013624	0.1368195800454728
Shkoporov	geNomad	0.696866485013624	0.1372049356223176
Shkoporov	geNomad	0.6961852861035422	0.13743948359332975
Shkoporov	geNomad	0.6961852861035422	0.13795896328293736
Shkoporov	geNomad	0.6961852861035422	0.1382762819645515
Shkoporov	geNomad	0.6948228882833788	0.13856812933025403
Shkoporov	geNomad	0.694141689373297	0.13879052029419778
Shkoporov	geNomad	0.694141689373297	0.1392837616183707
Shkoporov	geNomad	0.6920980926430518	0.13931166872343342
Shkoporov	geNomad	0.6920980926430518	0.1398101004541076
Shkoporov	geNomad	0.6907356948228883	0.1399392768423958
Shkoporov	geNomad	0.6900544959128065	0.1403241446183682
Shkoporov	geNomad	0.6893732970027248	0.14065323141070188
Shkoporov	geNomad	0.6886920980926431	0.14090592334494773
Shkoporov	geNomad	0.6886920980926431	0.14126030459689815
Shkoporov	geNomad	0.6886920980926431	0.141755468311834
Shkoporov	geNomad	0.6880108991825613	0.14189379039055913
Shkoporov	geNomad	0.6880108991825613	0.14221346099690227
Shkoporov	geNomad	0.6880108991825613	0.14245416078984485
Shkoporov	geNomad	0.6880108991825613	0.14285714285714285
Shkoporov	geNomad	0.6880108991825613	0.14328273513973613
Shkoporov	geNomad	0.6880108991825613	0.14375177910617706
Shkoporov	geNomad	0.6880108991825613	0.14403879064460925
Shkoporov	geNomad	0.6873297002724795	0.1443284222571878
Shkoporov	geNomad	0.6873297002724795	0.14470098953104832
Shkoporov	geNomad	0.6873297002724795	0.1450963474259419
Shkoporov	geNomad	0.6873297002724795	0.14555683785343335
Shkoporov	geNomad	0.6873297002724795	0.14604139528151686
Shkoporov	geNomad	0.6859673024523161	0.14606904554685232
Shkoporov	geNomad	0.6859673024523161	0.14657933042212518
Shkoporov	geNomad	0.6852861035422343	0.14675419401896425
Shkoporov	geNomad	0.6852861035422343	0.14718361375274322
Shkoporov	geNomad	0.6846049046321526	0.14744718309859156
Shkoporov	geNomad	0.6839237057220708	0.14766877481982643
Shkoporov	geNomad	0.6839237057220708	0.14817001180637543
Shkoporov	geNomad	0.6839237057220708	0.14845482773916902
Shkoporov	geNomad	0.6839237057220708	0.14885100074128985
Shkoporov	geNomad	0.6839237057220708	0.14911629288578643
Shkoporov	geNomad	0.6832425068119891	0.14934484812388327
Shkoporov	geNomad	0.6825613079019074	0.1496415770609319
Shkoporov	geNomad	0.6811989100817438	0.1497454327643007
Shkoporov	geNomad	0.6805177111716622	0.149887471867967
Shkoporov	geNomad	0.6805177111716622	0.15031597953656334
Shkoporov	geNomad	0.6798365122615804	0.15050520283516816
Shkoporov	geNomad	0.6791553133514986	0.15076364736125814
Shkoporov	geNomad	0.6784741144414169	0.1511380880121396
Shkoporov	geNomad	0.6777929155313351	0.15144596651445966
Shkoporov	geNomad	0.6777929155313351	0.15190839694656488
Shkoporov	geNomad	0.6777929155313351	0.15228037955310683
Shkoporov	geNomad	0.6764305177111717	0.15241749808135072
Shkoporov	geNomad	0.6750681198910081	0.15257890685142417
Shkoporov	geNomad	0.6750681198910081	0.15302655960469425
Shkoporov	geNomad	0.6750681198910081	0.15333436484604673
Shkoporov	geNomad	0.6737057220708447	0.1534284827800186
Shkoporov	geNomad	0.6730245231607629	0.15372646646958146
Shkoporov	geNomad	0.6730245231607629	0.15413416536661467
Shkoporov	geNomad	0.6730245231607629	0.1544473972174457
Shkoporov	geNomad	0.6730245231607629	0.15481040426198683
Shkoporov	geNomad	0.6730245231607629	0.15527267012415527
Shkoporov	geNomad	0.6730245231607629	0.15556605259014328
Shkoporov	geNomad	0.6730245231607629	0.15605749486652978
Shkoporov	geNomad	0.6723433242506812	0.15634405195628068
Shkoporov	geNomad	0.6723433242506812	0.15669153833941896
Shkoporov	geNomad	0.6723433242506812	0.15706556333545513
Shkoporov	geNomad	0.6716621253405994	0.15723170148301707
Shkoporov	geNomad	0.6716621253405994	0.1575079872204473
Shkoporov	geNomad	0.6716621253405994	0.15793688931603395
Shkoporov	geNomad	0.6716621253405994	0.1582664526484751
Shkoporov	geNomad	0.6716621253405994	0.15892972275951
Shkoporov	geNomad	0.6716621253405994	0.159521113088497
Shkoporov	geNomad	0.6716621253405994	0.15975372650680492
Shkoporov	geNomad	0.6716621253405994	0.1603512766303464
Shkoporov	geNomad	0.6709809264305178	0.16055419722901385
Shkoporov	geNomad	0.670299727520436	0.16060062020564714
Shkoporov	geNomad	0.670299727520436	0.16099476439790575
Shkoporov	geNomad	0.6696185286103542	0.16133267684227803
Shkoporov	geNomad	0.6689373297002725	0.16169932488061914
Shkoporov	geNomad	0.6689373297002725	0.16204620462046204
Shkoporov	geNomad	0.667574931880109	0.1621711070660268
Shkoporov	geNomad	0.6668937329700273	0.16254358293209364
Shkoporov	geNomad	0.6668937329700273	0.16292228324180397
Shkoporov	geNomad	0.6668937329700273	0.16335725012514601
Shkoporov	geNomad	0.6668937329700273	0.1637397558120087
Shkoporov	geNomad	0.6648501362397821	0.1635936976198458
Shkoporov	geNomad	0.6648501362397821	0.1640060494034616
Shkoporov	geNomad	0.6641689373297003	0.16444594366672288
Shkoporov	geNomad	0.6634877384196185	0.16463826910074375
Shkoporov	geNomad	0.6634877384196185	0.16508474576271187
Shkoporov	geNomad	0.6628065395095368	0.16527942925089179
Shkoporov	geNomad	0.6628065395095368	0.1657298586271504
Shkoporov	geNomad	0.6628065395095368	0.1660409556313993
Shkoporov	geNomad	0.662125340599455	0.16626753335614095
Shkoporov	geNomad	0.6607629427792916	0.16638078902229847
Shkoporov	geNomad	0.6607629427792916	0.16701101928374656
Shkoporov	geNomad	0.6600817438692098	0.16727084412221646
Shkoporov	geNomad	0.6600817438692098	0.16773411805435348
Shkoporov	geNomad	0.6587193460490464	0.16779455144889815
Shkoporov	geNomad	0.6587193460490464	0.168115438108484
Shkoporov	geNomad	0.6580381471389646	0.16858638743455498
Shkoporov	geNomad	0.6580381471389646	0.16885159937073937
Shkoporov	geNomad	0.6580381471389646	0.16932515337423312
Shkoporov	geNomad	0.6580381471389646	0.16974169741697417
Shkoporov	geNomad	0.6580381471389646	0.1700404858299595
Shkoporov	geNomad	0.6573569482288828	0.17025405786873676
Shkoporov	geNomad	0.6546321525885559	0.17005839674393913
Shkoporov	geNomad	0.6546321525885559	0.1704202872849796
Shkoporov	geNomad	0.6546321525885559	0.1707837213435223
Shkoporov	geNomad	0.6539509536784741	0.17109249688112635
Shkoporov	geNomad	0.6539509536784741	0.17152045738788638
Shkoporov	geNomad	0.6539509536784741	0.17201218419638056
Shkoporov	geNomad	0.6532697547683923	0.17229608336327704
Shkoporov	geNomad	0.6525885558583107	0.1727682596934175
Shkoporov	geNomad	0.6525885558583107	0.17326822210164586
Shkoporov	geNomad	0.6525885558583107	0.17358217068309476
Shkoporov	geNomad	0.6525885558583107	0.1739288307915759
Shkoporov	geNomad	0.6525885558583107	0.1744990892531876
Shkoporov	geNomad	0.6519073569482289	0.17511436413540712
Shkoporov	geNomad	0.6519073569482289	0.17549972492206126
Shkoporov	geNomad	0.6519073569482289	0.17604856512141281
Shkoporov	geNomad	0.6519073569482289	0.17666605131991878
Shkoporov	geNomad	0.6512261580381471	0.17690599555884529
Shkoporov	geNomad	0.6512261580381471	0.17723396366332964
Shkoporov	geNomad	0.6512261580381471	0.1776621445827913
Shkoporov	geNomad	0.6498637602179836	0.17778606038017145
Shkoporov	geNomad	0.6498637602179836	0.17838444278234855
Shkoporov	geNomad	0.6491825613079019	0.17869866866679168
Shkoporov	geNomad	0.6491825613079019	0.17916901673246852
Shkoporov	geNomad	0.6491825613079019	0.17964184731385485
Shkoporov	geNomad	0.6491825613079019	0.18001511144692103
Shkoporov	geNomad	0.6491825613079019	0.18049242424242423
Shkoporov	geNomad	0.6491825613079019	0.18110984416571646
Shkoporov	geNomad	0.6478201634877384	0.18135011441647597
Shkoporov	geNomad	0.6471389645776566	0.18140156578193622
Shkoporov	geNomad	0.6471389645776566	0.18192263500574493
Shkoporov	geNomad	0.646457765667575	0.1823597232897771
Shkoporov	geNomad	0.6457765667574932	0.1827646038172354
Shkoporov	geNomad	0.6457765667574932	0.18308227114716108
Shkoporov	geNomad	0.6457765667574932	0.18361417780360256
Shkoporov	geNomad	0.6450953678474114	0.18384779654436031
Shkoporov	geNomad	0.6444141689373297	0.1842259006815969
Shkoporov	geNomad	0.6437329700272479	0.18460636843133424
Shkoporov	geNomad	0.6423705722070845	0.18472086190009795
Shkoporov	geNomad	0.6416893732970027	0.18488714425907754
Shkoporov	geNomad	0.6403269754768393	0.1848937844217152
Shkoporov	geNomad	0.6403269754768393	0.18544091536792268
Shkoporov	geNomad	0.6389645776566758	0.18559556786703602
Shkoporov	geNomad	0.6389645776566758	0.1864440469091632
Shkoporov	geNomad	0.6376021798365122	0.1867145421903052
Shkoporov	geNomad	0.6376021798365122	0.1872374474894979
Shkoporov	geNomad	0.6369209809264306	0.18756268806419257
Shkoporov	geNomad	0.6362397820163488	0.18800322061191627
Shkoporov	geNomad	0.6362397820163488	0.18853451756156642
Shkoporov	geNomad	0.6362397820163488	0.18887765419615773
Shkoporov	geNomad	0.635558583106267	0.1892111133644291
Shkoporov	geNomad	0.6341961852861036	0.18922764227642278
Shkoporov	geNomad	0.6328337874659401	0.18966925275622704
Shkoporov	geNomad	0.6328337874659401	0.1901740020470829
Shkoporov	geNomad	0.6321525885558583	0.19055441478439425
Shkoporov	geNomad	0.6321525885558583	0.19098579954723194
Shkoporov	geNomad	0.6307901907356949	0.1910854312835328
Shkoporov	geNomad	0.6307901907356949	0.19179784589892296
Shkoporov	geNomad	0.6301089918256131	0.19218782464159567
Shkoporov	geNomad	0.6294277929155313	0.1924198250728863
Shkoporov	geNomad	0.6287465940054496	0.19281387090035512
Shkoporov	geNomad	0.6280653950953679	0.1930890052356021
Shkoporov	geNomad	0.6280653950953679	0.19398274773827057
Shkoporov	geNomad	0.6273841961852861	0.19455006337135614
Shkoporov	geNomad	0.6273841961852861	0.19516846789574063
Shkoporov	geNomad	0.6273841961852861	0.19574920297555792
Shkoporov	geNomad	0.6267029972752044	0.1962038814246108
Shkoporov	geNomad	0.6267029972752044	0.19695996574609292
Shkoporov	geNomad	0.6246594005449592	0.19716190066652334
Shkoporov	geNomad	0.6239782016348774	0.197498921949116
Shkoporov	geNomad	0.6232970027247956	0.1977095937770095
Shkoporov	geNomad	0.6226158038147139	0.19787832864256333
Shkoporov	geNomad	0.6219346049046321	0.19830582102519548
Shkoporov	geNomad	0.6219346049046321	0.1989106753812636
Shkoporov	geNomad	0.6219346049046321	0.19943206640454347
Shkoporov	geNomad	0.6219346049046321	0.20004382120946537
Shkoporov	geNomad	0.6219346049046321	0.20079173081152407
Shkoporov	geNomad	0.6219346049046321	0.20127865961199295
Shkoporov	geNomad	0.6219346049046321	0.20190181335692173
Shkoporov	geNomad	0.6219346049046321	0.20257377412913247
Shkoporov	geNomad	0.6219346049046321	0.2032049855330514
Shkoporov	geNomad	0.6219346049046321	0.2036128456735058
Shkoporov	geNomad	0.6219346049046321	0.20425055928411634
Shkoporov	geNomad	0.6219346049046321	0.2049842837898518
Shkoporov	geNomad	0.6219346049046321	0.2057232987832357
Shkoporov	geNomad	0.6219346049046321	0.20614134116053284
Shkoporov	geNomad	0.6212534059945504	0.20670897552130554
Shkoporov	geNomad	0.6212534059945504	0.20755575785161584
Shkoporov	geNomad	0.6198910081743869	0.20790495773360748
Shkoporov	geNomad	0.6198910081743869	0.20852428964252978
Shkoporov	geNomad	0.6185286103542235	0.20863970588235295
Shkoporov	geNomad	0.6185286103542235	0.20950622981079833
Shkoporov	geNomad	0.6178474114441417	0.20980800370113348
Shkoporov	geNomad	0.6178474114441417	0.21039202041289723
Shkoporov	geNomad	0.6178474114441417	0.21102838529548626
Shkoporov	geNomad	0.6171662125340599	0.21163279607568325
Shkoporov	geNomad	0.6171662125340599	0.21207865168539325
Shkoporov	geNomad	0.6171662125340599	0.21277595115077502
Shkoporov	geNomad	0.6164850136239782	0.21329248173462173
Shkoporov	geNomad	0.6158038147138964	0.2139138665404638
Shkoporov	geNomad	0.6151226158038147	0.21454027084818247
Shkoporov	geNomad	0.614441416893733	0.2149154157731713
Shkoporov	geNomad	0.614441416893733	0.21589277166108187
Shkoporov	geNomad	0.6130790190735694	0.2159827213822894
Shkoporov	geNomad	0.6130790190735694	0.2165022853019004
Shkoporov	geNomad	0.6130790190735694	0.2170767004341534
Shkoporov	geNomad	0.6130790190735694	0.21760154738878143
Shkoporov	geNomad	0.6123978201634878	0.21809801067442988
Shkoporov	geNomad	0.611716621253406	0.21843833617124786
Shkoporov	geNomad	0.611716621253406	0.21918476934342201
Shkoporov	geNomad	0.611716621253406	0.22004410683655967
Shkoporov	geNomad	0.6110354223433242	0.22066420664206643
Shkoporov	geNomad	0.6103542234332425	0.2212892072116572
Shkoporov	geNomad	0.6103542234332425	0.2218920257553244
Shkoporov	geNomad	0.6096730245231607	0.2223050173869846
Shkoporov	geNomad	0.6096730245231607	0.22330339321357284
Shkoporov	geNomad	0.6089918256130791	0.22400400902029566
Shkoporov	geNomad	0.6089918256130791	0.22479255720392255
Shkoporov	geNomad	0.6076294277929155	0.22513881877839476
Shkoporov	geNomad	0.6062670299727521	0.22565922920892495
Shkoporov	geNomad	0.6055858310626703	0.22615110658865428
Shkoporov	geNomad	0.6042234332425068	0.22633324827762183
Shkoporov	geNomad	0.6042234332425068	0.22714468629961587
Shkoporov	geNomad	0.603542234332425	0.22770496016448213
Shkoporov	geNomad	0.603542234332425	0.22840938386182005
Shkoporov	geNomad	0.603542234332425	0.22888142598811675
Shkoporov	geNomad	0.6028610354223434	0.22945294270158154
Shkoporov	geNomad	0.6021798365122616	0.23020833333333332
Shkoporov	geNomad	0.6014986376021798	0.23097044206120848
Shkoporov	geNomad	0.6014986376021798	0.23169771713461035
Shkoporov	geNomad	0.6001362397820164	0.232086406743941
Shkoporov	geNomad	0.6001362397820164	0.2326379720095062
Shkoporov	geNomad	0.5994550408719346	0.23298914482393435
Shkoporov	geNomad	0.5994550408719346	0.23354564755838642
Shkoporov	geNomad	0.5980926430517711	0.23363491218733368
Shkoporov	geNomad	0.5980926430517711	0.2351365827530798
Shkoporov	geNomad	0.5974114441416893	0.23537305421363391
Shkoporov	geNomad	0.5974114441416893	0.23587950511027433
Shkoporov	geNomad	0.5974114441416893	0.2367071524966262
Shkoporov	geNomad	0.5953678474114441	0.23685636856368564
Shkoporov	geNomad	0.5946866485013624	0.2371638141809291
Shkoporov	geNomad	0.5940054495912807	0.23766693922049606
Shkoporov	geNomad	0.5933242506811989	0.23804318119704837
Shkoporov	geNomad	0.5933242506811989	0.23908866318967884
Shkoporov	geNomad	0.5926430517711172	0.23947151114781173
Shkoporov	geNomad	0.5919618528610354	0.24012158054711247
Shkoporov	geNomad	0.5912806539509536	0.2407766990291262
Shkoporov	geNomad	0.590599455040872	0.2415041782729805
Shkoporov	geNomad	0.590599455040872	0.24217877094972068
Shkoporov	geNomad	0.590599455040872	0.2430613961312027
Shkoporov	geNomad	0.590599455040872	0.2436762225969646
Shkoporov	geNomad	0.5899182561307902	0.24428772919605077
Shkoporov	geNomad	0.5899182561307902	0.24518686296715742
Shkoporov	geNomad	0.5892370572207084	0.24566884407838682
Shkoporov	geNomad	0.587874659400545	0.24579891768726858
Shkoporov	geNomad	0.5865122615803815	0.24628146453089245
Shkoporov	geNomad	0.5858310626702997	0.24648896531957581
Shkoporov	geNomad	0.5851498637602179	0.24712313003452244
Shkoporov	geNomad	0.5851498637602179	0.2480508229858504
Shkoporov	geNomad	0.5851498637602179	0.248913358446827
Shkoporov	geNomad	0.5851498637602179	0.24963673350770124
Shkoporov	geNomad	0.5851498637602179	0.2503643252696007
Shkoporov	geNomad	0.5837874659400545	0.2510251903925015
Shkoporov	geNomad	0.5837874659400545	0.2515409451130026
Shkoporov	geNomad	0.5831062670299727	0.25206124852767964
Shkoporov	geNomad	0.5831062670299727	0.2528803545051699
Shkoporov	geNomad	0.5831062670299727	0.25370480142264373
Shkoporov	geNomad	0.5817438692098093	0.25431804645622397
Shkoporov	geNomad	0.5817438692098093	0.25523012552301255
Shkoporov	geNomad	0.5810626702997275	0.25561881929877134
Shkoporov	geNomad	0.5810626702997275	0.2565413533834586
Shkoporov	geNomad	0.5810626702997275	0.25739287869643934
Shkoporov	geNomad	0.5810626702997275	0.2582500756887678
Shkoporov	geNomad	0.5803814713896458	0.25880923450789795
Shkoporov	geNomad	0.5803814713896458	0.2597560975609756
Shkoporov	geNomad	0.579700272479564	0.26048362411998777
Shkoporov	geNomad	0.5783378746594006	0.2609898555179834
Shkoporov	geNomad	0.5783378746594006	0.26179463459759483
Shkoporov	geNomad	0.5783378746594006	0.2627669452181987
Shkoporov	geNomad	0.5769754768392371	0.2629618131015213
Shkoporov	geNomad	0.5762942779291553	0.2637979420018709
Shkoporov	geNomad	0.5756130790190735	0.2643102908977166
Shkoporov	geNomad	0.5756130790190735	0.2654728243795162
Shkoporov	geNomad	0.5756130790190735	0.2663094862905767
Shkoporov	geNomad	0.5749318801089919	0.2670041126225878
Shkoporov	geNomad	0.5749318801089919	0.267851475721993
Shkoporov	geNomad	0.5742506811989101	0.2685568652437082
Shkoporov	geNomad	0.5735694822888283	0.2696125520333013
Shkoporov	geNomad	0.5735694822888283	0.2708266323576713
Shkoporov	geNomad	0.5735694822888283	0.2723156532988357
Shkoporov	geNomad	0.5722070844686649	0.272461887771651
Shkoporov	geNomad	0.5715258855585831	0.2731119791666667
Shkoporov	geNomad	0.5715258855585831	0.27391446294482535
Shkoporov	geNomad	0.5708446866485014	0.274664044575549
Shkoporov	geNomad	0.5708446866485014	0.27556724761591583
Shkoporov	geNomad	0.5708446866485014	0.2764764104256021
Shkoporov	geNomad	0.5701634877384196	0.2768772742308965
Shkoporov	geNomad	0.5688010899182562	0.27740863787375414
Shkoporov	geNomad	0.5681198910081744	0.2780926975658553
Shkoporov	geNomad	0.5674386920980926	0.27915549597855227
Shkoporov	geNomad	0.5667574931880109	0.27994616419919244
Shkoporov	geNomad	0.5653950953678474	0.2805949966193374
Shkoporov	geNomad	0.5653950953678474	0.28183361629881154
Shkoporov	geNomad	0.5647138964577657	0.2824531516183986
Shkoporov	geNomad	0.5633514986376021	0.28292849811837156
Shkoporov	geNomad	0.5626702997275205	0.2838487972508591
Shkoporov	geNomad	0.5619891008174387	0.2847773558853987
Shkoporov	geNomad	0.5619891008174387	0.28556593977154726
Shkoporov	geNomad	0.5613079019073569	0.28670842032011135
Shkoporov	geNomad	0.5613079019073569	0.28780998952148096
Shkoporov	geNomad	0.5613079019073569	0.28902139600140303
Shkoporov	geNomad	0.5599455040871935	0.28994708994708995
Shkoporov	geNomad	0.5592643051771117	0.2907223796033994
Shkoporov	geNomad	0.55858310626703	0.2915037326697476
Shkoporov	geNomad	0.5579019073569482	0.2923955730096394
Shkoporov	geNomad	0.5579019073569482	0.29396984924623115
Shkoporov	geNomad	0.5579019073569482	0.295028818443804
Shkoporov	geNomad	0.5572207084468664	0.2957339117859725
Shkoporov	geNomad	0.5565395095367848	0.296875
Shkoporov	geNomad	0.5544959128065395	0.2972972972972973
Shkoporov	geNomad	0.553133514986376	0.29809104258443464
Shkoporov	geNomad	0.5524523160762943	0.2987108655616943
Shkoporov	geNomad	0.5524523160762943	0.299815157116451
Shkoporov	geNomad	0.5510899182561307	0.30052005943536403
Shkoporov	geNomad	0.5504087193460491	0.3018304071722077
Shkoporov	geNomad	0.5504087193460491	0.3035311795642374
Shkoporov	geNomad	0.5497275204359673	0.3051039697542533
Shkoporov	geNomad	0.5490463215258855	0.306114698063046
Shkoporov	geNomad	0.5483651226158038	0.30795715378729915
Shkoporov	geNomad	0.547683923705722	0.30899308224442734
Shkoporov	geNomad	0.5470027247956403	0.3094412331406551
Shkoporov	geNomad	0.5470027247956403	0.3113609926328034
Shkoporov	geNomad	0.5449591280653951	0.311284046692607
Shkoporov	geNomad	0.5442779291553134	0.312720156555773
Shkoporov	geNomad	0.5422343324250681	0.3131392604248623
Shkoporov	geNomad	0.5408719346049047	0.3138339920948617
Shkoporov	geNomad	0.5401907356948229	0.3154335719968178
Shkoporov	geNomad	0.5388283378746594	0.31589456869009586
Shkoporov	geNomad	0.5374659400544959	0.3164861612515042
Shkoporov	geNomad	0.5374659400544959	0.31814516129032255
Shkoporov	geNomad	0.5361035422343324	0.31888168557536467
Shkoporov	geNomad	0.5354223433242506	0.3197721724979658
Shkoporov	geNomad	0.5354223433242506	0.32094732543895466
Shkoporov	geNomad	0.534741144414169	0.32198523379819527
Shkoporov	geNomad	0.534741144414169	0.32317826265953065
Shkoporov	geNomad	0.5326975476839237	0.3235415804716591
Shkoporov	geNomad	0.532016348773842	0.32501040366208905
Shkoporov	geNomad	0.532016348773842	0.3259599332220367
Shkoporov	geNomad	0.5313351498637602	0.3269069572506287
Shkoporov	geNomad	0.5299727520435967	0.32771693344566133
Shkoporov	geNomad	0.529291553133515	0.32840236686390534
Shkoporov	geNomad	0.5286103542234333	0.32979175520611986
Shkoporov	geNomad	0.5279291553133515	0.33063139931740615
Shkoporov	geNomad	0.526566757493188	0.3316173316173316
Shkoporov	geNomad	0.5252043596730245	0.3330453563714903
Shkoporov	geNomad	0.5252043596730245	0.3344902386117137
Shkoporov	geNomad	0.5245231607629428	0.3353658536585366
Shkoporov	geNomad	0.5245231607629428	0.337275514673675
Shkoporov	geNomad	0.5224795640326976	0.3377366798767063
Shkoporov	geNomad	0.5204359673024523	0.33790358248562585
Shkoporov	geNomad	0.5204359673024523	0.33955555555555555
Shkoporov	geNomad	0.5197547683923706	0.3409294012511171
Shkoporov	geNomad	0.5197547683923706	0.342152466367713
Shkoporov	geNomad	0.5190735694822888	0.34370771312584575
Shkoporov	geNomad	0.5177111716621253	0.3438914027149321
Shkoporov	geNomad	0.5170299727520435	0.3451568894952251
Shkoporov	geNomad	0.5156675749318801	0.3459780621572212
Shkoporov	geNomad	0.5143051771117166	0.3469669117647059
Shkoporov	geNomad	0.5136239782016349	0.3482678983833718
Shkoporov	geNomad	0.5129427792915532	0.3492578849721707
Shkoporov	geNomad	0.5129427792915532	0.35072193758733117
Shkoporov	geNomad	0.5129427792915532	0.3521983161833489
Shkoporov	geNomad	0.5122615803814714	0.3530516431924883
Shkoporov	geNomad	0.5102179836512262	0.3543046357615894
Shkoporov	geNomad	0.5102179836512262	0.35565052231718897
Shkoporov	geNomad	0.5088555858310627	0.3562231759656652
Shkoporov	geNomad	0.5088555858310627	0.3581016299137105
Shkoporov	geNomad	0.5074931880108992	0.3585178055822907
Shkoporov	geNomad	0.5074931880108992	0.3602514506769826
Shkoporov	geNomad	0.5054495912806539	0.3614223088163663
Shkoporov	geNomad	0.5054495912806539	0.3626588465298143
Shkoporov	geNomad	0.5040871934604905	0.3641732283464567
Shkoporov	geNomad	0.5034059945504087	0.36493827160493825
Shkoporov	geNomad	0.5020435967302452	0.3655753968253968
Shkoporov	geNomad	0.5013623978201635	0.36689930209371885
Shkoporov	geNomad	0.5	0.36773547094188375
Shkoporov	geNomad	0.4993188010899183	0.3690835850956697
Shkoporov	geNomad	0.4986376021798365	0.3710086163203244
Shkoporov	geNomad	0.4986376021798365	0.3730886850152905
Shkoporov	geNomad	0.4986376021798365	0.37538461538461537
Shkoporov	geNomad	0.4986376021798365	0.3767370046320124
Shkoporov	geNomad	0.4986376021798365	0.37888198757763975
Shkoporov	geNomad	0.49795640326975477	0.3805309734513274
Shkoporov	geNomad	0.49795640326975477	0.3825222396650968
Shkoporov	geNomad	0.49727520435967304	0.38421052631578945
Shkoporov	geNomad	0.49591280653950953	0.38457474907554146
Shkoporov	geNomad	0.494550408719346	0.3853503184713376
Shkoporov	geNomad	0.494550408719346	0.38761345435130806
Shkoporov	geNomad	0.494550408719346	0.3894849785407725
Shkoporov	geNomad	0.494550408719346	0.3913746630727763
Shkoporov	geNomad	0.494550408719346	0.39370932754880694
Shkoporov	geNomad	0.4938692098092643	0.394880174291939
Shkoporov	geNomad	0.49318801089918257	0.39627805145046524
Shkoporov	geNomad	0.49318801089918257	0.39802089059923035
Shkoporov	geNomad	0.4925068119891008	0.39988938053097345
Shkoporov	geNomad	0.4925068119891008	0.40256124721603564
Shkoporov	geNomad	0.48978201634877383	0.40257558790593506
Shkoporov	geNomad	0.48978201634877383	0.4043869516310461
Shkoporov	geNomad	0.4891008174386921	0.4061085972850679
Shkoporov	geNomad	0.4884196185286104	0.40738636363636366
Shkoporov	geNomad	0.4884196185286104	0.41018306636155605
Shkoporov	geNomad	0.48705722070844687	0.4111558366877516
Shkoporov	geNomad	0.48569482288828336	0.4123770965876229
Shkoporov	geNomad	0.4822888283378747	0.4121071012805588
Shkoporov	geNomad	0.48092643051771117	0.41431924882629106
Shkoporov	geNomad	0.48024523160762944	0.415929203539823
Shkoporov	geNomad	0.47956403269754766	0.41780415430267065
Shkoporov	geNomad	0.47956403269754766	0.4200477326968974
Shkoporov	geNomad	0.4782016348773842	0.42162162162162165
Shkoporov	geNomad	0.4768392370572207	0.4229607250755287
Shkoporov	geNomad	0.476158038147139	0.4254412659768716
Shkoporov	geNomad	0.47479564032697547	0.4270833333333333
Shkoporov	geNomad	0.4713896457765668	0.4276885043263288
Shkoporov	geNomad	0.47002724795640327	0.42857142857142855
Shkoporov	geNomad	0.46798365122615804	0.42964352720450283
Shkoporov	geNomad	0.4659400544959128	0.43100189035916825
Shkoporov	geNomad	0.4652588555858311	0.4333756345177665
Shkoporov	geNomad	0.46389645776566757	0.4343112244897959
Shkoporov	geNomad	0.46321525885558584	0.4370179948586118
Shkoporov	geNomad	0.46253405994550406	0.43891402714932126
Shkoporov	geNomad	0.4611716621253406	0.4396103896103896
Shkoporov	geNomad	0.4591280653950954	0.44052287581699345
Shkoporov	geNomad	0.45844686648501365	0.44334650856389984
Shkoporov	geNomad	0.45776566757493187	0.44562334217506633
Shkoporov	geNomad	0.45572207084468663	0.446
Shkoporov	geNomad	0.4550408719346049	0.44802146210596916
Shkoporov	geNomad	0.4550408719346049	0.45165652467883705
Shkoporov	geNomad	0.4543596730245232	0.453125
Shkoporov	geNomad	0.4529972752043597	0.4536152796725784
Shkoporov	geNomad	0.45231607629427795	0.455106237148732
Shkoporov	geNomad	0.45163487738419617	0.45850622406639
Shkoporov	geNomad	0.45163487738419617	0.4610570236439499
Shkoporov	geNomad	0.45095367847411444	0.46293706293706294
Shkoporov	geNomad	0.44959128065395093	0.4647887323943662
Shkoporov	geNomad	0.4482288828337875	0.4663359319631467
Shkoporov	geNomad	0.44686648501362397	0.4672364672364672
Shkoporov	geNomad	0.44482288828337874	0.4677650429799427
Shkoporov	geNomad	0.444141689373297	0.4697406340057637
Shkoporov	geNomad	0.4427792915531335	0.4716981132075472
Shkoporov	geNomad	0.44141689373297005	0.4733382030679328
Shkoporov	geNomad	0.44073569482288827	0.4746881878209831
Shkoporov	geNomad	0.44005449591280654	0.47640117994100295
Shkoporov	geNomad	0.43869209809264303	0.47739065974796147
Shkoporov	geNomad	0.4359673024523161	0.4786836200448766
Shkoporov	geNomad	0.4332425068119891	0.4785553047404063
Shkoporov	geNomad	0.43256130790190733	0.4803328290468986
Shkoporov	geNomad	0.43256130790190733	0.4836252856054836
Shkoporov	geNomad	0.4311989100817439	0.4850574712643678
Shkoporov	geNomad	0.4311989100817439	0.487673343605547
Shkoporov	geNomad	0.42915531335149865	0.4883720930232558
Shkoporov	geNomad	0.42779291553133514	0.48985959438377535
Shkoporov	geNomad	0.4264305177111717	0.49098039215686273
Shkoporov	geNomad	0.4250681198910082	0.491725768321513
Shkoporov	geNomad	0.42438692098092645	0.4932699920823436
Shkoporov	geNomad	0.42166212534059944	0.49440894568690097
Shkoporov	geNomad	0.4209809264305177	0.4963855421686747
Shkoporov	geNomad	0.4196185286103542	0.4971751412429379
Shkoporov	geNomad	0.41757493188010897	0.49756493506493504
Shkoporov	geNomad	0.4162125340599455	0.49959116925592806
Shkoporov	geNomad	0.4162125340599455	0.502880658436214
Shkoporov	geNomad	0.41553133514986373	0.5049668874172185
Shkoporov	geNomad	0.4141689373297003	0.5075125208681135
Shkoporov	geNomad	0.4128065395095368	0.5092436974789916
Shkoporov	geNomad	0.41212534059945505	0.5122777307366638
Shkoporov	geNomad	0.41076294277929154	0.5131914893617021
Shkoporov	geNomad	0.4087193460490463	0.5145797598627787
Shkoporov	geNomad	0.4080381471389646	0.5177182368193605
Shkoporov	geNomad	0.40599455040871935	0.5182608695652174
Shkoporov	geNomad	0.4039509536784741	0.5192644483362522
Shkoporov	geNomad	0.4039509536784741	0.5233892321270962
Shkoporov	geNomad	0.4019073569482289	0.5239786856127886
Shkoporov	geNomad	0.40054495912806537	0.5264100268576545
Shkoporov	geNomad	0.3978201634877384	0.5270758122743683
Shkoporov	geNomad	0.39645776566757496	0.5300546448087432
Shkoporov	geNomad	0.3944141689373297	0.5311926605504587
Shkoporov	geNomad	0.3930517711171662	0.5327793167128347
Shkoporov	geNomad	0.3896457765667575	0.532093023255814
Shkoporov	geNomad	0.3862397820163488	0.5313964386129335
Shkoporov	geNomad	0.38351498637602177	0.5311320754716982
Shkoporov	geNomad	0.3821525885558583	0.5342857142857143
Shkoporov	geNomad	0.3801089918256131	0.5360230547550432
Shkoporov	geNomad	0.3787465940054496	0.5387596899224806
Shkoporov	geNomad	0.3760217983651226	0.5395894428152492
Shkoporov	geNomad	0.3726158038147139	0.5389162561576355
Shkoporov	geNomad	0.3712534059945504	0.5422885572139303
Shkoporov	geNomad	0.3692098092643052	0.5441767068273092
Shkoporov	geNomad	0.36716621253405995	0.5466531440162272
Shkoporov	geNomad	0.3651226158038147	0.5469387755102041
Shkoporov	geNomad	0.3637602179836512	0.5488180883864338
Shkoporov	geNomad	0.36103542234332425	0.5492227979274611
Shkoporov	geNomad	0.358991825613079	0.5495307612095933
Shkoporov	geNomad	0.3576294277929155	0.5514705882352942
Shkoporov	geNomad	0.3555858310626703	0.5523809523809524
Shkoporov	geNomad	0.3542234332425068	0.5543710021321961
Shkoporov	geNomad	0.3528610354223433	0.556989247311828
Shkoporov	geNomad	0.35149863760217986	0.5584415584415584
Shkoporov	geNomad	0.3508174386920981	0.5610021786492375
Shkoporov	geNomad	0.34877384196185285	0.5638766519823789
Shkoporov	geNomad	0.3474114441416894	0.5666666666666667
Shkoporov	geNomad	0.3460490463215259	0.5682326621923938
Shkoporov	geNomad	0.34400544959128065	0.5693348365276212
Shkoporov	geNomad	0.3405994550408719	0.5688282138794084
Shkoporov	geNomad	0.33787465940054495	0.5688073394495413
Shkoporov	geNomad	0.335149863760218	0.5681293302540416
Shkoporov	geNomad	0.33310626702997276	0.5686046511627907
Shkoporov	geNomad	0.3303814713896458	0.5692488262910798
Shkoporov	geNomad	0.3303814713896458	0.5732860520094563
Shkoporov	geNomad	0.3290190735694823	0.5756853396901073
Shkoporov	geNomad	0.32629427792915533	0.575030012004802
Shkoporov	geNomad	0.3242506811989101	0.576969696969697
Shkoporov	geNomad	0.3215258855585831	0.5784313725490197
Shkoporov	geNomad	0.3188010899182561	0.5792079207920792
Shkoporov	geNomad	0.31539509536784743	0.5780274656679151
Shkoporov	geNomad	0.3106267029972752	0.5757575757575758
Shkoporov	geNomad	0.3072207084468665	0.5745222929936306
Shkoporov	geNomad	0.30449591280653954	0.5738125802310655
Shkoporov	geNomad	0.3010899182561308	0.574025974025974
Shkoporov	geNomad	0.29836512261580383	0.5755584756898817
Shkoporov	geNomad	0.29836512261580383	0.5832223701731025
Shkoporov	geNomad	0.2949591280653951	0.5859269282814614
Shkoporov	geNomad	0.29155313351498635	0.5839017735334243
Shkoporov	geNomad	0.2895095367847411	0.5862068965517241
Shkoporov	geNomad	0.28678474114441416	0.5855354659248957
Shkoporov	geNomad	0.2840599455040872	0.5856741573033708
Shkoporov	geNomad	0.28133514986376024	0.5858156028368794
Shkoporov	geNomad	0.2786103542234332	0.5868005738880918
Shkoporov	geNomad	0.27520435967302453	0.5855072463768116
Shkoporov	geNomad	0.2717983651226158	0.5841874084919473
Shkoporov	geNomad	0.26975476839237056	0.5849335302806499
Shkoporov	geNomad	0.26430517711171664	0.5808383233532934
Shkoporov	geNomad	0.2615803814713896	0.5800604229607251
Shkoporov	geNomad	0.2608991825613079	0.5847328244274809
Shkoporov	geNomad	0.25681198910081743	0.5835913312693498
Shkoporov	geNomad	0.25272479564032696	0.5824175824175825
Shkoporov	geNomad	0.25	0.5816164817749604
Shkoporov	geNomad	0.247275204359673	0.5808
Shkoporov	geNomad	0.24591280653950953	0.5841423948220065
Shkoporov	geNomad	0.24250681198910082	0.5836065573770491
Shkoporov	geNomad	0.24114441416893734	0.5860927152317881
Shkoporov	geNomad	0.23705722070844687	0.584873949579832
Shkoporov	geNomad	0.23228882833787465	0.582905982905983
Shkoporov	geNomad	0.23092643051771117	0.5865051903114187
Shkoporov	geNomad	0.22615803814713897	0.5824561403508772
Shkoporov	geNomad	0.22275204359673023	0.5808170515097691
Shkoporov	geNomad	0.22138964577656675	0.5866425992779783
Shkoporov	geNomad	0.21934604904632152	0.5886654478976234
Shkoporov	geNomad	0.21525885558583105	0.5851851851851851
Shkoporov	geNomad	0.2111716621253406	0.5827067669172933
Shkoporov	geNomad	0.20844686648501362	0.583969465648855
Shkoporov	geNomad	0.20435967302452315	0.5813953488372093
Shkoporov	geNomad	0.2016348773841962	0.581532416502947
Shkoporov	geNomad	0.19959128065395096	0.586
Shkoporov	geNomad	0.1955040871934605	0.5869120654396728
Shkoporov	geNomad	0.1927792915531335	0.5859213250517599
Shkoporov	geNomad	0.19005449591280654	0.5873684210526315
Shkoporov	geNomad	0.18664850136239783	0.5867237687366167
Shkoporov	geNomad	0.1818801089918256	0.5855263157894737
Shkoporov	geNomad	0.17915531335149865	0.5857461024498887
Shkoporov	geNomad	0.17643051771117166	0.5846501128668171
Shkoporov	geNomad	0.17506811989100818	0.5881006864988558
Shkoporov	geNomad	0.16825613079019072	0.57981220657277
Shkoporov	geNomad	0.16621253405994552	0.583732057416268
Shkoporov	geNomad	0.16348773841961853	0.5853658536585366
Shkoporov	geNomad	0.1600817438692098	0.5845771144278606
Shkoporov	geNomad	0.1566757493188011	0.5852417302798982
Shkoporov	geNomad	0.15326975476839236	0.5859375
Shkoporov	geNomad	0.15122615803814715	0.5935828877005348
Shkoporov	geNomad	0.14850136239782016	0.592391304347826
Shkoporov	geNomad	0.1444141689373297	0.5905292479108635
Shkoporov	geNomad	0.14305177111716622	0.5982905982905983
Shkoporov	geNomad	0.14032697547683923	0.6005830903790087
Shkoporov	geNomad	0.13760217983651227	0.6011904761904762
Shkoporov	geNomad	0.13419618528610355	0.6024464831804281
Shkoporov	geNomad	0.12942779291553133	0.5974842767295597
Shkoporov	geNomad	0.12534059945504086	0.6013071895424836
Shkoporov	geNomad	0.12397820163487738	0.6127946127946128
Shkoporov	geNomad	0.11920980926430517	0.6161971830985915
Shkoporov	geNomad	0.11512261580381472	0.6213235294117647
Shkoporov	geNomad	0.11035422343324251	0.6183206106870229
Shkoporov	geNomad	0.10286103542234333	0.604
Shkoporov	geNomad	0.09536784741144415	0.6086956521739131
Shkoporov	geNomad	0.09059945504087194	0.6018099547511312
Shkoporov	geNomad	0.08514986376021798	0.6038647342995169
Shkoporov	geNomad	0.07901907356948229	0.5918367346938775
Shkoporov	geNomad	0.07288828337874659	0.5911602209944752
Shkoporov	geNomad	0.07016348773841961	0.6094674556213018
Shkoporov	geNomad	0.06335149863760219	0.6038961038961039
Shkoporov	geNomad	0.05926430517711172	0.6041666666666666
Shkoporov	geNomad	0.04904632152588556	0.576
Shkoporov	geNomad	0.042915531335149866	0.5625
Shkoporov	geNomad	0.04087193460490463	0.594059405940594
Shkoporov	geNomad	0.035422343324250684	0.5777777777777777
Shkoporov	geNomad	0.03337874659400545	0.5975609756097561
Shkoporov	geNomad	0.02861035422343324	0.5753424657534246
Shkoporov	geNomad	0.023841961852861037	0.5833333333333334
Shkoporov	geNomad	0.01907356948228883	0.5957446808510638
Shkoporov	geNomad	0.011580381471389645	0.53125
Shkoporov	geNomad	0.008855585831062671	0.52
Shkoporov	geNomad	0.0034059945504087193	0.45454545454545453
Shkoporov	geNomad	0.0	1.0
Shkoporov	MetaPhaPred	1.0	0.030390857899966876
Shkoporov	MetaPhaPred	1.0	0.030413524488273804
Shkoporov	MetaPhaPred	0.997275204359673	0.030578995738992396
Shkoporov	MetaPhaPred	0.9965940054495913	0.030815569972196477
Shkoporov	MetaPhaPred	0.9965940054495913	0.03114953052142994
Shkoporov	MetaPhaPred	0.9959128065395095	0.031449652591046956
Shkoporov	MetaPhaPred	0.9959128065395095	0.031527645993271805
Shkoporov	MetaPhaPred	0.9952316076294278	0.03178643691665035
Shkoporov	MetaPhaPred	0.9945504087193461	0.03203089006384239
Shkoporov	MetaPhaPred	0.9938692098092643	0.032201818663370706
Shkoporov	MetaPhaPred	0.9938692098092643	0.032466954470603944
Shkoporov	MetaPhaPred	0.9931880108991825	0.03254536931627938
Shkoporov	MetaPhaPred	0.9931880108991825	0.0327280073626793
Shkoporov	MetaPhaPred	0.9925068119891008	0.03295858122016875
Shkoporov	MetaPhaPred	0.9925068119891008	0.033192090395480225
Shkoporov	MetaPhaPred	0.9918256130790191	0.03331426610227663
Shkoporov	MetaPhaPred	0.9918256130790191	0.03353061741473413
Shkoporov	MetaPhaPred	0.9918256130790191	0.033739630161746303
Shkoporov	MetaPhaPred	0.9918256130790191	0.03376545070847151
Shkoporov	MetaPhaPred	0.9918256130790191	0.03392990305741984
Shkoporov	MetaPhaPred	0.9911444141689373	0.03404544071881508
Shkoporov	MetaPhaPred	0.9904632152588556	0.03419326011805376
Shkoporov	MetaPhaPred	0.9897820163487738	0.03423576258806343
Shkoporov	MetaPhaPred	0.9897820163487738	0.0343685691983821
Shkoporov	MetaPhaPred	0.9897820163487738	0.03452126395818484
Shkoporov	MetaPhaPred	0.9897820163487738	0.03469022323027337
Shkoporov	MetaPhaPred	0.9897820163487738	0.03472255412703723
Shkoporov	MetaPhaPred	0.9897820163487738	0.03487255796092738
Shkoporov	MetaPhaPred	0.9897820163487738	0.03512461623999807
Shkoporov	MetaPhaPred	0.9897820163487738	0.03514330632482767
Shkoporov	MetaPhaPred	0.9897820163487738	0.03527041460335955
Shkoporov	MetaPhaPred	0.989100817438692	0.035374083367846615
Shkoporov	MetaPhaPred	0.9884196185286104	0.03544557357826852
Shkoporov	MetaPhaPred	0.9884196185286104	0.03557854988598191
Shkoporov	MetaPhaPred	0.9884196185286104	0.03571516479188717
Shkoporov	MetaPhaPred	0.9884196185286104	0.035745959795033505
Shkoporov	MetaPhaPred	0.9863760217983651	0.03580082084754982
Shkoporov	MetaPhaPred	0.9863760217983651	0.03593408775064522
Shkoporov	MetaPhaPred	0.9863760217983651	0.03595907420284097
Shkoporov	MetaPhaPred	0.9850136239782016	0.03611298419120402
Shkoporov	MetaPhaPred	0.9850136239782016	0.03613915825252424
Shkoporov	MetaPhaPred	0.9850136239782016	0.03625513990572661
Shkoporov	MetaPhaPred	0.9850136239782016	0.03638559673888427
Shkoporov	MetaPhaPred	0.9850136239782016	0.03647830474268416
Shkoporov	MetaPhaPred	0.9836512261580381	0.03647846406467096
Shkoporov	MetaPhaPred	0.9836512261580381	0.036700978523319355
Shkoporov	MetaPhaPred	0.9836512261580381	0.036728983848403916
Shkoporov	MetaPhaPred	0.9829700272479565	0.03682907531711799
Shkoporov	MetaPhaPred	0.9829700272479565	0.03694694797214256
Shkoporov	MetaPhaPred	0.9829700272479565	0.036968718776419954
Shkoporov	MetaPhaPred	0.9829700272479565	0.037151463659535026
Shkoporov	MetaPhaPred	0.9829700272479565	0.03720126840083529
Shkoporov	MetaPhaPred	0.9802452316076294	0.03718730618151747
Shkoporov	MetaPhaPred	0.978882833787466	0.037254037798460066
Shkoporov	MetaPhaPred	0.9782016348773842	0.03734040616792782
Shkoporov	MetaPhaPred	0.9775204359673024	0.03740193395365809
Shkoporov	MetaPhaPred	0.9775204359673024	0.037523206861386396
Shkoporov	MetaPhaPred	0.9775204359673024	0.03754087638979725
Shkoporov	MetaPhaPred	0.9775204359673024	0.03764625636182381
Shkoporov	MetaPhaPred	0.9775204359673024	0.03774627140489781
Shkoporov	MetaPhaPred	0.9775204359673024	0.03776812738518226
Shkoporov	MetaPhaPred	0.9775204359673024	0.03794991140613017
Shkoporov	MetaPhaPred	0.9775204359673024	0.03800015888568175
Shkoporov	MetaPhaPred	0.9775204359673024	0.038098019433972286
Shkoporov	MetaPhaPred	0.9775204359673024	0.03819841882503261
Shkoporov	MetaPhaPred	0.9775204359673024	0.038304460400928914
Shkoporov	MetaPhaPred	0.9775204359673024	0.03837821935759942
Shkoporov	MetaPhaPred	0.9768392370572208	0.038398714687374484
Shkoporov	MetaPhaPred	0.9768392370572208	0.038572235521962504
Shkoporov	MetaPhaPred	0.9768392370572208	0.038598191214470286
Shkoporov	MetaPhaPred	0.976158038147139	0.038689994060154435
Shkoporov	MetaPhaPred	0.9754768392370572	0.0387750128618234
Shkoporov	MetaPhaPred	0.9747956403269755	0.03885524993890684
Shkoporov	MetaPhaPred	0.9747956403269755	0.03891230455472468
Shkoporov	MetaPhaPred	0.9747956403269755	0.0391026341676686
Shkoporov	MetaPhaPred	0.9747956403269755	0.039122946113677996
Shkoporov	MetaPhaPred	0.9747956403269755	0.03922159791695217
Shkoporov	MetaPhaPred	0.9747956403269755	0.039313186813186816
Shkoporov	MetaPhaPred	0.9747956403269755	0.039430177449575665
Shkoporov	MetaPhaPred	0.9747956403269755	0.0394856654065837
Shkoporov	MetaPhaPred	0.9747956403269755	0.039586157293424434
Shkoporov	MetaPhaPred	0.9741144414168937	0.03968143852151955
Shkoporov	MetaPhaPred	0.9741144414168937	0.03979296527159394
Shkoporov	MetaPhaPred	0.9741144414168937	0.03989398800390571
Shkoporov	MetaPhaPred	0.9741144414168937	0.039940787084881156
Shkoporov	MetaPhaPred	0.9741144414168937	0.040135844396418645
Shkoporov	MetaPhaPred	0.9741144414168937	0.040165154621801535
Shkoporov	MetaPhaPred	0.9741144414168937	0.04030780505679736
Shkoporov	MetaPhaPred	0.9741144414168937	0.04043431544421196
Shkoporov	MetaPhaPred	0.9741144414168937	0.04046406338426712
Shkoporov	MetaPhaPred	0.973433242506812	0.04065318198628773
Shkoporov	MetaPhaPred	0.973433242506812	0.040769164931100395
Shkoporov	MetaPhaPred	0.973433242506812	0.04079477004767478
Shkoporov	MetaPhaPred	0.9727520435967303	0.040889957907396274
Shkoporov	MetaPhaPred	0.9727520435967303	0.04092042295899361
Shkoporov	MetaPhaPred	0.9720708446866485	0.04108484726340944
Shkoporov	MetaPhaPred	0.9720708446866485	0.041208235871668254
Shkoporov	MetaPhaPred	0.9720708446866485	0.04123681548909117
Shkoporov	MetaPhaPred	0.9720708446866485	0.04134314520801947
Shkoporov	MetaPhaPred	0.9720708446866485	0.04145845438698431
Shkoporov	MetaPhaPred	0.9720708446866485	0.0415598788443616
Shkoporov	MetaPhaPred	0.9720708446866485	0.041599860070547764
Shkoporov	MetaPhaPred	0.970708446866485	0.041656922357343314
Shkoporov	MetaPhaPred	0.970708446866485	0.04175457102672293
Shkoporov	MetaPhaPred	0.970708446866485	0.041869894811071284
Shkoporov	MetaPhaPred	0.970708446866485	0.04197843634006952
Shkoporov	MetaPhaPred	0.9700272479564033	0.04198236976325953
Shkoporov	MetaPhaPred	0.9700272479564033	0.042101528545664194
Shkoporov	MetaPhaPred	0.9686648501362398	0.042243479294159586
Shkoporov	MetaPhaPred	0.9686648501362398	0.04226984929104367
Shkoporov	MetaPhaPred	0.9686648501362398	0.042394609743008765
Shkoporov	MetaPhaPred	0.9686648501362398	0.042518837459634015
Shkoporov	MetaPhaPred	0.9686648501362398	0.0426348454411897
Shkoporov	MetaPhaPred	0.9686648501362398	0.04278107042931496
Shkoporov	MetaPhaPred	0.9686648501362398	0.04280940482283168
Shkoporov	MetaPhaPred	0.9686648501362398	0.042934782608695654
Shkoporov	MetaPhaPred	0.9686648501362398	0.04307002665374364
Shkoporov	MetaPhaPred	0.9686648501362398	0.04314844034470203
Shkoporov	MetaPhaPred	0.967983651226158	0.04324406573341449
Shkoporov	MetaPhaPred	0.967983651226158	0.04329940886099092
Shkoporov	MetaPhaPred	0.9673024523160763	0.04336937267118685
Shkoporov	MetaPhaPred	0.9673024523160763	0.04347293656625031
Shkoporov	MetaPhaPred	0.9673024523160763	0.04360777569634247
Shkoporov	MetaPhaPred	0.9666212534059946	0.04368035461429539
Shkoporov	MetaPhaPred	0.9666212534059946	0.04373555247341655
Shkoporov	MetaPhaPred	0.9666212534059946	0.04390877866138565
Shkoporov	MetaPhaPred	0.9666212534059946	0.0439278085626722
Shkoporov	MetaPhaPred	0.9659400544959128	0.04401266372835061
Shkoporov	MetaPhaPred	0.9659400544959128	0.04412496888225043
Shkoporov	MetaPhaPred	0.9659400544959128	0.04414832342227342
Shkoporov	MetaPhaPred	0.9659400544959128	0.0443249663967991
Shkoporov	MetaPhaPred	0.9659400544959128	0.04444026576407171
Shkoporov	MetaPhaPred	0.9659400544959128	0.04446674401831353
Shkoporov	MetaPhaPred	0.9645776566757494	0.044515703102895404
Shkoporov	MetaPhaPred	0.9645776566757494	0.04453530429312785
Shkoporov	MetaPhaPred	0.9645776566757494	0.04472803082949017
Shkoporov	MetaPhaPred	0.9638964577656676	0.04482955265492333
Shkoporov	MetaPhaPred	0.9638964577656676	0.04484660243407708
Shkoporov	MetaPhaPred	0.9638964577656676	0.04496488607836283
Shkoporov	MetaPhaPred	0.9638964577656676	0.045079486444295776
Shkoporov	MetaPhaPred	0.9638964577656676	0.045144206227667176
Shkoporov	MetaPhaPred	0.9638964577656676	0.04518889917925462
Shkoporov	MetaPhaPred	0.9638964577656676	0.04531335062606078
Shkoporov	MetaPhaPred	0.9638964577656676	0.045420986742849806
Shkoporov	MetaPhaPred	0.9638964577656676	0.04554525556843054
Shkoporov	MetaPhaPred	0.9638964577656676	0.04566431084002969
Shkoporov	MetaPhaPred	0.9638964577656676	0.045676103166661285
Shkoporov	MetaPhaPred	0.9638964577656676	0.04579732660128815
Shkoporov	MetaPhaPred	0.9632152588555858	0.04595982578170708
Shkoporov	MetaPhaPred	0.9632152588555858	0.04598523529220463
Shkoporov	MetaPhaPred	0.9625340599455041	0.046093622573805254
Shkoporov	MetaPhaPred	0.9625340599455041	0.04611919838109537
Shkoporov	MetaPhaPred	0.9625340599455041	0.04635218475265713
Shkoporov	MetaPhaPred	0.9625340599455041	0.04645428543248841
Shkoporov	MetaPhaPred	0.9625340599455041	0.04655683690280066
Shkoporov	MetaPhaPred	0.9625340599455041	0.04667525517788128
Shkoporov	MetaPhaPred	0.9618528610354223	0.046699298849054105
Shkoporov	MetaPhaPred	0.9618528610354223	0.04681387175916717
Shkoporov	MetaPhaPred	0.9618528610354223	0.0469680337956957
Shkoporov	MetaPhaPred	0.9604904632152589	0.04703135423615744
Shkoporov	MetaPhaPred	0.9604904632152589	0.04705489738027699
Shkoporov	MetaPhaPred	0.9598092643051771	0.04721058803819735
Shkoporov	MetaPhaPred	0.9598092643051771	0.047359752613357536
Shkoporov	MetaPhaPred	0.9598092643051771	0.04738842363703629
Shkoporov	MetaPhaPred	0.9598092643051771	0.04750986276427151
Shkoporov	MetaPhaPred	0.9598092643051771	0.04764481114530146
Shkoporov	MetaPhaPred	0.9598092643051771	0.04767060256453632
Shkoporov	MetaPhaPred	0.9598092643051771	0.04779349411485363
Shkoporov	MetaPhaPred	0.9591280653950953	0.0478927854688935
Shkoporov	MetaPhaPred	0.9591280653950953	0.04797764677820561
Shkoporov	MetaPhaPred	0.9591280653950953	0.04808250520779975
Shkoporov	MetaPhaPred	0.9584468664850136	0.04815030286437836
Shkoporov	MetaPhaPred	0.9584468664850136	0.048294089380105716
Shkoporov	MetaPhaPred	0.9584468664850136	0.048433734939759034
Shkoporov	MetaPhaPred	0.9584468664850136	0.048458756672980885
Shkoporov	MetaPhaPred	0.9584468664850136	0.04857586742620404
Shkoporov	MetaPhaPred	0.9584468664850136	0.04869523084377379
Shkoporov	MetaPhaPred	0.9584468664850136	0.04871377626977807
Shkoporov	MetaPhaPred	0.9584468664850136	0.04884738230801278
Shkoporov	MetaPhaPred	0.9577656675749319	0.04903567816412653
Shkoporov	MetaPhaPred	0.9577656675749319	0.049069905420025824
Shkoporov	MetaPhaPred	0.9577656675749319	0.049219351676818596
Shkoporov	MetaPhaPred	0.9577656675749319	0.04934372148522496
Shkoporov	MetaPhaPred	0.9577656675749319	0.049366244162775186
Shkoporov	MetaPhaPred	0.9577656675749319	0.04949310053506055
Shkoporov	MetaPhaPred	0.9570844686648501	0.04960983016136436
Shkoporov	MetaPhaPred	0.9570844686648501	0.04971867369687533
Shkoporov	MetaPhaPred	0.9570844686648501	0.04983329786479393
Shkoporov	MetaPhaPred	0.9564032697547684	0.04990403071017274
Shkoporov	MetaPhaPred	0.9564032697547684	0.050060614704414176
Shkoporov	MetaPhaPred	0.9543596730245232	0.05009296338672769
Shkoporov	MetaPhaPred	0.9543596730245232	0.05011088060662422
Shkoporov	MetaPhaPred	0.9543596730245232	0.050247471486980846
Shkoporov	MetaPhaPred	0.9536784741144414	0.05035608948996475
Shkoporov	MetaPhaPred	0.9536784741144414	0.0503868994061544
Shkoporov	MetaPhaPred	0.9529972752043597	0.05047625920046183
Shkoporov	MetaPhaPred	0.9529972752043597	0.050703102348506814
Shkoporov	MetaPhaPred	0.9529972752043597	0.050734360834088846
Shkoporov	MetaPhaPred	0.952316076294278	0.05083821229862904
Shkoporov	MetaPhaPred	0.9495912806539509	0.050840657937926255
Shkoporov	MetaPhaPred	0.9489100817438693	0.05092304880277829
Shkoporov	MetaPhaPred	0.9489100817438693	0.05099015337311029
Shkoporov	MetaPhaPred	0.9489100817438693	0.05113615506038691
Shkoporov	MetaPhaPred	0.9489100817438693	0.051249034251867116
Shkoporov	MetaPhaPred	0.9489100817438693	0.05140790493412555
Shkoporov	MetaPhaPred	0.9482288828337875	0.05150786308973173
Shkoporov	MetaPhaPred	0.9482288828337875	0.05163396268407582
Shkoporov	MetaPhaPred	0.946866485013624	0.05170361553340277
Shkoporov	MetaPhaPred	0.946866485013624	0.05173440524043472
Shkoporov	MetaPhaPred	0.9455040871934605	0.05180844313388824
Shkoporov	MetaPhaPred	0.9455040871934605	0.05194416376632611
Shkoporov	MetaPhaPred	0.9455040871934605	0.051969447356597274
Shkoporov	MetaPhaPred	0.9455040871934605	0.05209623540892542
Shkoporov	MetaPhaPred	0.9455040871934605	0.05220596532139767
Shkoporov	MetaPhaPred	0.9455040871934605	0.05233588477055918
Shkoporov	MetaPhaPred	0.9455040871934605	0.05248232313683972
Shkoporov	MetaPhaPred	0.9455040871934605	0.05262359720958447
Shkoporov	MetaPhaPred	0.9448228882833788	0.05271559423815134
Shkoporov	MetaPhaPred	0.9448228882833788	0.052850175278158815
Shkoporov	MetaPhaPred	0.9448228882833788	0.052914695559285824
Shkoporov	MetaPhaPred	0.9448228882833788	0.05300771994190935
Shkoporov	MetaPhaPred	0.944141689373297	0.05310548296869612
Shkoporov	MetaPhaPred	0.944141689373297	0.05328924603022031
Shkoporov	MetaPhaPred	0.944141689373297	0.05337132735184258
Shkoporov	MetaPhaPred	0.9427792915531336	0.05345280395488954
Shkoporov	MetaPhaPred	0.9427792915531336	0.0534734564562244
Shkoporov	MetaPhaPred	0.9420980926430518	0.05355275895450145
Shkoporov	MetaPhaPred	0.9407356948228883	0.05365398811142624
Shkoporov	MetaPhaPred	0.9407356948228883	0.05367692786069652
Shkoporov	MetaPhaPred	0.9407356948228883	0.053821271288826536
Shkoporov	MetaPhaPred	0.9407356948228883	0.05396850209074212
Shkoporov	MetaPhaPred	0.9400544959128065	0.054049819833933886
Shkoporov	MetaPhaPred	0.9400544959128065	0.054162251265748265
Shkoporov	MetaPhaPred	0.9393732970027248	0.05431272154391493
Shkoporov	MetaPhaPred	0.9393732970027248	0.05443922466542971
Shkoporov	MetaPhaPred	0.9393732970027248	0.05457495646667722
Shkoporov	MetaPhaPred	0.9393732970027248	0.05463766393280241
Shkoporov	MetaPhaPred	0.9393732970027248	0.05476351217187562
Shkoporov	MetaPhaPred	0.9393732970027248	0.054896496815286626
Shkoporov	MetaPhaPred	0.9393732970027248	0.05506308896342437
Shkoporov	MetaPhaPred	0.9386920980926431	0.055060534622607585
Shkoporov	MetaPhaPred	0.9386920980926431	0.05530804736102749
Shkoporov	MetaPhaPred	0.9386920980926431	0.05547950720669941
Shkoporov	MetaPhaPred	0.9386920980926431	0.055508559919436054
Shkoporov	MetaPhaPred	0.9380108991825613	0.055627373353801406
Shkoporov	MetaPhaPred	0.9380108991825613	0.05574898785425101
Shkoporov	MetaPhaPred	0.9380108991825613	0.05582130695638074
Shkoporov	MetaPhaPred	0.9380108991825613	0.05594377183716584
Shkoporov	MetaPhaPred	0.9380108991825613	0.056055363321799306
Shkoporov	MetaPhaPred	0.9380108991825613	0.05619261375229545
Shkoporov	MetaPhaPred	0.9380108991825613	0.05636743215031315
Shkoporov	MetaPhaPred	0.9380108991825613	0.056506216914932905
Shkoporov	MetaPhaPred	0.9380108991825613	0.05669232986125407
Shkoporov	MetaPhaPred	0.9380108991825613	0.056842105263157895
Shkoporov	MetaPhaPred	0.9380108991825613	0.056893773499153
Shkoporov	MetaPhaPred	0.9380108991825613	0.05705879915468446
Shkoporov	MetaPhaPred	0.9373297002724795	0.05718798054943685
Shkoporov	MetaPhaPred	0.9373297002724795	0.05723079482593686
Shkoporov	MetaPhaPred	0.9366485013623979	0.05736097784823328
Shkoporov	MetaPhaPred	0.9366485013623979	0.05761092722168685
Shkoporov	MetaPhaPred	0.9366485013623979	0.05764232413850926
Shkoporov	MetaPhaPred	0.9366485013623979	0.05779010633379565
Shkoporov	MetaPhaPred	0.9366485013623979	0.0579459732816385
Shkoporov	MetaPhaPred	0.9366485013623979	0.05797529198465236
Shkoporov	MetaPhaPred	0.9359673024523161	0.05808742707364505
Shkoporov	MetaPhaPred	0.9359673024523161	0.058242550125047685
Shkoporov	MetaPhaPred	0.9359673024523161	0.05838857725650178
Shkoporov	MetaPhaPred	0.9352861035422343	0.058507691652107216
Shkoporov	MetaPhaPred	0.9352861035422343	0.05864263443386153
Shkoporov	MetaPhaPred	0.9352861035422343	0.05880337487686839
Shkoporov	MetaPhaPred	0.9352861035422343	0.058967531352001376
Shkoporov	MetaPhaPred	0.9352861035422343	0.05899793743554486
Shkoporov	MetaPhaPred	0.9352861035422343	0.05914534332730249
Shkoporov	MetaPhaPred	0.9352861035422343	0.05929092714945805
Shkoporov	MetaPhaPred	0.9352861035422343	0.05931910481292664
Shkoporov	MetaPhaPred	0.9352861035422343	0.05948100333578824
Shkoporov	MetaPhaPred	0.9339237057220708	0.059683949327412826
Shkoporov	MetaPhaPred	0.9339237057220708	0.059738562091503265
Shkoporov	MetaPhaPred	0.9332425068119891	0.05986454009176316
Shkoporov	MetaPhaPred	0.9332425068119891	0.06005611081886726
Shkoporov	MetaPhaPred	0.9332425068119891	0.060161601967328296
Shkoporov	MetaPhaPred	0.9332425068119891	0.06021448663853727
Shkoporov	MetaPhaPred	0.9325613079019074	0.0603004008280844
Shkoporov	MetaPhaPred	0.9325613079019074	0.0604735400653768
Shkoporov	MetaPhaPred	0.9325613079019074	0.06065842527360539
Shkoporov	MetaPhaPred	0.9325613079019074	0.06068262411347518
Shkoporov	MetaPhaPred	0.9318801089918256	0.06093812641988507
Shkoporov	MetaPhaPred	0.9311989100817438	0.06106495130885375
Shkoporov	MetaPhaPred	0.9311989100817438	0.06110589602610523
Shkoporov	MetaPhaPred	0.9311989100817438	0.06124826381110265
Shkoporov	MetaPhaPred	0.9311989100817438	0.06137475867642437
Shkoporov	MetaPhaPred	0.9311989100817438	0.06141887945365503
Shkoporov	MetaPhaPred	0.9311989100817438	0.061584898860206336
Shkoporov	MetaPhaPred	0.9311989100817438	0.06179089635221263
Shkoporov	MetaPhaPred	0.9305177111716622	0.061933260790714546
Shkoporov	MetaPhaPred	0.9305177111716622	0.062138925533366696
Shkoporov	MetaPhaPred	0.9291553133514986	0.06221776216758655
Shkoporov	MetaPhaPred	0.9291553133514986	0.06236283833211412
Shkoporov	MetaPhaPred	0.9291553133514986	0.06250859264011732
Shkoporov	MetaPhaPred	0.9291553133514986	0.06258890469416785
Shkoporov	MetaPhaPred	0.9284741144414169	0.0627041450062106
Shkoporov	MetaPhaPred	0.9277929155313351	0.06289540521819441
Shkoporov	MetaPhaPred	0.9277929155313351	0.06293318547269199
Shkoporov	MetaPhaPred	0.9271117166212534	0.06324937261827307
Shkoporov	MetaPhaPred	0.9271117166212534	0.06345875880076468
Shkoporov	MetaPhaPred	0.9264305177111717	0.06358111266947171
Shkoporov	MetaPhaPred	0.9257493188010899	0.06362359550561798
Shkoporov	MetaPhaPred	0.9257493188010899	0.06394692264257482
Shkoporov	MetaPhaPred	0.9257493188010899	0.06398907618419813
Shkoporov	MetaPhaPred	0.9250681198910081	0.06416253248287267
Shkoporov	MetaPhaPred	0.9243869209809265	0.0643310894093107
Shkoporov	MetaPhaPred	0.9243869209809265	0.06437381404174573
Shkoporov	MetaPhaPred	0.9237057220708447	0.06453455168475157
Shkoporov	MetaPhaPred	0.9237057220708447	0.06480906179802132
Shkoporov	MetaPhaPred	0.9237057220708447	0.06483695132447165
Shkoporov	MetaPhaPred	0.9237057220708447	0.06501726121979287
Shkoporov	MetaPhaPred	0.9237057220708447	0.06525191280496608
Shkoporov	MetaPhaPred	0.9230245231607629	0.06523204313498941
Shkoporov	MetaPhaPred	0.9230245231607629	0.06558884747567646
Shkoporov	MetaPhaPred	0.9230245231607629	0.06562696759819829
Shkoporov	MetaPhaPred	0.9230245231607629	0.06583422407929258
Shkoporov	MetaPhaPred	0.9223433242506812	0.06596511741206275
Shkoporov	MetaPhaPred	0.9223433242506812	0.06615850679175217
Shkoporov	MetaPhaPred	0.9223433242506812	0.06625238537945882
Shkoporov	MetaPhaPred	0.9223433242506812	0.06658798072194354
Shkoporov	MetaPhaPred	0.9223433242506812	0.06664369739626913
Shkoporov	MetaPhaPred	0.9223433242506812	0.06683119447186575
Shkoporov	MetaPhaPred	0.9223433242506812	0.06702306702306703
Shkoporov	MetaPhaPred	0.9223433242506812	0.06705293913732481
Shkoporov	MetaPhaPred	0.9216621253405994	0.06730673564819421
Shkoporov	MetaPhaPred	0.9209809264305178	0.06742805845095008
Shkoporov	MetaPhaPred	0.9209809264305178	0.06747517093377252
Shkoporov	MetaPhaPred	0.9209809264305178	0.06768799439271052
Shkoporov	MetaPhaPred	0.9209809264305178	0.06790216463261514
Shkoporov	MetaPhaPred	0.9209809264305178	0.06793628460881362
Shkoporov	MetaPhaPred	0.9209809264305178	0.06831388004648578
Shkoporov	MetaPhaPred	0.9209809264305178	0.06837261049863456
Shkoporov	MetaPhaPred	0.9209809264305178	0.06853898408192234
Shkoporov	MetaPhaPred	0.9209809264305178	0.0687480931557002
Shkoporov	MetaPhaPred	0.9209809264305178	0.06893035586825737
Shkoporov	MetaPhaPred	0.9209809264305178	0.06901128069011281
Shkoporov	MetaPhaPred	0.9196185286103542	0.06918110074818079
Shkoporov	MetaPhaPred	0.9196185286103542	0.06920592607781823
Shkoporov	MetaPhaPred	0.9189373297002725	0.06935019535266297
Shkoporov	MetaPhaPred	0.917574931880109	0.06944730872344813
Shkoporov	MetaPhaPred	0.917574931880109	0.06947954815082272
Shkoporov	MetaPhaPred	0.9162125340599455	0.06971440418804747
Shkoporov	MetaPhaPred	0.9155313351498637	0.06988716135406375
Shkoporov	MetaPhaPred	0.9155313351498637	0.06991988346686089
Shkoporov	MetaPhaPred	0.9148501362397821	0.07009394572025052
Shkoporov	MetaPhaPred	0.9148501362397821	0.0703362312768409
Shkoporov	MetaPhaPred	0.9148501362397821	0.07038046326380883
Shkoporov	MetaPhaPred	0.9134877384196185	0.07057151878749605
Shkoporov	MetaPhaPred	0.9134877384196185	0.07065331928345626
Shkoporov	MetaPhaPred	0.9134877384196185	0.0708025343189018
Shkoporov	MetaPhaPred	0.9134877384196185	0.070997458703939
Shkoporov	MetaPhaPred	0.9128065395095368	0.07099337748344371
Shkoporov	MetaPhaPred	0.912125340599455	0.07113637571056686
Shkoporov	MetaPhaPred	0.912125340599455	0.07151631682956791
Shkoporov	MetaPhaPred	0.912125340599455	0.07155453428098113
Shkoporov	MetaPhaPred	0.9114441416893733	0.07169649555245955
Shkoporov	MetaPhaPred	0.9107629427792916	0.07188945047854609
Shkoporov	MetaPhaPred	0.9107629427792916	0.07192812567247686
Shkoporov	MetaPhaPred	0.9100817438692098	0.07218890149673096
Shkoporov	MetaPhaPred	0.909400544959128	0.07219338092147956
Shkoporov	MetaPhaPred	0.9087193460490464	0.0722996043574874
Shkoporov	MetaPhaPred	0.9087193460490464	0.0724960599967393
Shkoporov	MetaPhaPred	0.9080381471389646	0.07265097013298452
Shkoporov	MetaPhaPred	0.9080381471389646	0.07269455199869117
Shkoporov	MetaPhaPred	0.9073569482288828	0.07291837740187222
Shkoporov	MetaPhaPred	0.9073569482288828	0.07301430685742477
Shkoporov	MetaPhaPred	0.9059945504087193	0.07310102231504892
Shkoporov	MetaPhaPred	0.9053133514986376	0.07329583057577763
Shkoporov	MetaPhaPred	0.9039509536784741	0.0734366353071389
Shkoporov	MetaPhaPred	0.9039509536784741	0.07349357554275587
Shkoporov	MetaPhaPred	0.9032697547683923	0.07376091672692886
Shkoporov	MetaPhaPred	0.9032697547683923	0.07381018647369886
Shkoporov	MetaPhaPred	0.9025885558583107	0.07396036840636339
Shkoporov	MetaPhaPred	0.9019073569482289	0.07409894783971345
Shkoporov	MetaPhaPred	0.9019073569482289	0.07415705164108884
Shkoporov	MetaPhaPred	0.9019073569482289	0.07454115527530683
Shkoporov	MetaPhaPred	0.9019073569482289	0.07461677186654644
Shkoporov	MetaPhaPred	0.9012261580381471	0.07470777570726748
Shkoporov	MetaPhaPred	0.9005449591280654	0.07486691584550911
Shkoporov	MetaPhaPred	0.9005449591280654	0.07502411894898132
Shkoporov	MetaPhaPred	0.9005449591280654	0.07506671966384645
Shkoporov	MetaPhaPred	0.9005449591280654	0.07543939739785437
Shkoporov	MetaPhaPred	0.8998637602179836	0.07546846435100549
Shkoporov	MetaPhaPred	0.8998637602179836	0.07566731584373926
Shkoporov	MetaPhaPred	0.8991825613079019	0.07580978635423846
Shkoporov	MetaPhaPred	0.8991825613079019	0.07605000864204643
Shkoporov	MetaPhaPred	0.8991825613079019	0.07627412458107015
Shkoporov	MetaPhaPred	0.8991825613079019	0.0764862672383822
Shkoporov	MetaPhaPred	0.8991825613079019	0.07657945118059988
Shkoporov	MetaPhaPred	0.8991825613079019	0.07676650189008433
Shkoporov	MetaPhaPred	0.8991825613079019	0.07702631732508607
Shkoporov	MetaPhaPred	0.8991825613079019	0.07707129094412331
Shkoporov	MetaPhaPred	0.8991825613079019	0.07743297940986683
Shkoporov	MetaPhaPred	0.8991825613079019	0.07753303964757709
Shkoporov	MetaPhaPred	0.8985013623978202	0.07772081786577102
Shkoporov	MetaPhaPred	0.8971389645776566	0.07780009451795841
Shkoporov	MetaPhaPred	0.8971389645776566	0.0780490695744933
Shkoporov	MetaPhaPred	0.8971389645776566	0.07808609035930274
Shkoporov	MetaPhaPred	0.8971389645776566	0.07838819117909648
Shkoporov	MetaPhaPred	0.8971389645776566	0.07844889206576126
Shkoporov	MetaPhaPred	0.8971389645776566	0.07864095061802114
Shkoporov	MetaPhaPred	0.8971389645776566	0.07884811111776327
Shkoporov	MetaPhaPred	0.8957765667574932	0.07896000960730155
Shkoporov	MetaPhaPred	0.8957765667574932	0.07915011436138197
Shkoporov	MetaPhaPred	0.8950953678474114	0.07919479267116683
Shkoporov	MetaPhaPred	0.8950953678474114	0.0794485760928714
Shkoporov	MetaPhaPred	0.8944141689373297	0.07959022852639874
Shkoporov	MetaPhaPred	0.8944141689373297	0.0798176291793313
Shkoporov	MetaPhaPred	0.8944141689373297	0.07987103838432995
Shkoporov	MetaPhaPred	0.8944141689373297	0.08033529123837493
Shkoporov	MetaPhaPred	0.8944141689373297	0.0804238637755727
Shkoporov	MetaPhaPred	0.8944141689373297	0.0806312945222304
Shkoporov	MetaPhaPred	0.8944141689373297	0.0808397980544268
Shkoporov	MetaPhaPred	0.8937329700272479	0.08095267477016105
Shkoporov	MetaPhaPred	0.8930517711171662	0.0809359180145697
Shkoporov	MetaPhaPred	0.8923705722070845	0.08121512709237445
Shkoporov	MetaPhaPred	0.8923705722070845	0.08131595282433271
Shkoporov	MetaPhaPred	0.8916893732970027	0.08143585915142466
Shkoporov	MetaPhaPred	0.8916893732970027	0.08166957823808335
Shkoporov	MetaPhaPred	0.8910081743869209	0.08185743788722699
Shkoporov	MetaPhaPred	0.8903269754768393	0.08195385001254075
Shkoporov	MetaPhaPred	0.8903269754768393	0.08200012547838635
Shkoporov	MetaPhaPred	0.8903269754768393	0.08220125786163522
Shkoporov	MetaPhaPred	0.8896457765667575	0.08236110235227344
Shkoporov	MetaPhaPred	0.8896457765667575	0.08264776610555626
Shkoporov	MetaPhaPred	0.888283378746594	0.08272536953625578
Shkoporov	MetaPhaPred	0.888283378746594	0.08286204486242613
Shkoporov	MetaPhaPred	0.8876021798365122	0.08286695497328923
Shkoporov	MetaPhaPred	0.8876021798365122	0.08311009057277714
Shkoporov	MetaPhaPred	0.8876021798365122	0.0833546571136131
Shkoporov	MetaPhaPred	0.8869209809264306	0.08354186717998074
Shkoporov	MetaPhaPred	0.8869209809264306	0.08374067404167738
Shkoporov	MetaPhaPred	0.8869209809264306	0.08394042937270324
Shkoporov	MetaPhaPred	0.8869209809264306	0.08405422853453841
Shkoporov	MetaPhaPred	0.8862397820163488	0.08423438005827129
Shkoporov	MetaPhaPred	0.8848773841961853	0.0843287457803168
Shkoporov	MetaPhaPred	0.8841961852861036	0.08449420648353079
Shkoporov	MetaPhaPred	0.8835149863760218	0.08459431254891729
Shkoporov	MetaPhaPred	0.8835149863760218	0.08471587197909863
Shkoporov	MetaPhaPred	0.8821525885558583	0.08495145631067962
Shkoporov	MetaPhaPred	0.8821525885558583	0.0850295469468155
Shkoporov	MetaPhaPred	0.8821525885558583	0.08523101224167434
Shkoporov	MetaPhaPred	0.8814713896457765	0.08540690383473037
Shkoporov	MetaPhaPred	0.8794277929155313	0.08538359788359788
Shkoporov	MetaPhaPred	0.8794277929155313	0.0854570728801218
Shkoporov	MetaPhaPred	0.8794277929155313	0.08570100902814658
Shkoporov	MetaPhaPred	0.8780653950953679	0.08584748584748585
Shkoporov	MetaPhaPred	0.8780653950953679	0.08605955401255175
Shkoporov	MetaPhaPred	0.8773841961852861	0.08621151271753681
Shkoporov	MetaPhaPred	0.8767029972752044	0.08643384822028206
Shkoporov	MetaPhaPred	0.8760217983651226	0.08657600646290561
Shkoporov	MetaPhaPred	0.8760217983651226	0.08675121424716675
Shkoporov	MetaPhaPred	0.8753405994550408	0.08681845821228296
Shkoporov	MetaPhaPred	0.8746594005449592	0.08711581518420516
Shkoporov	MetaPhaPred	0.8746594005449592	0.08719272035854951
Shkoporov	MetaPhaPred	0.8746594005449592	0.08738260514495713
Shkoporov	MetaPhaPred	0.8739782016348774	0.08755288658386788
Shkoporov	MetaPhaPred	0.8739782016348774	0.08757679180887372
Shkoporov	MetaPhaPred	0.8732970027247956	0.08776613952214692
Shkoporov	MetaPhaPred	0.8726158038147139	0.08808361410988104
Shkoporov	MetaPhaPred	0.8726158038147139	0.08811996973240696
Shkoporov	MetaPhaPred	0.8726158038147139	0.08839359646701629
Shkoporov	MetaPhaPred	0.8726158038147139	0.08860146631622631
Shkoporov	MetaPhaPred	0.8726158038147139	0.08862598588625986
Shkoporov	MetaPhaPred	0.8712534059945504	0.08886881600889383
Shkoporov	MetaPhaPred	0.8705722070844687	0.08887343532684283
Shkoporov	MetaPhaPred	0.8705722070844687	0.08904061868598899
Shkoporov	MetaPhaPred	0.8698910081743869	0.08924453141379551
Shkoporov	MetaPhaPred	0.8698910081743869	0.08939446972348618
Shkoporov	MetaPhaPred	0.8698910081743869	0.089513528669564
Shkoporov	MetaPhaPred	0.8698910081743869	0.0899549168779938
Shkoporov	MetaPhaPred	0.8698910081743869	0.09001198280115599
Shkoporov	MetaPhaPred	0.8698910081743869	0.09033033882719106
Shkoporov	MetaPhaPred	0.8678474114441417	0.09045083422080227
Shkoporov	MetaPhaPred	0.8678474114441417	0.09050223769269021
Shkoporov	MetaPhaPred	0.8678474114441417	0.09088963401583791
Shkoporov	MetaPhaPred	0.8671662125340599	0.09111731443704817
Shkoporov	MetaPhaPred	0.8671662125340599	0.091189111747851
Shkoporov	MetaPhaPred	0.8658038147138964	0.09131403118040089
Shkoporov	MetaPhaPred	0.8658038147138964	0.09152444732483618
Shkoporov	MetaPhaPred	0.8658038147138964	0.09155081754663978
Shkoporov	MetaPhaPred	0.8651226158038147	0.09190245314422173
Shkoporov	MetaPhaPred	0.8651226158038147	0.09200231816864676
Shkoporov	MetaPhaPred	0.8651226158038147	0.09215586677309338
Shkoporov	MetaPhaPred	0.8651226158038147	0.09245104462400815
Shkoporov	MetaPhaPred	0.8651226158038147	0.09269396394423765
Shkoporov	MetaPhaPred	0.8651226158038147	0.09278199883109293
Shkoporov	MetaPhaPred	0.8630790190735694	0.0929567131327953
Shkoporov	MetaPhaPred	0.8630790190735694	0.09299082568807339
Shkoporov	MetaPhaPred	0.861716621253406	0.0930831493745401
Shkoporov	MetaPhaPred	0.861716621253406	0.09327532812269576
Shkoporov	MetaPhaPred	0.861716621253406	0.0933097292911411
Shkoporov	MetaPhaPred	0.861716621253406	0.09371064523298023
Shkoporov	MetaPhaPred	0.8610354223433242	0.09389392363690388
Shkoporov	MetaPhaPred	0.8610354223433242	0.09394277220364176
Shkoporov	MetaPhaPred	0.8610354223433242	0.0941737445984205
Shkoporov	MetaPhaPred	0.8610354223433242	0.09438470728793309
Shkoporov	MetaPhaPred	0.8610354223433242	0.09443406798655211
Shkoporov	MetaPhaPred	0.8589918256130791	0.0945986496624156
Shkoporov	MetaPhaPred	0.8589918256130791	0.09469810753980175
Shkoporov	MetaPhaPred	0.8589918256130791	0.09487623203671658
Shkoporov	MetaPhaPred	0.8583106267029973	0.0950728137025579
Shkoporov	MetaPhaPred	0.8583106267029973	0.09514460469682096
Shkoporov	MetaPhaPred	0.8583106267029973	0.09539672925499697
Shkoporov	MetaPhaPred	0.8583106267029973	0.09580291970802919
Shkoporov	MetaPhaPred	0.8576294277929155	0.09578514911746805
Shkoporov	MetaPhaPred	0.8576294277929155	0.09603356216628528
Shkoporov	MetaPhaPred	0.8569482288828338	0.09625832121814983
Shkoporov	MetaPhaPred	0.8569482288828338	0.09632465543644717
Shkoporov	MetaPhaPred	0.8569482288828338	0.09673946478006767
Shkoporov	MetaPhaPred	0.8555858310626703	0.09670465044656607
Shkoporov	MetaPhaPred	0.8555858310626703	0.09694350108058043
Shkoporov	MetaPhaPred	0.8549046321525886	0.09716630535769588
Shkoporov	MetaPhaPred	0.8542234332425068	0.09738293080686496
Shkoporov	MetaPhaPred	0.8542234332425068	0.09743589743589744
Shkoporov	MetaPhaPred	0.8542234332425068	0.09784644194756555
Shkoporov	MetaPhaPred	0.8542234332425068	0.09796109678931333
Shkoporov	MetaPhaPred	0.8542234332425068	0.09826046074283028
Shkoporov	MetaPhaPred	0.853542234332425	0.09854502556036178
Shkoporov	MetaPhaPred	0.8521798365122616	0.09874496803220459
Shkoporov	MetaPhaPred	0.8514986376021798	0.09873617693522907
Shkoporov	MetaPhaPred	0.8508174386920981	0.09911911753035474
Shkoporov	MetaPhaPred	0.8508174386920981	0.09918208528547606
Shkoporov	MetaPhaPred	0.8508174386920981	0.09945851250199077
Shkoporov	MetaPhaPred	0.8501362397820164	0.09970440201326196
Shkoporov	MetaPhaPred	0.8494550408719346	0.09968025579536371
Shkoporov	MetaPhaPred	0.8480926430517711	0.09995183044315992
Shkoporov	MetaPhaPred	0.8480926430517711	0.1000723414516518
Shkoporov	MetaPhaPred	0.8480926430517711	0.10024154589371981
Shkoporov	MetaPhaPred	0.8480926430517711	0.10051671241724527
Shkoporov	MetaPhaPred	0.8474114441416893	0.10080220403532938
Shkoporov	MetaPhaPred	0.8474114441416893	0.10082671421624251
Shkoporov	MetaPhaPred	0.8467302452316077	0.10115559895833333
Shkoporov	MetaPhaPred	0.8467302452316077	0.1012379866427757
Shkoporov	MetaPhaPred	0.8467302452316077	0.1014445441932588
Shkoporov	MetaPhaPred	0.8460490463215259	0.10171990171990172
Shkoporov	MetaPhaPred	0.8453678474114441	0.10194693173416577
Shkoporov	MetaPhaPred	0.8453678474114441	0.10219038208168643
Shkoporov	MetaPhaPred	0.8446866485013624	0.10256410256410256
Shkoporov	MetaPhaPred	0.8446866485013624	0.10262352064884549
Shkoporov	MetaPhaPred	0.8440054495912807	0.10280451377364752
Shkoporov	MetaPhaPred	0.8440054495912807	0.10316402997502082
Shkoporov	MetaPhaPred	0.8440054495912807	0.10322419395151212
Shkoporov	MetaPhaPred	0.8426430517711172	0.10358398928152739
Shkoporov	MetaPhaPred	0.8426430517711172	0.10370556673373575
Shkoporov	MetaPhaPred	0.8426430517711172	0.10392338066033772
Shkoporov	MetaPhaPred	0.8412806539509536	0.10412275524829273
Shkoporov	MetaPhaPred	0.8399182561307902	0.10428825171276326
Shkoporov	MetaPhaPred	0.8399182561307902	0.10432354683137321
Shkoporov	MetaPhaPred	0.8392370572207084	0.10461068183747983
Shkoporov	MetaPhaPred	0.8392370572207084	0.10472628357701462
Shkoporov	MetaPhaPred	0.8392370572207084	0.10502088483505242
Shkoporov	MetaPhaPred	0.8385558583106267	0.10518670426386396
Shkoporov	MetaPhaPred	0.837874659400545	0.10533527447118267
Shkoporov	MetaPhaPred	0.837874659400545	0.10560659397269684
Shkoporov	MetaPhaPred	0.837874659400545	0.10569734467646301
Shkoporov	MetaPhaPred	0.8371934604904632	0.10585701981050818
Shkoporov	MetaPhaPred	0.8371934604904632	0.10605799102519849
Shkoporov	MetaPhaPred	0.8365122615803815	0.10632955234219413
Shkoporov	MetaPhaPred	0.8365122615803815	0.10640325794991769
Shkoporov	MetaPhaPred	0.8351498637602179	0.10677582302734716
Shkoporov	MetaPhaPred	0.8344686648501363	0.10680966082483216
Shkoporov	MetaPhaPred	0.8337874659400545	0.10706787963610917
Shkoporov	MetaPhaPred	0.8331062670299727	0.10738431820177365
Shkoporov	MetaPhaPred	0.8331062670299727	0.1076489745620984
Shkoporov	MetaPhaPred	0.8331062670299727	0.1076774079943652
Shkoporov	MetaPhaPred	0.832425068119891	0.10818946436476316
Shkoporov	MetaPhaPred	0.832425068119891	0.10841022001419447
Shkoporov	MetaPhaPred	0.8310626702997275	0.1085699029990211
Shkoporov	MetaPhaPred	0.8310626702997275	0.10887024808138497
Shkoporov	MetaPhaPred	0.8310626702997275	0.10921135081908513
Shkoporov	MetaPhaPred	0.8303814713896458	0.10947462954647508
Shkoporov	MetaPhaPred	0.8303814713896458	0.10964202194639323
Shkoporov	MetaPhaPred	0.8290190735694822	0.10988713318284424
Shkoporov	MetaPhaPred	0.8290190735694822	0.11011581614187477
Shkoporov	MetaPhaPred	0.8283378746594006	0.11039491602360417
Shkoporov	MetaPhaPred	0.8283378746594006	0.11047515217588808
Shkoporov	MetaPhaPred	0.8276566757493188	0.11090826106800547
Shkoporov	MetaPhaPred	0.8276566757493188	0.11098931214031242
Shkoporov	MetaPhaPred	0.8262942779291553	0.11123337918386061
Shkoporov	MetaPhaPred	0.8249318801089919	0.11138704930095658
Shkoporov	MetaPhaPred	0.8242506811989101	0.1117163696796233
Shkoporov	MetaPhaPred	0.8235694822888283	0.11195481063061395
Shkoporov	MetaPhaPred	0.8222070844686649	0.11232086357714498
Shkoporov	MetaPhaPred	0.8222070844686649	0.11249883493335819
Shkoporov	MetaPhaPred	0.8208446866485014	0.11263787623854926
Shkoporov	MetaPhaPred	0.8208446866485014	0.11302879654816621
Shkoporov	MetaPhaPred	0.8181198910081744	0.11303529411764705
Shkoporov	MetaPhaPred	0.8181198910081744	0.11344101256257674
Shkoporov	MetaPhaPred	0.8167574931880109	0.11336989409984871
Shkoporov	MetaPhaPred	0.8167574931880109	0.11389759665621735
Shkoporov	MetaPhaPred	0.8167574931880109	0.11397338403041825
Shkoporov	MetaPhaPred	0.8160762942779292	0.11430207041312852
Shkoporov	MetaPhaPred	0.8153950953678474	0.11471011020603737
Shkoporov	MetaPhaPred	0.8147138964577657	0.11498894337082972
Shkoporov	MetaPhaPred	0.8147138964577657	0.11525489062349427
Shkoporov	MetaPhaPred	0.8140326975476839	0.11547009372886269
Shkoporov	MetaPhaPred	0.8126702997275205	0.11573535118354676
Shkoporov	MetaPhaPred	0.8126702997275205	0.11620884473017729
Shkoporov	MetaPhaPred	0.8126702997275205	0.11665199960887845
Shkoporov	MetaPhaPred	0.8113079019073569	0.11713217938630999
Shkoporov	MetaPhaPred	0.8113079019073569	0.11767611896057702
Shkoporov	MetaPhaPred	0.8106267029972752	0.11768196202531646
Shkoporov	MetaPhaPred	0.80858310626703	0.11829778752242376
Shkoporov	MetaPhaPred	0.8079019073569482	0.1186830781547083
Shkoporov	MetaPhaPred	0.8072207084468664	0.11871368463233821
Shkoporov	MetaPhaPred	0.8065395095367848	0.11907874886855074
Shkoporov	MetaPhaPred	0.8051771117166212	0.11932162325863113
Shkoporov	MetaPhaPred	0.803133514986376	0.11953766602453615
Shkoporov	MetaPhaPred	0.803133514986376	0.12002443245444365
Shkoporov	MetaPhaPred	0.8024523160762943	0.1204129612593274
Shkoporov	MetaPhaPred	0.8024523160762943	0.12052383875588296
Shkoporov	MetaPhaPred	0.8010899182561307	0.12070204249204557
Shkoporov	MetaPhaPred	0.8010899182561307	0.12132466728567007
Shkoporov	MetaPhaPred	0.8004087193460491	0.12148469809760132
Shkoporov	MetaPhaPred	0.7997275204359673	0.12192335652715755
Shkoporov	MetaPhaPred	0.7990463215258855	0.12202226152085717
Shkoporov	MetaPhaPred	0.7990463215258855	0.12235318660686346
Shkoporov	MetaPhaPred	0.7990463215258855	0.12285295349811479
Shkoporov	MetaPhaPred	0.7990463215258855	0.12291732159698208
Shkoporov	MetaPhaPred	0.7990463215258855	0.12351268821733179
Shkoporov	MetaPhaPred	0.7983651226158038	0.12377230964198965
Shkoporov	MetaPhaPred	0.7983651226158038	0.12385078727676213
Shkoporov	MetaPhaPred	0.7983651226158038	0.1242710211006256
Shkoporov	MetaPhaPred	0.7983651226158038	0.12481363152289669
Shkoporov	MetaPhaPred	0.797683923705722	0.12505339598462195
Shkoporov	MetaPhaPred	0.797683923705722	0.12545532461967002
Shkoporov	MetaPhaPred	0.797683923705722	0.12599526576285774
Shkoporov	MetaPhaPred	0.797683923705722	0.12603594876762458
Shkoporov	MetaPhaPred	0.797683923705722	0.126389638424177
Shkoporov	MetaPhaPred	0.7963215258855586	0.1265836491608013
Shkoporov	MetaPhaPred	0.7949591280653951	0.1267238570963188
Shkoporov	MetaPhaPred	0.7949591280653951	0.1272489368662087
Shkoporov	MetaPhaPred	0.7949591280653951	0.12730446165593978
Shkoporov	MetaPhaPred	0.7942779291553134	0.1276409414340449
Shkoporov	MetaPhaPred	0.7935967302452316	0.12799384750604262
Shkoporov	MetaPhaPred	0.7929155313351499	0.12799648119639323
Shkoporov	MetaPhaPred	0.7915531335149864	0.1286964226381659
Shkoporov	MetaPhaPred	0.7915531335149864	0.12901076940157655
Shkoporov	MetaPhaPred	0.7915531335149864	0.12911111111111112
Shkoporov	MetaPhaPred	0.7881471389645777	0.1290574456218628
Shkoporov	MetaPhaPred	0.7874659400544959	0.12934989370034689
Shkoporov	MetaPhaPred	0.7867847411444142	0.12970241437394722
Shkoporov	MetaPhaPred	0.7861035422343324	0.12998423068258616
Shkoporov	MetaPhaPred	0.784741144414169	0.13014008133755084
Shkoporov	MetaPhaPred	0.784741144414169	0.13021363173957273
Shkoporov	MetaPhaPred	0.7833787465940054	0.13053348467650397
Shkoporov	MetaPhaPred	0.7826975476839237	0.13079112122936823
Shkoporov	MetaPhaPred	0.7826975476839237	0.13119433660653118
Shkoporov	MetaPhaPred	0.7806539509536785	0.13140694874441006
Shkoporov	MetaPhaPred	0.7806539509536785	0.1316182381991501
Shkoporov	MetaPhaPred	0.7806539509536785	0.13193644945889937
Shkoporov	MetaPhaPred	0.779291553133515	0.13211687261808522
Shkoporov	MetaPhaPred	0.779291553133515	0.13248407643312102
Shkoporov	MetaPhaPred	0.7786103542234333	0.13299976727949733
Shkoporov	MetaPhaPred	0.7779291553133515	0.13330220613983892
Shkoporov	MetaPhaPred	0.7779291553133515	0.13333333333333333
Shkoporov	MetaPhaPred	0.7779291553133515	0.1338647286367366
Shkoporov	MetaPhaPred	0.7779291553133515	0.13419506462984723
Shkoporov	MetaPhaPred	0.7772479564032697	0.13445675229790244
Shkoporov	MetaPhaPred	0.776566757493188	0.13467217956290609
Shkoporov	MetaPhaPred	0.7752043596730245	0.13461083510764135
Shkoporov	MetaPhaPred	0.7752043596730245	0.13485010072283446
Shkoporov	MetaPhaPred	0.7752043596730245	0.13517044779665044
Shkoporov	MetaPhaPred	0.773841961852861	0.13527030245296498
Shkoporov	MetaPhaPred	0.773841961852861	0.1356255969436485
Shkoporov	MetaPhaPred	0.7724795640326976	0.1357921207041073
Shkoporov	MetaPhaPred	0.7724795640326976	0.13602015113350127
Shkoporov	MetaPhaPred	0.7724795640326976	0.13636363636363635
Shkoporov	MetaPhaPred	0.7724795640326976	0.13670886075949368
Shkoporov	MetaPhaPred	0.7724795640326976	0.1371387108477446
Shkoporov	MetaPhaPred	0.7724795640326976	0.1375379017586416
Shkoporov	MetaPhaPred	0.771117166212534	0.13776317390775222
Shkoporov	MetaPhaPred	0.7697547683923706	0.13765379461566574
Shkoporov	MetaPhaPred	0.7690735694822888	0.13795210166177907
Shkoporov	MetaPhaPred	0.7677111716621253	0.13811274509803922
Shkoporov	MetaPhaPred	0.7663487738419619	0.13818941162019407
Shkoporov	MetaPhaPred	0.7663487738419619	0.13870053014424855
Shkoporov	MetaPhaPred	0.7663487738419619	0.13885460380153047
Shkoporov	MetaPhaPred	0.7663487738419619	0.13909495548961423
Shkoporov	MetaPhaPred	0.7643051771117166	0.139067922657412
Shkoporov	MetaPhaPred	0.7636239782016349	0.13944520462744123
Shkoporov	MetaPhaPred	0.7636239782016349	0.13972329552536458
Shkoporov	MetaPhaPred	0.7622615803814714	0.1399099774943736
Shkoporov	MetaPhaPred	0.7615803814713896	0.13999499123466067
Shkoporov	MetaPhaPred	0.760899182561308	0.14023854362837412
Shkoporov	MetaPhaPred	0.7602179836512262	0.1407313997477932
Shkoporov	MetaPhaPred	0.7602179836512262	0.14110507017322038
Shkoporov	MetaPhaPred	0.7595367847411444	0.14126441150386418
Shkoporov	MetaPhaPred	0.7595367847411444	0.14171326893746822
Shkoporov	MetaPhaPred	0.7595367847411444	0.1417673235855054
Shkoporov	MetaPhaPred	0.7595367847411444	0.14220124984058155
Shkoporov	MetaPhaPred	0.7574931880108992	0.14243627513769694
Shkoporov	MetaPhaPred	0.7561307901907357	0.14258188824662812
Shkoporov	MetaPhaPred	0.7547683923705722	0.1427651075892282
Shkoporov	MetaPhaPred	0.7547683923705722	0.14289399019860716
Shkoporov	MetaPhaPred	0.7547683923705722	0.14328203801888012
Shkoporov	MetaPhaPred	0.7540871934604905	0.14352392065344224
Shkoporov	MetaPhaPred	0.7540871934604905	0.14410309815152303
Shkoporov	MetaPhaPred	0.7534059945504087	0.14442413162705667
Shkoporov	MetaPhaPred	0.7520435967302452	0.14450261780104712
Shkoporov	MetaPhaPred	0.7520435967302452	0.1446730441619709
Shkoporov	MetaPhaPred	0.7520435967302452	0.14505321245565628
Shkoporov	MetaPhaPred	0.7513623978201635	0.14539941998418138
Shkoporov	MetaPhaPred	0.75	0.14561565930432482
Shkoporov	MetaPhaPred	0.7493188010899182	0.145791915175613
Shkoporov	MetaPhaPred	0.7486376021798365	0.14585268745852686
Shkoporov	MetaPhaPred	0.7486376021798365	0.14626031408038329
Shkoporov	MetaPhaPred	0.747275204359673	0.14636424282855237
Shkoporov	MetaPhaPred	0.7452316076294278	0.14641327623126338
Shkoporov	MetaPhaPred	0.7452316076294278	0.14688506981740065
Shkoporov	MetaPhaPred	0.7431880108991825	0.14693602693602695
Shkoporov	MetaPhaPred	0.7418256130790191	0.147142278070531
Shkoporov	MetaPhaPred	0.7418256130790191	0.14718205162859846
Shkoporov	MetaPhaPred	0.7404632152588556	0.14769021739130433
Shkoporov	MetaPhaPred	0.7404632152588556	0.1483553978435922
Shkoporov	MetaPhaPred	0.7404632152588556	0.14849726775956285
Shkoporov	MetaPhaPred	0.7404632152588556	0.14898574561403508
Shkoporov	MetaPhaPred	0.7404632152588556	0.1494980057763719
Shkoporov	MetaPhaPred	0.7404632152588556	0.1496214728148658
Shkoporov	MetaPhaPred	0.7397820163487738	0.15020746887966804
Shkoporov	MetaPhaPred	0.739100817438692	0.15044370493621742
Shkoporov	MetaPhaPred	0.739100817438692	0.15048543689320387
Shkoporov	MetaPhaPred	0.7377384196185286	0.15079365079365079
Shkoporov	MetaPhaPred	0.7370572207084468	0.15096972233849587
Shkoporov	MetaPhaPred	0.7370572207084468	0.15105402764204942
Shkoporov	MetaPhaPred	0.7350136239782016	0.15141734493404435
Shkoporov	MetaPhaPred	0.7350136239782016	0.15160882394267247
Shkoporov	MetaPhaPred	0.7350136239782016	0.15229357798165138
Shkoporov	MetaPhaPred	0.7350136239782016	0.15272469922151452
Shkoporov	MetaPhaPred	0.7350136239782016	0.15278957802322288
Shkoporov	MetaPhaPred	0.7350136239782016	0.15357244520352975
Shkoporov	MetaPhaPred	0.7336512261580381	0.1537473233404711
Shkoporov	MetaPhaPred	0.7336512261580381	0.1538351664047993
Shkoporov	MetaPhaPred	0.7329700272479565	0.15419891086271137
Shkoporov	MetaPhaPred	0.7322888283378747	0.15443183450653641
Shkoporov	MetaPhaPred	0.7322888283378747	0.15449841908594425
Shkoporov	MetaPhaPred	0.728882833787466	0.15457960127130888
Shkoporov	MetaPhaPred	0.7282016348773842	0.15492753623188404
Shkoporov	MetaPhaPred	0.7282016348773842	0.15501740139211137
Shkoporov	MetaPhaPred	0.7282016348773842	0.15542308810700786
Shkoporov	MetaPhaPred	0.7282016348773842	0.15610397196261683
Shkoporov	MetaPhaPred	0.7275204359673024	0.15604909409701928
Shkoporov	MetaPhaPred	0.7275204359673024	0.1568281938325991
Shkoporov	MetaPhaPred	0.726158038147139	0.15697246355470476
Shkoporov	MetaPhaPred	0.7254768392370572	0.15687140963323024
Shkoporov	MetaPhaPred	0.7254768392370572	0.15728843597696057
Shkoporov	MetaPhaPred	0.7254768392370572	0.15777777777777777
Shkoporov	MetaPhaPred	0.7241144414168937	0.158160987948222
Shkoporov	MetaPhaPred	0.7241144414168937	0.1586804000597104
Shkoporov	MetaPhaPred	0.723433242506812	0.15912496254120467
Shkoporov	MetaPhaPred	0.723433242506812	0.1596272358334586
Shkoporov	MetaPhaPred	0.7213896457765667	0.1597285067873303
Shkoporov	MetaPhaPred	0.7213896457765667	0.16021180030257187
Shkoporov	MetaPhaPred	0.720708446866485	0.16069258809234507
Shkoporov	MetaPhaPred	0.720708446866485	0.16081471348229215
Shkoporov	MetaPhaPred	0.7200272479564033	0.160882800608828
Shkoporov	MetaPhaPred	0.7173024523160763	0.16098455893594252
Shkoporov	MetaPhaPred	0.7173024523160763	0.16142879043384945
Shkoporov	MetaPhaPred	0.7173024523160763	0.1617263093226847
Shkoporov	MetaPhaPred	0.7159400544959128	0.16194144838212635
Shkoporov	MetaPhaPred	0.7159400544959128	0.1621163041801635
Shkoporov	MetaPhaPred	0.7145776566757494	0.1623085254525762
Shkoporov	MetaPhaPred	0.7145776566757494	0.16271133860710407
Shkoporov	MetaPhaPred	0.7145776566757494	0.16329389788293897
Shkoporov	MetaPhaPred	0.7138964577656676	0.16364772017489068
Shkoporov	MetaPhaPred	0.7138964577656676	0.1638780297107115
Shkoporov	MetaPhaPred	0.7132152588555858	0.16423529411764706
Shkoporov	MetaPhaPred	0.7111716621253406	0.1642542479546885
Shkoporov	MetaPhaPred	0.7111716621253406	0.16482475528891696
Shkoporov	MetaPhaPred	0.7104904632152589	0.16518847006651885
Shkoporov	MetaPhaPred	0.7098092643051771	0.16568611861981236
Shkoporov	MetaPhaPred	0.7098092643051771	0.16608224418233983
Shkoporov	MetaPhaPred	0.7098092643051771	0.16645367412140574
Shkoporov	MetaPhaPred	0.7091280653950953	0.1668001922768787
Shkoporov	MetaPhaPred	0.7091280653950953	0.16739025566811386
Shkoporov	MetaPhaPred	0.7070844686648501	0.16744636231650267
Shkoporov	MetaPhaPred	0.7064032697547684	0.16804407713498623
Shkoporov	MetaPhaPred	0.7043596730245232	0.1676938047356471
Shkoporov	MetaPhaPred	0.7043596730245232	0.16818477553675992
Shkoporov	MetaPhaPred	0.7043596730245232	0.16900948022229487
Shkoporov	MetaPhaPred	0.7036784741144414	0.1697896120973044
Shkoporov	MetaPhaPred	0.7009536784741145	0.16971796140524492
Shkoporov	MetaPhaPred	0.7002724795640327	0.16977704376548308
Shkoporov	MetaPhaPred	0.6995912806539509	0.17028685126844637
Shkoporov	MetaPhaPred	0.696866485013624	0.17018798868740642
Shkoporov	MetaPhaPred	0.696866485013624	0.17072763684913217
Shkoporov	MetaPhaPred	0.6961852861035422	0.1709887903630584
Shkoporov	MetaPhaPred	0.6948228882833788	0.17116965933881523
Shkoporov	MetaPhaPred	0.6948228882833788	0.1715150496048428
Shkoporov	MetaPhaPred	0.6948228882833788	0.17200674536256325
Shkoporov	MetaPhaPred	0.6907356948228883	0.17163168584969532
Shkoporov	MetaPhaPred	0.6893732970027248	0.17175831636116767
Shkoporov	MetaPhaPred	0.6880108991825613	0.17209064576588856
Shkoporov	MetaPhaPred	0.6866485013623979	0.17242559014710915
Shkoporov	MetaPhaPred	0.6859673024523161	0.17278654770075497
Shkoporov	MetaPhaPred	0.6852861035422343	0.17285223367697594
Shkoporov	MetaPhaPred	0.6839237057220708	0.17331261867771447
Shkoporov	MetaPhaPred	0.6811989100817438	0.17328019407381737
Shkoporov	MetaPhaPred	0.6811989100817438	0.17337031900138697
Shkoporov	MetaPhaPred	0.6805177111716622	0.174163179916318
Shkoporov	MetaPhaPred	0.6805177111716622	0.17422392745029647
Shkoporov	MetaPhaPred	0.6784741144414169	0.17430871543577178
Shkoporov	MetaPhaPred	0.6777929155313351	0.17471466198419666
Shkoporov	MetaPhaPred	0.6764305177111717	0.17451669595782074
Shkoporov	MetaPhaPred	0.6764305177111717	0.17522498676548437
Shkoporov	MetaPhaPred	0.6750681198910081	0.17530514770918096
Shkoporov	MetaPhaPred	0.6750681198910081	0.17533616418966738
Shkoporov	MetaPhaPred	0.6750681198910081	0.17624044104570513
Shkoporov	MetaPhaPred	0.6730245231607629	0.17649160414433726
Shkoporov	MetaPhaPred	0.6730245231607629	0.17671257377928815
Shkoporov	MetaPhaPred	0.6716621253405994	0.1770197486535009
Shkoporov	MetaPhaPred	0.6689373297002725	0.1769050621509638
Shkoporov	MetaPhaPred	0.6689373297002725	0.17693693693693693
Shkoporov	MetaPhaPred	0.667574931880109	0.17763277143375023
Shkoporov	MetaPhaPred	0.667574931880109	0.1784088840342254
Shkoporov	MetaPhaPred	0.6662125340599455	0.1783695057450301
Shkoporov	MetaPhaPred	0.6655313351498637	0.1789705074189412
Shkoporov	MetaPhaPred	0.6648501362397821	0.1795107596100791
Shkoporov	MetaPhaPred	0.6648501362397821	0.1798415330753639
Shkoporov	MetaPhaPred	0.6641689373297003	0.18052212553230884
Shkoporov	MetaPhaPred	0.6634877384196185	0.18047063183249953
Shkoporov	MetaPhaPred	0.6634877384196185	0.18117559523809523
Shkoporov	MetaPhaPred	0.6634877384196185	0.1816486385676986
Shkoporov	MetaPhaPred	0.6628065395095368	0.18152985074626865
Shkoporov	MetaPhaPred	0.662125340599455	0.18243243243243243
Shkoporov	MetaPhaPred	0.662125340599455	0.18329247595700546
Shkoporov	MetaPhaPred	0.662125340599455	0.18346545866364666
Shkoporov	MetaPhaPred	0.659400544959128	0.18336806213297974
Shkoporov	MetaPhaPred	0.6587193460490464	0.18373551206536196
Shkoporov	MetaPhaPred	0.6580381471389646	0.18368511123787792
Shkoporov	MetaPhaPred	0.6559945504087193	0.18458884416331225
Shkoporov	MetaPhaPred	0.6559945504087193	0.18519230769230768
Shkoporov	MetaPhaPred	0.6559945504087193	0.18533487297921478
Shkoporov	MetaPhaPred	0.6546321525885559	0.18588007736943907
Shkoporov	MetaPhaPred	0.6532697547683923	0.1860329776915616
Shkoporov	MetaPhaPred	0.6532697547683923	0.18657587548638133
Shkoporov	MetaPhaPred	0.6519073569482289	0.18669527896995708
Shkoporov	MetaPhaPred	0.6498637602179836	0.18691222570532914
Shkoporov	MetaPhaPred	0.6485013623978202	0.18673989799921537
Shkoporov	MetaPhaPred	0.6457765667574932	0.1868716735659373
Shkoporov	MetaPhaPred	0.6457765667574932	0.1874258600237248
Shkoporov	MetaPhaPred	0.6450953678474114	0.18797141722905916
Shkoporov	MetaPhaPred	0.6444141689373297	0.188558899740881
Shkoporov	MetaPhaPred	0.6444141689373297	0.18870935567524436
Shkoporov	MetaPhaPred	0.6437329700272479	0.18888666799920048
Shkoporov	MetaPhaPred	0.6423705722070845	0.18912956277577217
Shkoporov	MetaPhaPred	0.6410081743869209	0.18929792798229733
Shkoporov	MetaPhaPred	0.6410081743869209	0.1897942718838241
Shkoporov	MetaPhaPred	0.6403269754768393	0.19009100101112233
Shkoporov	MetaPhaPred	0.6396457765667575	0.18996560793040665
Shkoporov	MetaPhaPred	0.6389645776566758	0.19026369168357
Shkoporov	MetaPhaPred	0.635558583106267	0.1903693123852275
Shkoporov	MetaPhaPred	0.635558583106267	0.1904470300061237
Shkoporov	MetaPhaPred	0.635558583106267	0.19103194103194104
Shkoporov	MetaPhaPred	0.6348773841961853	0.19141507496405832
Shkoporov	MetaPhaPred	0.6348773841961853	0.19157245632065775
Shkoporov	MetaPhaPred	0.6348773841961853	0.19236326109391125
Shkoporov	MetaPhaPred	0.6341961852861036	0.19279353903499688
Shkoporov	MetaPhaPred	0.6321525885558583	0.19297151174880434
Shkoporov	MetaPhaPred	0.6294277929155313	0.19282136894824708
Shkoporov	MetaPhaPred	0.6287465940054496	0.19273334725412403
Shkoporov	MetaPhaPred	0.6280653950953679	0.19345362987830467
Shkoporov	MetaPhaPred	0.6260217983651226	0.19457971628202414
Shkoporov	MetaPhaPred	0.6260217983651226	0.19474464929010382
Shkoporov	MetaPhaPred	0.6253405994550408	0.19552715654952077
Shkoporov	MetaPhaPred	0.6246594005449592	0.19594017094017094
Shkoporov	MetaPhaPred	0.6246594005449592	0.19619169875909284
Shkoporov	MetaPhaPred	0.6219346049046321	0.19621749408983452
Shkoporov	MetaPhaPred	0.6219346049046321	0.19689454388613328
Shkoporov	MetaPhaPred	0.6219346049046321	0.1969795037756203
Shkoporov	MetaPhaPred	0.6212534059945504	0.1975736568457539
Shkoporov	MetaPhaPred	0.6205722070844687	0.19808654055229397
Shkoporov	MetaPhaPred	0.6205722070844687	0.19812962157459765
Shkoporov	MetaPhaPred	0.6192098092643051	0.19842829076620824
Shkoporov	MetaPhaPred	0.6185286103542235	0.1996921046844073
Shkoporov	MetaPhaPred	0.6185286103542235	0.19995595683770095
Shkoporov	MetaPhaPred	0.6164850136239782	0.2003985828166519
Shkoporov	MetaPhaPred	0.6158038147138964	0.20035460992907803
Shkoporov	MetaPhaPred	0.6158038147138964	0.20111234705228032
Shkoporov	MetaPhaPred	0.6130790190735694	0.20125223613595708
Shkoporov	MetaPhaPred	0.6130790190735694	0.20156774916013437
Shkoporov	MetaPhaPred	0.6130790190735694	0.20247469066366705
Shkoporov	MetaPhaPred	0.6123978201634878	0.20302619692863597
Shkoporov	MetaPhaPred	0.6123978201634878	0.20311793944871215
Shkoporov	MetaPhaPred	0.6096730245231607	0.2034090909090909
Shkoporov	MetaPhaPred	0.6089918256130791	0.20467032967032966
Shkoporov	MetaPhaPred	0.6089918256130791	0.20495185694635487
Shkoporov	MetaPhaPred	0.6083106267029973	0.20561823624222889
Shkoporov	MetaPhaPred	0.6083106267029973	0.20666512381393196
Shkoporov	MetaPhaPred	0.6083106267029973	0.20676082426487613
Shkoporov	MetaPhaPred	0.6062670299727521	0.20692862125087189
Shkoporov	MetaPhaPred	0.6049046321525886	0.20825515947467166
Shkoporov	MetaPhaPred	0.6049046321525886	0.2084507042253521
Shkoporov	MetaPhaPred	0.6042234332425068	0.20919811320754716
Shkoporov	MetaPhaPred	0.6042234332425068	0.20939565627950896
Shkoporov	MetaPhaPred	0.6014986376021798	0.20939056201090822
Shkoporov	MetaPhaPred	0.6001362397820164	0.21081598468533141
Shkoporov	MetaPhaPred	0.6001362397820164	0.2114738358137302
Shkoporov	MetaPhaPred	0.5974114441416893	0.21240009687575684
Shkoporov	MetaPhaPred	0.5953678474114441	0.2132747681795998
Shkoporov	MetaPhaPred	0.5946866485013624	0.21370869033047735
Shkoporov	MetaPhaPred	0.5933242506811989	0.21442639094042343
Shkoporov	MetaPhaPred	0.5933242506811989	0.21522115147022486
Shkoporov	MetaPhaPred	0.5926430517711172	0.21545319465081725
Shkoporov	MetaPhaPred	0.5919618528610354	0.21568627450980393
Shkoporov	MetaPhaPred	0.5892370572207084	0.21538844621513945
Shkoporov	MetaPhaPred	0.5871934604904632	0.2157697121401752
Shkoporov	MetaPhaPred	0.5865122615803815	0.21649484536082475
Shkoporov	MetaPhaPred	0.5858310626702997	0.21700731768861972
Shkoporov	MetaPhaPred	0.5837874659400545	0.21723700887198985
Shkoporov	MetaPhaPred	0.582425068119891	0.217005076142132
Shkoporov	MetaPhaPred	0.5817438692098093	0.21796835119959163
Shkoporov	MetaPhaPred	0.5803814713896458	0.21834956432598668
Shkoporov	MetaPhaPred	0.5790190735694822	0.2187902187902188
Shkoporov	MetaPhaPred	0.5783378746594006	0.2194365469113466
Shkoporov	MetaPhaPred	0.5769754768392371	0.22034339229968783
Shkoporov	MetaPhaPred	0.5762942779291553	0.22169811320754718
Shkoporov	MetaPhaPred	0.5762942779291553	0.22181436811746197
Shkoporov	MetaPhaPred	0.5762942779291553	0.22351387054161162
Shkoporov	MetaPhaPred	0.5762942779291553	0.22422475483699975
Shkoporov	MetaPhaPred	0.5762942779291553	0.2244031830238727
Shkoporov	MetaPhaPred	0.5756130790190735	0.22503328894806923
Shkoporov	MetaPhaPred	0.5756130790190735	0.22587543437583535
Shkoporov	MetaPhaPred	0.5742506811989101	0.2261266094420601
Shkoporov	MetaPhaPred	0.5722070844686649	0.22629310344827586
Shkoporov	MetaPhaPred	0.5722070844686649	0.22745735174654752
Shkoporov	MetaPhaPred	0.5722070844686649	0.227765726681128
Shkoporov	MetaPhaPred	0.5701634877384196	0.22800326886406974
Shkoporov	MetaPhaPred	0.5688010899182562	0.22876712328767124
Shkoporov	MetaPhaPred	0.5653950953678474	0.2285871660699532
Shkoporov	MetaPhaPred	0.5653950953678474	0.22972598948242456
Shkoporov	MetaPhaPred	0.5653950953678474	0.22998060404544196
Shkoporov	MetaPhaPred	0.5653950953678474	0.23100473142220984
Shkoporov	MetaPhaPred	0.5640326975476839	0.23141419787590833
Shkoporov	MetaPhaPred	0.5640326975476839	0.23154362416107382
Shkoporov	MetaPhaPred	0.5626702997275205	0.23215289488476673
Shkoporov	MetaPhaPred	0.5626702997275205	0.2328728502960248
Shkoporov	MetaPhaPred	0.5626702997275205	0.23300423131170664
Shkoporov	MetaPhaPred	0.5613079019073569	0.2332955832389581
Shkoporov	MetaPhaPred	0.5599455040871935	0.23352272727272727
Shkoporov	MetaPhaPred	0.5579019073569482	0.23346636259977194
Shkoporov	MetaPhaPred	0.5572207084468664	0.23445113212955002
Shkoporov	MetaPhaPred	0.5565395095367848	0.2352433054995681
Shkoporov	MetaPhaPred	0.5565395095367848	0.23544668587896253
Shkoporov	MetaPhaPred	0.555858310626703	0.23570190641247835
Shkoporov	MetaPhaPred	0.5544959128065395	0.23649041255084252
Shkoporov	MetaPhaPred	0.5538147138964578	0.23633720930232557
Shkoporov	MetaPhaPred	0.5524523160762943	0.23665013131018384
Shkoporov	MetaPhaPred	0.5524523160762943	0.2376905041031653
Shkoporov	MetaPhaPred	0.5517711171662125	0.23767605633802816
Shkoporov	MetaPhaPred	0.5497275204359673	0.23896949955581878
Shkoporov	MetaPhaPred	0.5497275204359673	0.23939483832690597
Shkoporov	MetaPhaPred	0.5497275204359673	0.24032162001191185
Shkoporov	MetaPhaPred	0.5497275204359673	0.2410394265232975
Shkoporov	MetaPhaPred	0.5497275204359673	0.24139994017349686
Shkoporov	MetaPhaPred	0.547683923705722	0.24151396815860618
Shkoporov	MetaPhaPred	0.5456403269754768	0.24250681198910082
Shkoporov	MetaPhaPred	0.5456403269754768	0.24272727272727274
Shkoporov	MetaPhaPred	0.5442779291553134	0.24359756097560975
Shkoporov	MetaPhaPred	0.5435967302452316	0.24493554327808473
Shkoporov	MetaPhaPred	0.5422343324250681	0.2449230769230769
Shkoporov	MetaPhaPred	0.5395095367847411	0.24550526968381897
Shkoporov	MetaPhaPred	0.5381471389645777	0.24602927436935534
Shkoporov	MetaPhaPred	0.5367847411444142	0.24632697718036886
Shkoporov	MetaPhaPred	0.5367847411444142	0.24686716791979949
Shkoporov	MetaPhaPred	0.5361035422343324	0.24764002517306483
Shkoporov	MetaPhaPred	0.5354223433242506	0.24834123222748816
Shkoporov	MetaPhaPred	0.5326975476839237	0.2478605388272583
Shkoporov	MetaPhaPred	0.532016348773842	0.24864692773002228
Shkoporov	MetaPhaPred	0.532016348773842	0.2504007694773966
Shkoporov	MetaPhaPred	0.5306539509536785	0.2516149870801034
Shkoporov	MetaPhaPred	0.5299727520435967	0.25153572583252504
Shkoporov	MetaPhaPred	0.5272479564032697	0.25219941348973607
Shkoporov	MetaPhaPred	0.5258855585831063	0.2528660334097609
Shkoporov	MetaPhaPred	0.5258855585831063	0.2529488859764089
Shkoporov	MetaPhaPred	0.5245231607629428	0.25303976339139006
Shkoporov	MetaPhaPred	0.5231607629427792	0.2536327608982827
Shkoporov	MetaPhaPred	0.5231607629427792	0.25380039656311965
Shkoporov	MetaPhaPred	0.521117166212534	0.2548301132578281
Shkoporov	MetaPhaPred	0.5204359673024523	0.25526227865018375
Shkoporov	MetaPhaPred	0.5197547683923706	0.2551839464882943
Shkoporov	MetaPhaPred	0.5170299727520435	0.25555555555555554
Shkoporov	MetaPhaPred	0.5149863760217984	0.25696804894629505
Shkoporov	MetaPhaPred	0.5136239782016349	0.25654984688669613
Shkoporov	MetaPhaPred	0.5115803814713896	0.25701574264202603
Shkoporov	MetaPhaPred	0.510899182561308	0.2579092159559835
Shkoporov	MetaPhaPred	0.510899182561308	0.25817555938037867
Shkoporov	MetaPhaPred	0.5081743869209809	0.25839972289573954
Shkoporov	MetaPhaPred	0.5068119891008175	0.2588726513569937
Shkoporov	MetaPhaPred	0.5061307901907357	0.2598810772997552
Shkoporov	MetaPhaPred	0.5054495912806539	0.26080843585237257
Shkoporov	MetaPhaPred	0.5054495912806539	0.26117564237944385
Shkoporov	MetaPhaPred	0.5040871934604905	0.26148409893992935
Shkoporov	MetaPhaPred	0.502724795640327	0.2623533594027728
Shkoporov	MetaPhaPred	0.5013623978201635	0.26276329882184934
Shkoporov	MetaPhaPred	0.5	0.26346015793251976
Shkoporov	MetaPhaPred	0.4993188010899183	0.26462093862815883
Shkoporov	MetaPhaPred	0.4993188010899183	0.2648121387283237
Shkoporov	MetaPhaPred	0.49727520435967304	0.26526162790697677
Shkoporov	MetaPhaPred	0.49318801089918257	0.2651043573782497
Shkoporov	MetaPhaPred	0.49318801089918257	0.2652014652014652
Shkoporov	MetaPhaPred	0.4925068119891008	0.26580882352941176
Shkoporov	MetaPhaPred	0.49114441416893734	0.26654343807763403
Shkoporov	MetaPhaPred	0.48978201634877383	0.26679035250463823
Shkoporov	MetaPhaPred	0.4877384196185286	0.2671641791044776
Shkoporov	MetaPhaPred	0.48637602179836514	0.2681186631618475
Shkoporov	MetaPhaPred	0.48501362397820164	0.26837542404824727
Shkoporov	MetaPhaPred	0.48501362397820164	0.2687806719516799
Shkoporov	MetaPhaPred	0.48365122615803813	0.26975683890577506
Shkoporov	MetaPhaPred	0.4822888283378747	0.26991993900114375
Shkoporov	MetaPhaPred	0.48092643051771117	0.27039448487169665
Shkoporov	MetaPhaPred	0.47888283378746593	0.2706969580284944
Shkoporov	MetaPhaPred	0.47888283378746593	0.27248062015503877
Shkoporov	MetaPhaPred	0.4775204359673024	0.27265655387008947
Shkoporov	MetaPhaPred	0.47479564032697547	0.27269170579029733
Shkoporov	MetaPhaPred	0.47275204359673023	0.27301337529504327
Shkoporov	MetaPhaPred	0.4720708446866485	0.27402135231316727
Shkoporov	MetaPhaPred	0.4713896457765668	0.274494248314161
Shkoporov	MetaPhaPred	0.470708446866485	0.275518341307815
Shkoporov	MetaPhaPred	0.470708446866485	0.27684294871794873
Shkoporov	MetaPhaPred	0.470708446866485	0.27739863508631074
Shkoporov	MetaPhaPred	0.47002724795640327	0.27833803953206937
Shkoporov	MetaPhaPred	0.46934604904632155	0.27883447996762445
Shkoporov	MetaPhaPred	0.46934604904632155	0.2792865828942035
Shkoporov	MetaPhaPred	0.46866485013623976	0.2804728903383612
Shkoporov	MetaPhaPred	0.46866485013623976	0.2808163265306122
Shkoporov	MetaPhaPred	0.4645776566757493	0.2808896210873147
Shkoporov	MetaPhaPred	0.46389645776566757	0.28222130128470785
Shkoporov	MetaPhaPred	0.46321525885558584	0.2821576763485477
Shkoporov	MetaPhaPred	0.46321525885558584	0.2838063439065108
Shkoporov	MetaPhaPred	0.4611716621253406	0.2837384744341995
Shkoporov	MetaPhaPred	0.4604904632152589	0.2837951301427372
Shkoporov	MetaPhaPred	0.4591280653950954	0.28523063901819723
Shkoporov	MetaPhaPred	0.45708446866485014	0.28528911564625853
Shkoporov	MetaPhaPred	0.4564032697547684	0.2849851127179923
Shkoporov	MetaPhaPred	0.4564032697547684	0.2864471996579735
Shkoporov	MetaPhaPred	0.4529972752043597	0.28577567683712934
Shkoporov	MetaPhaPred	0.45231607629427795	0.2859603789836348
Shkoporov	MetaPhaPred	0.45163487738419617	0.2877604166666667
Shkoporov	MetaPhaPred	0.45163487738419617	0.2887630662020906
Shkoporov	MetaPhaPred	0.45163487738419617	0.2892670157068063
Shkoporov	MetaPhaPred	0.4489100817438692	0.2901805372082783
Shkoporov	MetaPhaPred	0.4489100817438692	0.2915929203539823
Shkoporov	MetaPhaPred	0.44686648501362397	0.29155555555555557
Shkoporov	MetaPhaPred	0.44482288828337874	0.2919088064371927
Shkoporov	MetaPhaPred	0.44482288828337874	0.29230080572963296
Shkoporov	MetaPhaPred	0.4434604904632153	0.2936400541271989
Shkoporov	MetaPhaPred	0.4434604904632153	0.2947034857401539
Shkoporov	MetaPhaPred	0.44141689373297005	0.2946793997271487
Shkoporov	MetaPhaPred	0.44005449591280654	0.2956521739130435
Shkoporov	MetaPhaPred	0.43869209809264303	0.29663749424228464
Shkoporov	MetaPhaPred	0.43869209809264303	0.29691101890272015
Shkoporov	MetaPhaPred	0.43869209809264303	0.2982862436313108
Shkoporov	MetaPhaPred	0.43528610354223435	0.2984586641756189
Shkoporov	MetaPhaPred	0.43460490463215257	0.2985493682732803
Shkoporov	MetaPhaPred	0.43256130790190733	0.2992459943449576
Shkoporov	MetaPhaPred	0.4298365122615804	0.30004755111745124
Shkoporov	MetaPhaPred	0.4284741144414169	0.29938124702522606
Shkoporov	MetaPhaPred	0.4271117166212534	0.30043124101581214
Shkoporov	MetaPhaPred	0.4250681198910082	0.3015949734171097
Shkoporov	MetaPhaPred	0.42370572207084467	0.30121065375302664
Shkoporov	MetaPhaPred	0.42166212534059944	0.30150998538723817
Shkoporov	MetaPhaPred	0.4196185286103542	0.30078125
Shkoporov	MetaPhaPred	0.4189373297002725	0.3019145802650957
Shkoporov	MetaPhaPred	0.41553133514986373	0.3021297672114908
Shkoporov	MetaPhaPred	0.4128065395095368	0.30149253731343284
Shkoporov	MetaPhaPred	0.41076294277929154	0.3031674208144796
Shkoporov	MetaPhaPred	0.4087193460490463	0.30257186081694404
Shkoporov	MetaPhaPred	0.4080381471389646	0.30313765182186236
Shkoporov	MetaPhaPred	0.40667574931880107	0.3030456852791878
Shkoporov	MetaPhaPred	0.40463215258855584	0.30337078651685395
Shkoporov	MetaPhaPred	0.4039509536784741	0.3041025641025641
Shkoporov	MetaPhaPred	0.40054495912806537	0.3037190082644628
Shkoporov	MetaPhaPred	0.39986376021798364	0.30398757120662867
Shkoporov	MetaPhaPred	0.3978201634877384	0.3048016701461378
Shkoporov	MetaPhaPred	0.39645776566757496	0.305993690851735
Shkoporov	MetaPhaPred	0.39509536784741145	0.3076923076923077
Shkoporov	MetaPhaPred	0.39509536784741145	0.30818278427205104
Shkoporov	MetaPhaPred	0.3944141689373297	0.3088
Shkoporov	MetaPhaPred	0.3930517711171662	0.3102150537634409
Shkoporov	MetaPhaPred	0.3930517711171662	0.31071620893914914
Shkoporov	MetaPhaPred	0.3916893732970027	0.31318082788671026
Shkoporov	MetaPhaPred	0.391008174386921	0.31297709923664124
Shkoporov	MetaPhaPred	0.39032697547683926	0.31414473684210525
Shkoporov	MetaPhaPred	0.3896457765667575	0.31654676258992803
Shkoporov	MetaPhaPred	0.3896457765667575	0.31689750692520774
Shkoporov	MetaPhaPred	0.38760217983651224	0.31858902575587905
Shkoporov	MetaPhaPred	0.385558583106267	0.31923293852227863
Shkoporov	MetaPhaPred	0.385558583106267	0.3194130925507901
Shkoporov	MetaPhaPred	0.3821525885558583	0.31838819523269013
Shkoporov	MetaPhaPred	0.3787465940054496	0.318259874069834
Shkoporov	MetaPhaPred	0.3787465940054496	0.3193566915565767
Shkoporov	MetaPhaPred	0.3746594005449591	0.31995346131471786
Shkoporov	MetaPhaPred	0.37329700272479566	0.3215962441314554
Shkoporov	MetaPhaPred	0.3726158038147139	0.32157554379776604
Shkoporov	MetaPhaPred	0.37193460490463215	0.3236514522821577
Shkoporov	MetaPhaPred	0.36648501362397823	0.32351172579675286
Shkoporov	MetaPhaPred	0.36648501362397823	0.32390126429861527
Shkoporov	MetaPhaPred	0.364441416893733	0.3252279635258359
Shkoporov	MetaPhaPred	0.36239782016348776	0.32578077158603796
Shkoporov	MetaPhaPred	0.36239782016348776	0.32598039215686275
Shkoporov	MetaPhaPred	0.3603542234332425	0.32755417956656346
Shkoporov	MetaPhaPred	0.35967302452316074	0.3297938788257339
Shkoporov	MetaPhaPred	0.3583106267029973	0.33123425692695213
Shkoporov	MetaPhaPred	0.3569482288828338	0.33164556962025316
Shkoporov	MetaPhaPred	0.3569482288828338	0.33248730964467005
Shkoporov	MetaPhaPred	0.35354223433242504	0.33184143222506396
Shkoporov	MetaPhaPred	0.3521798365122616	0.33247588424437297
Shkoporov	MetaPhaPred	0.35013623978201636	0.33354964308890334
Shkoporov	MetaPhaPred	0.34945504087193463	0.3375
Shkoporov	MetaPhaPred	0.3480926430517711	0.3393094289508632
Shkoporov	MetaPhaPred	0.3474114441416894	0.3393213572854291
Shkoporov	MetaPhaPred	0.34400544959128065	0.3393817204301075
Shkoporov	MetaPhaPred	0.3385558583106267	0.3399452804377565
Shkoporov	MetaPhaPred	0.3385558583106267	0.3401779603011636
Shkoporov	MetaPhaPred	0.3371934604904632	0.34185082872928174
Shkoporov	MetaPhaPred	0.3358310626702997	0.34355400696864113
Shkoporov	MetaPhaPred	0.335149863760218	0.3435754189944134
Shkoporov	MetaPhaPred	0.33310626702997276	0.34412385643912735
Shkoporov	MetaPhaPred	0.33174386920980925	0.3441696113074205
Shkoporov	MetaPhaPred	0.329700272479564	0.3467048710601719
Shkoporov	MetaPhaPred	0.32629427792915533	0.34559884559884557
Shkoporov	MetaPhaPred	0.32629427792915533	0.3458483754512635
Shkoporov	MetaPhaPred	0.32561307901907355	0.34839650145772594
Shkoporov	MetaPhaPred	0.3215258855585831	0.351451973194341
Shkoporov	MetaPhaPred	0.3181198910081744	0.3519216277317257
Shkoporov	MetaPhaPred	0.31471389645776565	0.3521341463414634
Shkoporov	MetaPhaPred	0.3140326975476839	0.35244648318042815
Shkoporov	MetaPhaPred	0.3119891008174387	0.354215003866976
Shkoporov	MetaPhaPred	0.3106267029972752	0.3559718969555035
Shkoporov	MetaPhaPred	0.3079019073569482	0.3575949367088608
Shkoporov	MetaPhaPred	0.305858310626703	0.3583399840383081
Shkoporov	MetaPhaPred	0.30517711171662126	0.36129032258064514
Shkoporov	MetaPhaPred	0.30313351498637603	0.36208299430431246
Shkoporov	MetaPhaPred	0.3017711171662125	0.36311475409836064
Shkoporov	MetaPhaPred	0.29836512261580383	0.3637873754152824
Shkoporov	MetaPhaPred	0.29768392370572205	0.36538461538461536
Shkoporov	MetaPhaPred	0.29768392370572205	0.3675357443229605
Shkoporov	MetaPhaPred	0.2956403269754768	0.36810856658184904
Shkoporov	MetaPhaPred	0.29223433242506813	0.3682403433476395
Shkoporov	MetaPhaPred	0.2888283378746594	0.36741767764298094
Shkoporov	MetaPhaPred	0.28678474114441416	0.3702726473175022
Shkoporov	MetaPhaPred	0.2840599455040872	0.3703374777975133
Shkoporov	MetaPhaPred	0.28201634877384196	0.37130044843049326
Shkoporov	MetaPhaPred	0.28201634877384196	0.37364620938628157
Shkoporov	MetaPhaPred	0.28201634877384196	0.37636363636363634
Shkoporov	MetaPhaPred	0.2786103542234332	0.37626494940202393
Shkoporov	MetaPhaPred	0.27588555858310626	0.37744641192917056
Shkoporov	MetaPhaPred	0.2731607629427793	0.3775894538606403
Shkoporov	MetaPhaPred	0.2724795640326976	0.3780718336483932
Shkoporov	MetaPhaPred	0.27043596730245234	0.3788167938931298
Shkoporov	MetaPhaPred	0.2683923705722071	0.3799421407907425
Shkoporov	MetaPhaPred	0.26634877384196187	0.3810916179337232
Shkoporov	MetaPhaPred	0.26430517711171664	0.383399209486166
Shkoporov	MetaPhaPred	0.2622615803814714	0.38577154308617234
Shkoporov	MetaPhaPred	0.2615803814713896	0.3874873864783047
Shkoporov	MetaPhaPred	0.2615803814713896	0.3890577507598784
Shkoporov	MetaPhaPred	0.2547683923705722	0.3883696780893043
Shkoporov	MetaPhaPred	0.25272479564032696	0.3901156677181914
Shkoporov	MetaPhaPred	0.2506811989100817	0.3890063424947146
Shkoporov	MetaPhaPred	0.24863760217983652	0.3933189655172414
Shkoporov	MetaPhaPred	0.24659400544959129	0.39606126914660833
Shkoporov	MetaPhaPred	0.24591280653950953	0.39626783754116357
Shkoporov	MetaPhaPred	0.2391008174386921	0.3993174061433447
Shkoporov	MetaPhaPred	0.23501362397820164	0.4025670945157526
Shkoporov	MetaPhaPred	0.23501362397820164	0.40588235294117647
Shkoporov	MetaPhaPred	0.23024523160762944	0.4043062200956938
Shkoporov	MetaPhaPred	0.22547683923705722	0.40514075887392903
Shkoporov	MetaPhaPred	0.22411444141689374	0.4046740467404674
Shkoporov	MetaPhaPred	0.2186648501362398	0.41419354838709677
Shkoporov	MetaPhaPred	0.21321525885558584	0.4156706507304117
Shkoporov	MetaPhaPred	0.21185286103542234	0.4157754010695187
Shkoporov	MetaPhaPred	0.20844686648501362	0.4191780821917808
Shkoporov	MetaPhaPred	0.2016348773841962	0.4134078212290503
Shkoporov	MetaPhaPred	0.20095367847411444	0.4202279202279202
Shkoporov	MetaPhaPred	0.20027247956403268	0.42363112391930835
Shkoporov	MetaPhaPred	0.19959128065395096	0.4240231548480463
Shkoporov	MetaPhaPred	0.19209809264305178	0.4208955223880597
Shkoporov	MetaPhaPred	0.1880108991825613	0.42073170731707316
Shkoporov	MetaPhaPred	0.18732970027247955	0.42048929663608564
Shkoporov	MetaPhaPred	0.1771117166212534	0.42276422764227645
Shkoporov	MetaPhaPred	0.16825613079019072	0.4222222222222222
Shkoporov	MetaPhaPred	0.167574931880109	0.42634315424610053
Shkoporov	MetaPhaPred	0.16348773841961853	0.43087971274685816
Shkoporov	MetaPhaPred	0.1553133514986376	0.4367816091954023
Shkoporov	MetaPhaPred	0.15326975476839236	0.436046511627907
Shkoporov	MetaPhaPred	0.1396457765667575	0.43897216274089934
Shkoporov	MetaPhaPred	0.12942779291553133	0.4428904428904429
Shkoporov	MetaPhaPred	0.12806539509536785	0.44761904761904764
Shkoporov	MetaPhaPred	0.11852861035422343	0.47802197802197804
Shkoporov	MetaPhaPred	0.10354223433242507	0.495114006514658
Shkoporov	MetaPhaPred	0.08446866485013624	0.5
Shkoporov	MetaPhaPred	0.06130790190735695	0.5660377358490566
Shkoporov	MetaPhaPred	0.0	1.0
Shkoporov	CheckV	1.0	0.030390857899966876
Shkoporov	CheckV	1.0	0.030391487071196405
Shkoporov	CheckV	1.0	0.030392116268477497
Shkoporov	CheckV	1.0	0.030392745491811764
Shkoporov	CheckV	1.0	0.030394004016646308
Shkoporov	CheckV	1.0	0.03039463331814982
Shkoporov	CheckV	1.0	0.030395262645712986
Shkoporov	CheckV	1.0	0.03039589199933742
Shkoporov	CheckV	1.0	0.030396521379024745
Shkoporov	CheckV	1.0	0.03039715078477658
Shkoporov	CheckV	1.0	0.030397780216594537
Shkoporov	CheckV	1.0	0.030398409674480244
Shkoporov	CheckV	1.0	0.03039903915843532
Shkoporov	CheckV	1.0	0.030400298204560045
Shkoporov	CheckV	1.0	0.03040155735498167
Shkoporov	CheckV	1.0	0.03040281660971316
Shkoporov	CheckV	1.0	0.030403446276199154
Shkoporov	CheckV	1.0	0.030404705687419743
Shkoporov	CheckV	1.0	0.03040533543215758
Shkoporov	CheckV	1.0	0.030405965202982603
Shkoporov	CheckV	1.0	0.030406594999896435
Shkoporov	CheckV	1.0	0.030408484547187007
Shkoporov	CheckV	1.0	0.030409114448472295
Shkoporov	CheckV	1.0	0.03041100430891614
Shkoporov	CheckV	1.0	0.03041226434638492
Shkoporov	CheckV	1.0	0.030412894404276036
Shkoporov	CheckV	1.0	0.030413524488273804
Shkoporov	CheckV	1.0	0.030414154598379844
Shkoporov	CheckV	1.0	0.030415414896923235
Shkoporov	CheckV	1.0	0.030416675299919194
Shkoporov	CheckV	1.0	0.030418566100290097
Shkoporov	CheckV	1.0	0.030419826764474283
Shkoporov	CheckV	1.0	0.030421087533156498
Shkoporov	CheckV	1.0	0.030421717956688427
Shkoporov	CheckV	1.0	0.030422348406349733
Shkoporov	CheckV	1.0	0.030424870466321245
Shkoporov	CheckV	1.0	0.030426762285737975
Shkoporov	CheckV	1.0	0.03042802362939165
Shkoporov	CheckV	1.0	0.03043054663045957
Shkoporov	CheckV	1.0	0.03043307004996165
Shkoporov	CheckV	1.0	0.03043433191665803
Shkoporov	CheckV	1.0	0.030434962889248247
Shkoporov	CheckV	1.0	0.030435593888001992
Shkoporov	CheckV	1.0	0.030436224912920883
Shkoporov	CheckV	1.0	0.03043685596400655
Shkoporov	CheckV	1.0	0.030443167914394144
Shkoporov	CheckV	1.0	0.030445693427629258
Shkoporov	CheckV	1.0	0.030448219359923673
Shkoporov	CheckV	1.0	0.030451377364752737
Shkoporov	CheckV	1.0	0.03045643153526971
Shkoporov	CheckV	1.0	0.03045959124390497
Shkoporov	CheckV	1.0	0.03046148738379814
Shkoporov	CheckV	1.0	0.030462751608217473
Shkoporov	CheckV	1.0	0.030469706718694867
Shkoporov	CheckV	1.0	0.030471604118233145
Shkoporov	CheckV	1.0	0.03047666500581299
Shkoporov	CheckV	1.0	0.03048172757475083
Shkoporov	CheckV	1.0	0.030484259489990864
Shkoporov	CheckV	1.0	0.030488058151609553
Shkoporov	CheckV	1.0	0.030491224426212483
Shkoporov	CheckV	1.0	0.030496925378095396
Shkoporov	CheckV	1.0	0.03050326226987491
Shkoporov	CheckV	1.0	0.030503896103896103
Shkoporov	CheckV	1.0	0.03051023589317261
Shkoporov	CheckV	1.0	0.030512772546818816
Shkoporov	CheckV	1.0	0.03051340677613802
Shkoporov	CheckV	1.0	0.03051721270580409
Shkoporov	CheckV	1.0	0.03052736649475961
Shkoporov	CheckV	1.0	0.03052800133092104
Shkoporov	CheckV	1.0	0.030538797586852507
Shkoporov	CheckV	1.0	0.030545787469568656
Shkoporov	CheckV	1.0	0.030552144685633414
Shkoporov	CheckV	1.0	0.030560413023565658
Shkoporov	CheckV	1.0	0.030566776329488194
Shkoporov	CheckV	1.0	0.030576326258565746
Shkoporov	CheckV	1.0	0.03059034362041301
Shkoporov	CheckV	1.0	0.03060692617225778
Shkoporov	CheckV	1.0	0.030607564321754724
Shkoporov	CheckV	1.0	0.030620971610938446
Shkoporov	CheckV	1.0	0.030636308616983535
Shkoporov	CheckV	1.0	0.0306523010106072
Shkoporov	CheckV	1.0	0.030667669424250022
Shkoporov	CheckV	1.0	0.03068433593913298
Shkoporov	CheckV	1.0	0.030704873457435684
Shkoporov	CheckV	1.0	0.03070551569788115
Shkoporov	CheckV	1.0	0.03073122736502753
Shkoporov	CheckV	1.0	0.030751183543508316
Shkoporov	CheckV	1.0	0.03078213461941707
Shkoporov	CheckV	1.0	0.03078278009603892
Shkoporov	CheckV	1.0	0.03081961706415855
Shkoporov	CheckV	1.0	0.03082026411370746
Shkoporov	CheckV	1.0	0.030821558294316487
Shkoporov	CheckV	1.0	0.030853299705758723
Shkoporov	CheckV	1.0	0.030900058937442115
Shkoporov	CheckV	1.0	0.03093587339051272
Shkoporov	CheckV	1.0	0.030936525330860658
Shkoporov	CheckV	1.0	0.030982229538643366
Shkoporov	CheckV	1.0	0.030982883434288004
Shkoporov	CheckV	1.0	0.03104053453999535
Shkoporov	CheckV	1.0	0.03104184728595293
Shkoporov	CheckV	1.0	0.0311082856537402
Shkoporov	CheckV	1.0	0.03110894488122232
Shkoporov	CheckV	1.0	0.03111026342000975
Shkoporov	CheckV	1.0	0.03119422014449639
Shkoporov	CheckV	1.0	0.031196208853093058
Shkoporov	CheckV	1.0	0.03128663071972038
Shkoporov	CheckV	1.0	0.031287964364116884
Shkoporov	CheckV	1.0	0.03140106951871658
Shkoporov	CheckV	1.0	0.0314017412137158
Shkoporov	CheckV	1.0	0.03154750392194786
Shkoporov	CheckV	1.0	0.03154818189632941
Shkoporov	CheckV	1.0	0.031724078316117045
Shkoporov	CheckV	1.0	0.031726820834233845
Shkoporov	CheckV	1.0	0.03195959332070625
Shkoporov	CheckV	1.0	0.03196237671188138
Shkoporov	CheckV	1.0	0.0322665728855284
Shkoporov	CheckV	1.0	0.032267282118914165
Shkoporov	CheckV	1.0	0.03226799138347914
Shkoporov	CheckV	1.0	0.03227082875357221
Shkoporov	CheckV	1.0	0.032664322905077654
Shkoporov	CheckV	1.0	0.03266723040633762
Shkoporov	CheckV	1.0	0.033297042279078204
Shkoporov	CheckV	1.0	0.033302329801955494
Shkoporov	CheckV	1.0	0.034252648280367726
Shkoporov	CheckV	1.0	0.03425424677991413
Shkoporov	CheckV	1.0	0.03425504608563761
Shkoporov	CheckV	1.0	0.03592052461583635
Shkoporov	CheckV	1.0	0.035930195560124334
Shkoporov	CheckV	1.0	0.035931074995104756
Shkoporov	CheckV	1.0	0.039675675675675676
Shkoporov	CheckV	1.0	0.039676748020216764
Shkoporov	CheckV	1.0	0.03968425605536332
Shkoporov	CheckV	1.0	0.039687474654627054
Shkoporov	CheckV	0.9945504087193461	0.049878719551774794
Shkoporov	CheckV	0.9945504087193461	0.04989747095010253
Shkoporov	CheckV	0.9945504087193461	0.04990088181010322
Shkoporov	CheckV	0.976158038147139	0.08524180596038308
Shkoporov	CheckV	0.976158038147139	0.0852468768590125
Shkoporov	CheckV	0.976158038147139	0.08525194836099709
Shkoporov	CheckV	0.976158038147139	0.08533317453700946
Shkoporov	CheckV	0.976158038147139	0.08533825631252978
Shkoporov	CheckV	0.976158038147139	0.08534333869334762
Shkoporov	CheckV	0.8664850136239782	0.18416099609092226
Shkoporov	CheckV	0.8664850136239782	0.1841876629018245
Shkoporov	CheckV	0.8664850136239782	0.18421433743664012
Shkoporov	CheckV	0.8658038147138964	0.18527696793002915
Shkoporov	CheckV	0.8658038147138964	0.18533100029163022
Shkoporov	CheckV	0.48637602179836514	0.45564773452456925
Shkoporov	CheckV	0.48637602179836514	0.4559386973180077
Shkoporov	CheckV	0.48637602179836514	0.45652173913043476
Shkoporov	CheckV	0.48569482288828336	0.4561740243122201
Shkoporov	CheckV	0.48092643051771117	0.4581440622972096
Shkoporov	CheckV	0.48092643051771117	0.45933636955107354
Shkoporov	CheckV	0.48092643051771117	0.45993485342019547
Shkoporov	CheckV	0.26362397820163486	0.5819548872180451
Shkoporov	CheckV	0.26362397820163486	0.5845921450151057
Shkoporov	CheckV	0.26021798365122617	0.5823170731707317
Shkoporov	CheckV	0.1307901907356948	0.553314121037464
Shkoporov	CheckV	0.13010899182561309	0.5552325581395349
Shkoporov	CheckV	0.13010899182561309	0.5584795321637427
Shkoporov	CheckV	0.13010899182561309	0.5601173020527859
Shkoporov	CheckV	0.07425068119891008	0.4977168949771689
Shkoporov	CheckV	0.07356948228882834	0.4976958525345622
Shkoporov	CheckV	0.07288828337874659	0.49537037037037035
Shkoporov	CheckV	0.07288828337874659	0.49767441860465117
Shkoporov	CheckV	0.03746594005449591	0.40145985401459855
Shkoporov	CheckV	0.03746594005449591	0.41044776119402987
Shkoporov	CheckV	0.03746594005449591	0.41353383458646614
Shkoporov	CheckV	0.03746594005449591	0.4198473282442748
Shkoporov	CheckV	0.027929155313351498	0.41
Shkoporov	CheckV	0.027929155313351498	0.41836734693877553
Shkoporov	CheckV	0.027929155313351498	0.422680412371134
Shkoporov	CheckV	0.01634877384196185	0.3287671232876712
Shkoporov	CheckV	0.01634877384196185	0.3333333333333333
Shkoporov	CheckV	0.012942779291553134	0.3220338983050847
Shkoporov	CheckV	0.012942779291553134	0.3275862068965517
Shkoporov	CheckV	0.008174386920980926	0.2727272727272727
Shkoporov	CheckV	0.008174386920980926	0.2857142857142857
Shkoporov	CheckV	0.004768392370572207	0.19444444444444445
Shkoporov	CheckV	0.004768392370572207	0.2
Shkoporov	CheckV	0.0034059945504087193	0.1724137931034483
Shkoporov	CheckV	0.0034059945504087193	0.21739130434782608
Shkoporov	CheckV	0.0034059945504087193	0.25
Shkoporov	CheckV	0.0027247956403269754	0.26666666666666666
Shkoporov	CheckV	0.0027247956403269754	0.2857142857142857
Shkoporov	CheckV	0.0020435967302452314	0.23076923076923078
Shkoporov	CheckV	0.0006811989100817438	0.1
Shkoporov	CheckV	0.0	0.0
Shkoporov	CheckV	0.0	0.0
Shkoporov	CheckV	0.0	0.0
Shkoporov	CheckV	0.0	0.0
Shkoporov	CheckV	0.0	0.0
Shkoporov	CheckV	0.0	0.0
Shkoporov	CheckV	0.0	0.0
Shkoporov	CheckV	0.0	1.0
Shkoporov	DeepVirFinder	1.0	0.029862876672362773
Shkoporov	DeepVirFinder	0.9993021632937893	0.02986631071808455
Shkoporov	DeepVirFinder	0.9993021632937893	0.02989124762560795
Shkoporov	DeepVirFinder	0.9993021632937893	0.029916226210123884
Shkoporov	DeepVirFinder	0.9993021632937893	0.029941246576201726
Shkoporov	DeepVirFinder	0.9993021632937893	0.02996630882876096
Shkoporov	DeepVirFinder	0.9993021632937893	0.029991413073072654
Shkoporov	DeepVirFinder	0.9986043265875785	0.02999559813025342
Shkoporov	DeepVirFinder	0.9986043265875785	0.03002076908553087
Shkoporov	DeepVirFinder	0.9986043265875785	0.030045351473922902
Shkoporov	DeepVirFinder	0.9979064898813678	0.0300495923342019
Shkoporov	DeepVirFinder	0.9979064898813678	0.030074871708589215
Shkoporov	DeepVirFinder	0.9979064898813678	0.03010019365159552
Shkoporov	DeepVirFinder	0.9979064898813678	0.030125558270835087
Shkoporov	DeepVirFinder	0.9979064898813678	0.030150965674285234
Shkoporov	DeepVirFinder	0.9958129797627355	0.030113108803916603
Shkoporov	DeepVirFinder	0.9958129797627355	0.030138548618737857
Shkoporov	DeepVirFinder	0.9958129797627355	0.030163393857405567
Shkoporov	DeepVirFinder	0.9958129797627355	0.030188918741670016
Shkoporov	DeepVirFinder	0.9958129797627355	0.030214486861885707
Shkoporov	DeepVirFinder	0.9958129797627355	0.03024009832800017
Shkoporov	DeepVirFinder	0.9958129797627355	0.030265753250334048
Shkoporov	DeepVirFinder	0.9958129797627355	0.03029145173958267
Shkoporov	DeepVirFinder	0.9958129797627355	0.03031719390681765
Shkoporov	DeepVirFinder	0.9958129797627355	0.030342979863488485
Shkoporov	DeepVirFinder	0.9958129797627355	0.03036816343902958
Shkoporov	DeepVirFinder	0.9958129797627355	0.030394036208732694
Shkoporov	DeepVirFinder	0.9958129797627355	0.030419953101684077
Shkoporov	DeepVirFinder	0.994417306350314	0.03040324301258801
Shkoporov	DeepVirFinder	0.994417306350314	0.030429212043561818
Shkoporov	DeepVirFinder	0.994417306350314	0.03045522547552896
Shkoporov	DeepVirFinder	0.994417306350314	0.03048128342245989
Shkoporov	DeepVirFinder	0.994417306350314	0.03050738599871548
Shkoporov	DeepVirFinder	0.994417306350314	0.030532879089798803
Shkoporov	DeepVirFinder	0.994417306350314	0.030559070146469088
Shkoporov	DeepVirFinder	0.994417306350314	0.03058530617501234
Shkoporov	DeepVirFinder	0.994417306350314	0.030611587291357864
Shkoporov	DeepVirFinder	0.994417306350314	0.03063791361183376
Shkoporov	DeepVirFinder	0.9937194696441033	0.030642766456499753
Shkoporov	DeepVirFinder	0.9937194696441033	0.030669164997523205
Shkoporov	DeepVirFinder	0.9937194696441033	0.03069560906210256
Shkoporov	DeepVirFinder	0.9937194696441033	0.030722098768095618
Shkoporov	DeepVirFinder	0.9937194696441033	0.030747970288478147
Shkoporov	DeepVirFinder	0.9937194696441033	0.030774550484094054
Shkoporov	DeepVirFinder	0.9930216329378926	0.030779546634365808
Shkoporov	DeepVirFinder	0.9930216329378926	0.030806200207828194
Shkoporov	DeepVirFinder	0.9930216329378926	0.030832899982665973
Shkoporov	DeepVirFinder	0.9930216329378926	0.03085964607911173
Shkoporov	DeepVirFinder	0.9930216329378926	0.030886438617815593
Shkoporov	DeepVirFinder	0.9930216329378926	0.030913277719847063
Shkoporov	DeepVirFinder	0.9930216329378926	0.030939490792077057
Shkoporov	DeepVirFinder	0.9923237962316818	0.030944660849128457
Shkoporov	DeepVirFinder	0.9909281228192603	0.03092805959096552
Shkoporov	DeepVirFinder	0.9909281228192603	0.03095502801212042
Shkoporov	DeepVirFinder	0.9902302861130495	0.03096022516527393
Shkoporov	DeepVirFinder	0.9902302861130495	0.030987268796540957
Shkoporov	DeepVirFinder	0.9902302861130495	0.031014359714117107
Shkoporov	DeepVirFinder	0.9902302861130495	0.031041498042132434
Shkoporov	DeepVirFinder	0.9902302861130495	0.03106800367824145
Shkoporov	DeepVirFinder	0.9902302861130495	0.03109523600823947
Shkoporov	DeepVirFinder	0.9902302861130495	0.031122516120542176
Shkoporov	DeepVirFinder	0.9895324494068388	0.031127892171927823
Shkoporov	DeepVirFinder	0.988834612700628	0.031133277672803973
Shkoporov	DeepVirFinder	0.988834612700628	0.031160663236134933
Shkoporov	DeepVirFinder	0.9881367759944173	0.031166087071356253
Shkoporov	DeepVirFinder	0.9881367759944173	0.031193549808344715
Shkoporov	DeepVirFinder	0.9881367759944173	0.031220372616029102
Shkoporov	DeepVirFinder	0.9881367759944173	0.03124793114862628
Shkoporov	DeepVirFinder	0.9881367759944173	0.031275538376587524
Shkoporov	DeepVirFinder	0.9874389392882066	0.031281087653365756
Shkoporov	DeepVirFinder	0.9874389392882066	0.031308773094368844
Shkoporov	DeepVirFinder	0.9867411025819958	0.03131436164322888
Shkoporov	DeepVirFinder	0.9846475924633635	0.03127562894824338
Shkoporov	DeepVirFinder	0.9839497557571528	0.031281198003327786
Shkoporov	DeepVirFinder	0.9839497557571528	0.03130828670397016
Shkoporov	DeepVirFinder	0.9839497557571528	0.031336118766112545
Shkoporov	DeepVirFinder	0.9839497557571528	0.03136400035590355
Shkoporov	DeepVirFinder	0.9832519190509421	0.031369667824383295
Shkoporov	DeepVirFinder	0.9832519190509421	0.03139762902219449
Shkoporov	DeepVirFinder	0.9832519190509421	0.03142564011062539
Shkoporov	DeepVirFinder	0.9832519190509421	0.03145370122332351
Shkoporov	DeepVirFinder	0.9832519190509421	0.03148181249441415
Shkoporov	DeepVirFinder	0.9832519190509421	0.031509974058502546
Shkoporov	DeepVirFinder	0.9825540823447313	0.03151509725362043
Shkoporov	DeepVirFinder	0.9825540823447313	0.03154333848600936
Shkoporov	DeepVirFinder	0.9818562456385206	0.03154920734578559
Shkoporov	DeepVirFinder	0.9811584089323099	0.0315550867428238
Shkoporov	DeepVirFinder	0.9811584089323099	0.03158344003414426
Shkoporov	DeepVirFinder	0.9804605722260991	0.03158936079321897
Shkoporov	DeepVirFinder	0.9804605722260991	0.03161779598082679
Shkoporov	DeepVirFinder	0.9804605722260991	0.031646282406468905
Shkoporov	DeepVirFinder	0.9804605722260991	0.031674106136435363
Shkoporov	DeepVirFinder	0.9804605722260991	0.03170269416489914
Shkoporov	DeepVirFinder	0.9804605722260991	0.03173133384525046
Shkoporov	DeepVirFinder	0.9804605722260991	0.031760025317600256
Shkoporov	DeepVirFinder	0.9790648988136776	0.03174351780623558
Shkoporov	DeepVirFinder	0.9790648988136776	0.031772272294940895
Shkoporov	DeepVirFinder	0.9790648988136776	0.03180107892470194
Shkoporov	DeepVirFinder	0.9783670621074668	0.03180725078270339
Shkoporov	DeepVirFinder	0.9783670621074668	0.031835418606235386
Shkoporov	DeepVirFinder	0.9783670621074668	0.03186436055364895
Shkoporov	DeepVirFinder	0.9783670621074668	0.031893355171864694
Shkoporov	DeepVirFinder	0.9783670621074668	0.03192240260479519
Shkoporov	DeepVirFinder	0.9783670621074668	0.031951502996877774
Shkoporov	DeepVirFinder	0.9769713886950454	0.03193503501448482
Shkoporov	DeepVirFinder	0.9769713886950454	0.0319642000958926
Shkoporov	DeepVirFinder	0.9769713886950454	0.03199341849676638
Shkoporov	DeepVirFinder	0.9769713886950454	0.03202195791399817
Shkoporov	DeepVirFinder	0.9769713886950454	0.03205128205128205
Shkoporov	DeepVirFinder	0.9762735519888346	0.032057745187901006
Shkoporov	DeepVirFinder	0.9755757152826239	0.03206422018348624
Shkoporov	DeepVirFinder	0.9755757152826239	0.03209366391184573
Shkoporov	DeepVirFinder	0.9755757152826239	0.03212316176470588
Shkoporov	DeepVirFinder	0.9748778785764132	0.03212971481140754
Shkoporov	DeepVirFinder	0.9748778785764132	0.03215930018416206
Shkoporov	DeepVirFinder	0.9741800418702024	0.032165157484850576
Shkoporov	DeepVirFinder	0.9741800418702024	0.03219482945504024
Shkoporov	DeepVirFinder	0.9741800418702024	0.03222455621984719
Shkoporov	DeepVirFinder	0.9734822051639916	0.03223123310459555
Shkoporov	DeepVirFinder	0.9734822051639916	0.03226104854189311
Shkoporov	DeepVirFinder	0.9734822051639916	0.03229091919168538
Shkoporov	DeepVirFinder	0.9727843684577809	0.03229767614281411
Shkoporov	DeepVirFinder	0.9727843684577809	0.03232763618654484
Shkoporov	DeepVirFinder	0.9727843684577809	0.03235765186509134
Shkoporov	DeepVirFinder	0.9727843684577809	0.032386970865666095
Shkoporov	DeepVirFinder	0.9727843684577809	0.03241709687921492
Shkoporov	DeepVirFinder	0.9727843684577809	0.032447278990735996
Shkoporov	DeepVirFinder	0.9727843684577809	0.032477517357066304
Shkoporov	DeepVirFinder	0.9720865317515701	0.03248449232778322
Shkoporov	DeepVirFinder	0.9720865317515701	0.03251482190373932
Shkoporov	DeepVirFinder	0.9720865317515701	0.03254520816784262
Shkoporov	DeepVirFinder	0.9720865317515701	0.0325756512791731
Shkoporov	DeepVirFinder	0.9720865317515701	0.03260538819839431
Shkoporov	DeepVirFinder	0.9713886950453594	0.032612515521401965
Shkoporov	DeepVirFinder	0.9706908583391486	0.03261965621555707
Shkoporov	DeepVirFinder	0.9706908583391486	0.03265028284393118
Shkoporov	DeepVirFinder	0.9706908583391486	0.03268096703709795
Shkoporov	DeepVirFinder	0.9706908583391486	0.03271170895750535
Shkoporov	DeepVirFinder	0.9706908583391486	0.03274250876821317
Shkoporov	DeepVirFinder	0.9699930216329379	0.03274980562165728
Shkoporov	DeepVirFinder	0.9699930216329379	0.03277992642203566
Shkoporov	DeepVirFinder	0.9699930216329379	0.0328108771598527
Shkoporov	DeepVirFinder	0.9699930216329379	0.03284188640015121
Shkoporov	DeepVirFinder	0.9699930216329379	0.03287295430895847
Shkoporov	DeepVirFinder	0.9699930216329379	0.03290408105293059
Shkoporov	DeepVirFinder	0.9692951849267272	0.03291157236280921
Shkoporov	DeepVirFinder	0.9692951849267272	0.032942794801252256
Shkoporov	DeepVirFinder	0.9692951849267272	0.032974076535941504
Shkoporov	DeepVirFinder	0.9692951849267272	0.03300463347986218
Shkoporov	DeepVirFinder	0.9685973482205164	0.033012248781067906
Shkoporov	DeepVirFinder	0.9678995115143056	0.03301987858588263
Shkoporov	DeepVirFinder	0.9678995115143056	0.03305135231740736
Shkoporov	DeepVirFinder	0.9678995115143056	0.03308288610614192
Shkoporov	DeepVirFinder	0.9678995115143056	0.033114480124149456
Shkoporov	DeepVirFinder	0.9678995115143056	0.03314613454415103
Shkoporov	DeepVirFinder	0.9678995115143056	0.033177849539528764
Shkoporov	DeepVirFinder	0.9672016748080949	0.0331856817909733
Shkoporov	DeepVirFinder	0.9672016748080949	0.033216699420025884
Shkoporov	DeepVirFinder	0.9672016748080949	0.0332485726622847
Shkoporov	DeepVirFinder	0.9672016748080949	0.03328050713153724
Shkoporov	DeepVirFinder	0.9672016748080949	0.03331250300437437
Shkoporov	DeepVirFinder	0.9672016748080949	0.03334456045806669
Shkoporov	DeepVirFinder	0.9672016748080949	0.03337667967056784
Shkoporov	DeepVirFinder	0.9672016748080949	0.03340886082051776
Shkoporov	DeepVirFinder	0.9665038381018841	0.033416976306519325
Shkoporov	DeepVirFinder	0.9665038381018841	0.03344845074504311
Shkoporov	DeepVirFinder	0.9665038381018841	0.033480793869509515
Shkoporov	DeepVirFinder	0.9651081646894627	0.03346480509110267
Shkoporov	DeepVirFinder	0.9651081646894627	0.03349722672996343
Shkoporov	DeepVirFinder	0.9651081646894627	0.0335297112517274
Shkoporov	DeepVirFinder	0.9651081646894627	0.03356225883951756
Shkoporov	DeepVirFinder	0.9651081646894627	0.033594869677168605
Shkoporov	DeepVirFinder	0.9644103279832519	0.03360322902229679
Shkoporov	DeepVirFinder	0.9630146545708305	0.03358644859813084
Shkoporov	DeepVirFinder	0.9623168178646196	0.03359481582537517
Shkoporov	DeepVirFinder	0.9623168178646196	0.033627584861490444
Shkoporov	DeepVirFinder	0.9623168178646196	0.03366041788713142
Shkoporov	DeepVirFinder	0.9623168178646196	0.033693315089913994
Shkoporov	DeepVirFinder	0.9623168178646196	0.03372627665818822
Shkoporov	DeepVirFinder	0.9623168178646196	0.03375930278104191
Shkoporov	DeepVirFinder	0.9623168178646196	0.033792393648304254
Shkoporov	DeepVirFinder	0.9623168178646196	0.033824719762564695
Shkoporov	DeepVirFinder	0.9623168178646196	0.0338579390606202
Shkoporov	DeepVirFinder	0.9623168178646196	0.03389122367224557
Shkoporov	DeepVirFinder	0.9609211444521982	0.03387537208787424
Shkoporov	DeepVirFinder	0.9609211444521982	0.033908739441995614
Shkoporov	DeepVirFinder	0.9602233077459874	0.03391752323202445
Shkoporov	DeepVirFinder	0.9595254710397767	0.033926324360334575
Shkoporov	DeepVirFinder	0.958827634333566	0.033935142878312625
Shkoporov	DeepVirFinder	0.958827634333566	0.03396786155747837
Shkoporov	DeepVirFinder	0.958827634333566	0.0340014847809948
Shkoporov	DeepVirFinder	0.958827634333566	0.03403517463462968
Shkoporov	DeepVirFinder	0.958827634333566	0.03406893131663774
Shkoporov	DeepVirFinder	0.958827634333566	0.034102755026061055
Shkoporov	DeepVirFinder	0.9574319609211445	0.03408695652173913
Shkoporov	DeepVirFinder	0.9574319609211445	0.03412086545635414
Shkoporov	DeepVirFinder	0.9574319609211445	0.03415484192183221
Shkoporov	DeepVirFinder	0.9574319609211445	0.034188886120109646
Shkoporov	DeepVirFinder	0.9567341242149338	0.03419720136689033
Shkoporov	DeepVirFinder	0.9567341242149338	0.03423135502234651
Shkoporov	DeepVirFinder	0.9567341242149338	0.034265576966334255
Shkoporov	DeepVirFinder	0.9567341242149338	0.034299867403867805
Shkoporov	DeepVirFinder	0.9567341242149338	0.03433422654078285
Shkoporov	DeepVirFinder	0.9567341242149338	0.03436865458374069
Shkoporov	DeepVirFinder	0.9567341242149338	0.03440315174023237
Shkoporov	DeepVirFinder	0.9567341242149338	0.034437718218582804
Shkoporov	DeepVirFinder	0.9560362875087229	0.03444634416172181
Shkoporov	DeepVirFinder	0.9560362875087229	0.03448102285311588
Shkoporov	DeepVirFinder	0.9553384508025122	0.034490577446336795
Shkoporov	DeepVirFinder	0.9546406140963015	0.03450015131645314
Shkoporov	DeepVirFinder	0.9546406140963015	0.034534989397152376
Shkoporov	DeepVirFinder	0.9546406140963015	0.03456989790761144
Shkoporov	DeepVirFinder	0.9546406140963015	0.034604877061620964
Shkoporov	DeepVirFinder	0.9546406140963015	0.03463992707383774
Shkoporov	DeepVirFinder	0.9546406140963015	0.0346741692646947
Shkoporov	DeepVirFinder	0.9546406140963015	0.034709359855885115
Shkoporov	DeepVirFinder	0.9546406140963015	0.03474462194905138
Shkoporov	DeepVirFinder	0.9546406140963015	0.034779955762336966
Shkoporov	DeepVirFinder	0.9539427773900907	0.03478991168910493
Shkoporov	DeepVirFinder	0.9539427773900907	0.034825363666471355
Shkoporov	DeepVirFinder	0.9539427773900907	0.034860887970826
Shkoporov	DeepVirFinder	0.9539427773900907	0.03489648482373063
Shkoporov	DeepVirFinder	0.9539427773900907	0.03493126181836766
Shkoporov	DeepVirFinder	0.9539427773900907	0.03496700260909603
Shkoporov	DeepVirFinder	0.9539427773900907	0.03500281661289496
Shkoporov	DeepVirFinder	0.95324494068388	0.03501307223048136
Shkoporov	DeepVirFinder	0.9525471039776692	0.03502334889926618
Shkoporov	DeepVirFinder	0.9518492672714585	0.03503364668413212
Shkoporov	DeepVirFinder	0.9518492672714585	0.035069676556795396
Shkoporov	DeepVirFinder	0.9511514305652478	0.035080043238791374
Shkoporov	DeepVirFinder	0.9504535938590369	0.03508952724462192
Shkoporov	DeepVirFinder	0.9497557571528262	0.03509993552546744
Shkoporov	DeepVirFinder	0.9497557571528262	0.03513618174777333
Shkoporov	DeepVirFinder	0.9497557571528262	0.03517250290735237
Shkoporov	DeepVirFinder	0.9497557571528262	0.0352088992368387
Shkoporov	DeepVirFinder	0.9497557571528262	0.03524628373128917
Shkoporov	DeepVirFinder	0.9497557571528262	0.035282832996318764
Shkoporov	DeepVirFinder	0.9497557571528262	0.03531945814086262
Shkoporov	DeepVirFinder	0.9490579204466155	0.035330181326960045
Shkoporov	DeepVirFinder	0.9490579204466155	0.035366012222077754
Shkoporov	DeepVirFinder	0.9490579204466155	0.03540283743329429
Shkoporov	DeepVirFinder	0.9490579204466155	0.03543973941368078
Shkoporov	DeepVirFinder	0.9490579204466155	0.03547671840354767
Shkoporov	DeepVirFinder	0.9490579204466155	0.03551377464420943
Shkoporov	DeepVirFinder	0.9490579204466155	0.035550908377989805
Shkoporov	DeepVirFinder	0.9490579204466155	0.035588119848227136
Shkoporov	DeepVirFinder	0.9483600837404047	0.035599214145383105
Shkoporov	DeepVirFinder	0.9483600837404047	0.03563561988672121
Shkoporov	DeepVirFinder	0.9483600837404047	0.03567303653926922
Shkoporov	DeepVirFinder	0.9483600837404047	0.035710531847803234
Shkoporov	DeepVirFinder	0.9483600837404047	0.035748106060606064
Shkoporov	DeepVirFinder	0.9469644103279833	0.03573309458605435
Shkoporov	DeepVirFinder	0.9469644103279833	0.03577077182623366
Shkoporov	DeepVirFinder	0.9462665736217725	0.03578214059531349
Shkoporov	DeepVirFinder	0.9462665736217725	0.03581994928148774
Shkoporov	DeepVirFinder	0.944870900209351	0.035804003490493695
Shkoporov	DeepVirFinder	0.9441730635031402	0.035815443259125924
Shkoporov	DeepVirFinder	0.9441730635031402	0.03585340647110263
Shkoporov	DeepVirFinder	0.9441730635031402	0.035891450248030345
Shkoporov	DeepVirFinder	0.9441730635031402	0.03593052899936265
Shkoporov	DeepVirFinder	0.9434752267969295	0.035942152275627394
Shkoporov	DeepVirFinder	0.9434752267969295	0.03598041302959336
Shkoporov	DeepVirFinder	0.9434752267969295	0.036018755328218244
Shkoporov	DeepVirFinder	0.9434752267969295	0.036056217830759796
Shkoporov	DeepVirFinder	0.9434752267969295	0.036094721947833516
Shkoporov	DeepVirFinder	0.942079553384508	0.036079856749605795
Shkoporov	DeepVirFinder	0.942079553384508	0.036118468576932336
Shkoporov	DeepVirFinder	0.942079553384508	0.036157163135763455
Shkoporov	DeepVirFinder	0.942079553384508	0.03619594069228088
Shkoporov	DeepVirFinder	0.9413817166782973	0.03620796092009555
Shkoporov	DeepVirFinder	0.9413817166782973	0.036246876427439075
Shkoporov	DeepVirFinder	0.9413817166782973	0.036285875675821075
Shkoporov	DeepVirFinder	0.9406838799720866	0.03629705423016856
Shkoporov	DeepVirFinder	0.9399860432658758	0.03630923499919133
Shkoporov	DeepVirFinder	0.9399860432658758	0.036348426790436615
Shkoporov	DeepVirFinder	0.939288206559665	0.036360689394348694
Shkoporov	DeepVirFinder	0.939288206559665	0.03640002163448537
Shkoporov	DeepVirFinder	0.939288206559665	0.03644042558951729
Shkoporov	DeepVirFinder	0.939288206559665	0.03647993061766539
Shkoporov	DeepVirFinder	0.939288206559665	0.03651952139349377
Shkoporov	DeepVirFinder	0.939288206559665	0.03655820522570482
Shkoporov	DeepVirFinder	0.9378925331472435	0.03654358583936049
Shkoporov	DeepVirFinder	0.9378925331472435	0.036583374162992
Shkoporov	DeepVirFinder	0.9371946964410328	0.03659599978200447
Shkoporov	DeepVirFinder	0.9364968597348221	0.03660865295433466
Shkoporov	DeepVirFinder	0.9364968597348221	0.03664864274400568
Shkoporov	DeepVirFinder	0.9364968597348221	0.036688719995625785
Shkoporov	DeepVirFinder	0.9364968597348221	0.03672888499644206
Shkoporov	DeepVirFinder	0.9364968597348221	0.03676813063371599
Shkoporov	DeepVirFinder	0.9364968597348221	0.03680846978798102
Shkoporov	DeepVirFinder	0.9357990230286113	0.03682143935857657
Shkoporov	DeepVirFinder	0.9357990230286113	0.03686192583633415
Shkoporov	DeepVirFinder	0.9357990230286113	0.03690250144472881
Shkoporov	DeepVirFinder	0.9344033496161898	0.03688806854183311
Shkoporov	DeepVirFinder	0.933705512909979	0.03690118315452715
Shkoporov	DeepVirFinder	0.933705512909979	0.03694193655263812
Shkoporov	DeepVirFinder	0.933705512909979	0.036981757877280266
Shkoporov	DeepVirFinder	0.933705512909979	0.037022689540675155
Shkoporov	DeepVirFinder	0.9330076762037683	0.03703601108033241
Shkoporov	DeepVirFinder	0.9323098394975575	0.037049362174154186
Shkoporov	DeepVirFinder	0.9323098394975575	0.03709050527484731
Shkoporov	DeepVirFinder	0.9323098394975575	0.037131739855475264
Shkoporov	DeepVirFinder	0.9316120027913468	0.03714524207011686
Shkoporov	DeepVirFinder	0.9302163293789253	0.03713091922005571
Shkoporov	DeepVirFinder	0.9302163293789253	0.03717130029837428
Shkoporov	DeepVirFinder	0.9302163293789253	0.037212808129309626
Shkoporov	DeepVirFinder	0.9302163293789253	0.03725440876442805
Shkoporov	DeepVirFinder	0.9302163293789253	0.03729610251531854
Shkoporov	DeepVirFinder	0.9295184926727146	0.03730987927509034
Shkoporov	DeepVirFinder	0.9288206559665039	0.03732368694091585
Shkoporov	DeepVirFinder	0.9288206559665039	0.037365598944442885
Shkoporov	DeepVirFinder	0.9288206559665039	0.03740760518254124
Shkoporov	DeepVirFinder	0.9288206559665039	0.03744970597338285
Shkoporov	DeepVirFinder	0.9288206559665039	0.03749084558616416
Shkoporov	DeepVirFinder	0.9288206559665039	0.03753313405899272
Shkoporov	DeepVirFinder	0.9288206559665039	0.03757551803963639
Shkoporov	DeepVirFinder	0.9274249825540823	0.03756147193488214
Shkoporov	DeepVirFinder	0.9274249825540823	0.03760398392847038
Shkoporov	DeepVirFinder	0.9274249825540823	0.0376465922610617
Shkoporov	DeepVirFinder	0.9274249825540823	0.037689297260507064
Shkoporov	DeepVirFinder	0.9274249825540823	0.03773209925614673
Shkoporov	DeepVirFinder	0.9267271458478716	0.037745502089077114
Shkoporov	DeepVirFinder	0.9260293091416608	0.037760009105654045
Shkoporov	DeepVirFinder	0.9260293091416608	0.03780303677748341
Shkoporov	DeepVirFinder	0.9260293091416608	0.03784616262156689
Shkoporov	DeepVirFinder	0.9253314724354501	0.037860834308882735
Shkoporov	DeepVirFinder	0.9253314724354501	0.0379041248606466
Shkoporov	DeepVirFinder	0.9253314724354501	0.0379475145236528
Shkoporov	DeepVirFinder	0.9253314724354501	0.0379910036386557
Shkoporov	DeepVirFinder	0.9253314724354501	0.038033501606241395
Shkoporov	DeepVirFinder	0.9253314724354501	0.03807718814610613
Shkoporov	DeepVirFinder	0.9246336357292394	0.03809222631094756
Shkoporov	DeepVirFinder	0.9246336357292394	0.038136081049965465
Shkoporov	DeepVirFinder	0.9239357990230286	0.03815122176118027
Shkoporov	DeepVirFinder	0.9232379623168179	0.038166397415185786
Shkoporov	DeepVirFinder	0.9232379623168179	0.038210489833641406
Shkoporov	DeepVirFinder	0.9225401256106072	0.038225769141799676
Shkoporov	DeepVirFinder	0.9211444521981856	0.03821102909248806
Shkoporov	DeepVirFinder	0.9211444521981856	0.038255325315171715
Shkoporov	DeepVirFinder	0.9211444521981856	0.03829972435804439
Shkoporov	DeepVirFinder	0.9204466154919749	0.03831517792302106
Shkoporov	DeepVirFinder	0.9204466154919749	0.03835974989094082
Shkoporov	DeepVirFinder	0.9197487787857641	0.03837530936089678
Shkoporov	DeepVirFinder	0.9197487787857641	0.03842005538551232
Shkoporov	DeepVirFinder	0.9197487787857641	0.03846490588063622
Shkoporov	DeepVirFinder	0.9190509420795534	0.03847951849471162
Shkoporov	DeepVirFinder	0.9190509420795534	0.03852454221026151
Shkoporov	DeepVirFinder	0.9190509420795534	0.038569671410999824
Shkoporov	DeepVirFinder	0.9190509420795534	0.038614906468070136
Shkoporov	DeepVirFinder	0.9190509420795534	0.03866024775435919
Shkoporov	DeepVirFinder	0.9190509420795534	0.03870569564450714
Shkoporov	DeepVirFinder	0.9190509420795534	0.03875125051491791
Shkoporov	DeepVirFinder	0.9183531053733427	0.038767454191951926
Shkoporov	DeepVirFinder	0.9183531053733427	0.03881318940600484
Shkoporov	DeepVirFinder	0.9183531053733427	0.038857885257034874
Shkoporov	DeepVirFinder	0.9183531053733427	0.038903834215271826
Shkoporov	DeepVirFinder	0.9176552686671319	0.03892029478793619
Shkoporov	DeepVirFinder	0.9176552686671319	0.03896642664533144
Shkoporov	DeepVirFinder	0.9176552686671319	0.03901266799181179
Shkoporov	DeepVirFinder	0.9176552686671319	0.03905901921763151
Shkoporov	DeepVirFinder	0.9176552686671319	0.03910548071490172
Shkoporov	DeepVirFinder	0.9176552686671319	0.03915205287760145
Shkoporov	DeepVirFinder	0.9176552686671319	0.03919756766424228
Shkoporov	DeepVirFinder	0.9169574319609212	0.03921451593649278
Shkoporov	DeepVirFinder	0.9162595952547103	0.03923150472092745
Shkoporov	DeepVirFinder	0.9162595952547103	0.0392784492042599
Shkoporov	DeepVirFinder	0.9162595952547103	0.0393255061698814
Shkoporov	DeepVirFinder	0.9155617585484996	0.03934268921674463
Shkoporov	DeepVirFinder	0.9148639218422889	0.039359913534286056
Shkoporov	DeepVirFinder	0.9148639218422889	0.039407238186846216
Shkoporov	DeepVirFinder	0.9148639218422889	0.03945348942189052
Shkoporov	DeepVirFinder	0.9148639218422889	0.0395010395010395
Shkoporov	DeepVirFinder	0.9148639218422889	0.039548704334972394
Shkoporov	DeepVirFinder	0.9141660851360781	0.03956628107161195
Shkoporov	DeepVirFinder	0.9134682484298674	0.039583900329613834
Shkoporov	DeepVirFinder	0.9127704117236567	0.03960156226346544
Shkoporov	DeepVirFinder	0.9120725750174459	0.039619267028403404
Shkoporov	DeepVirFinder	0.9120725750174459	0.03966736471516586
Shkoporov	DeepVirFinder	0.9120725750174459	0.03971437253114555
Shkoporov	DeepVirFinder	0.9120725750174459	0.039762701551566776
Shkoporov	DeepVirFinder	0.9120725750174459	0.03981114833993299
Shkoporov	DeepVirFinder	0.9120725750174459	0.03985971332723391
Shkoporov	DeepVirFinder	0.9120725750174459	0.03990839694656489
Shkoporov	DeepVirFinder	0.9120725750174459	0.03995719963313971
Shkoporov	DeepVirFinder	0.9120725750174459	0.040006121824303645
Shkoporov	DeepVirFinder	0.9120725750174459	0.040055163959546426
Shkoporov	DeepVirFinder	0.9113747383112352	0.04007241262925348
Shkoporov	DeepVirFinder	0.9113747383112352	0.040121655248686675
Shkoporov	DeepVirFinder	0.9113747383112352	0.040171019039709634
Shkoporov	DeepVirFinder	0.9106769016050245	0.04018970773921345
Shkoporov	DeepVirFinder	0.9106769016050245	0.04023927723474453
Shkoporov	DeepVirFinder	0.9106769016050245	0.04028896915809947
Shkoporov	DeepVirFinder	0.9106769016050245	0.04033878396340144
Shkoporov	DeepVirFinder	0.9099790648988136	0.04035777289467983
Shkoporov	DeepVirFinder	0.9099790648988136	0.04040779647361408
Shkoporov	DeepVirFinder	0.9099790648988136	0.04045794421519655
Shkoporov	DeepVirFinder	0.9092812281926029	0.040477151999005936
Shkoporov	DeepVirFinder	0.9092812281926029	0.04052751080837299
Shkoporov	DeepVirFinder	0.9092812281926029	0.04057799507956775
Shkoporov	DeepVirFinder	0.9092812281926029	0.040628605282030494
Shkoporov	DeepVirFinder	0.9085833914863922	0.04064812213168493
Shkoporov	DeepVirFinder	0.9071877180739707	0.040636428995655026
Shkoporov	DeepVirFinder	0.9071877180739707	0.04068730243184877
Shkoporov	DeepVirFinder	0.9071877180739707	0.04073702682376536
Shkoporov	DeepVirFinder	0.9071877180739707	0.04078815261044177
Shkoporov	DeepVirFinder	0.90648988136776	0.04080799195777834
Shkoporov	DeepVirFinder	0.90648988136776	0.04085933568193256
Shkoporov	DeepVirFinder	0.90648988136776	0.040910808767951626
Shkoporov	DeepVirFinder	0.90648988136776	0.04096241170534813
Shkoporov	DeepVirFinder	0.90648988136776	0.0410141449861076
Shkoporov	DeepVirFinder	0.90648988136776	0.0410660091047041
Shkoporov	DeepVirFinder	0.90648988136776	0.04111670306713513
Shkoporov	DeepVirFinder	0.90648988136776	0.04116882705289513
Shkoporov	DeepVirFinder	0.9057920446615492	0.041189350426807984
Shkoporov	DeepVirFinder	0.9057920446615492	0.04124169923426429
Shkoporov	DeepVirFinder	0.9050942079553385	0.041262367575478
Shkoporov	DeepVirFinder	0.9043963712491278	0.04128308858662759
Shkoporov	DeepVirFinder	0.9036985345429169	0.041303862469301185
Shkoporov	DeepVirFinder	0.9036985345429169	0.04135662504391147
Shkoporov	DeepVirFinder	0.9036985345429169	0.04140819850354927
Shkoporov	DeepVirFinder	0.9036985345429169	0.041461228148812194
Shkoporov	DeepVirFinder	0.9030006978367062	0.041482336346733345
Shkoporov	DeepVirFinder	0.9016050244242847	0.04147140014123387
Shkoporov	DeepVirFinder	0.9016050244242847	0.04152471556212638
Shkoporov	DeepVirFinder	0.9016050244242847	0.04157816824354766
Shkoporov	DeepVirFinder	0.9016050244242847	0.0416317587162467
Shkoporov	DeepVirFinder	0.9016050244242847	0.04168548751371233
Shkoporov	DeepVirFinder	0.9002093510118633	0.04167474316728048
Shkoporov	DeepVirFinder	0.9002093510118633	0.041727316836487144
Shkoporov	DeepVirFinder	0.8988136775994418	0.0417165991902834
Shkoporov	DeepVirFinder	0.8988136775994418	0.041770715096481274
Shkoporov	DeepVirFinder	0.8988136775994418	0.04182497158629648
Shkoporov	DeepVirFinder	0.8988136775994418	0.04187936920825882
Shkoporov	DeepVirFinder	0.8988136775994418	0.041933908513755495
Shkoporov	DeepVirFinder	0.8988136775994418	0.04198859005704971
Shkoporov	DeepVirFinder	0.8974180041870202	0.04197812959033785
Shkoporov	DeepVirFinder	0.8974180041870202	0.04203163812263041
Shkoporov	DeepVirFinder	0.8967201674808095	0.042053933760963474
Shkoporov	DeepVirFinder	0.8960223307745987	0.042076287848997244
Shkoporov	DeepVirFinder	0.8960223307745987	0.04213151332195826
Shkoporov	DeepVirFinder	0.8960223307745987	0.0421868839532133
Shkoporov	DeepVirFinder	0.8960223307745987	0.04224240031583103
Shkoporov	DeepVirFinder	0.895324494068388	0.04226512056924496
Shkoporov	DeepVirFinder	0.895324494068388	0.0423208866605093
Shkoporov	DeepVirFinder	0.895324494068388	0.04237540046900287
Shkoporov	DeepVirFinder	0.895324494068388	0.042431458147302974
Shkoporov	DeepVirFinder	0.8946266573621773	0.04245454846507931
Shkoporov	DeepVirFinder	0.8946266573621773	0.04251085983353782
Shkoporov	DeepVirFinder	0.8946266573621773	0.04256732078228243
Shkoporov	DeepVirFinder	0.8946266573621773	0.042623931908102534
Shkoporov	DeepVirFinder	0.8939288206559665	0.04264740153810301
Shkoporov	DeepVirFinder	0.8939288206559665	0.0427042704270427
Shkoporov	DeepVirFinder	0.8939288206559665	0.04275986380933307
Shkoporov	DeepVirFinder	0.892533147243545	0.042750183835817905
Shkoporov	DeepVirFinder	0.8911374738311235	0.04274047794363746
Shkoporov	DeepVirFinder	0.8911374738311235	0.04279777464977545
Shkoporov	DeepVirFinder	0.8904396371249128	0.04282166588361635
Shkoporov	DeepVirFinder	0.889741800418702	0.04284562134552053
Shkoporov	DeepVirFinder	0.8883461270062806	0.04283599165488929
Shkoporov	DeepVirFinder	0.8883461270062806	0.04289372599231754
Shkoporov	DeepVirFinder	0.8883461270062806	0.04295016700968319
Shkoporov	DeepVirFinder	0.8883461270062806	0.043008209736815434
Shkoporov	DeepVirFinder	0.886950453593859	0.042998748266179505
Shkoporov	DeepVirFinder	0.8862526168876483	0.04302313764016396
Shkoporov	DeepVirFinder	0.8855547801814375	0.04304759320194036
Shkoporov	DeepVirFinder	0.8855547801814375	0.04310608376643228
Shkoporov	DeepVirFinder	0.8848569434752268	0.043130718731929654
Shkoporov	DeepVirFinder	0.8848569434752268	0.043189481930583466
Shkoporov	DeepVirFinder	0.8841591067690161	0.0432142978955626
Shkoporov	DeepVirFinder	0.8841591067690161	0.04327185792349727
Shkoporov	DeepVirFinder	0.8834612700628053	0.043296853625171
Shkoporov	DeepVirFinder	0.8827634333565946	0.04332191780821918
Shkoporov	DeepVirFinder	0.8827634333565946	0.04338134430727023
Shkoporov	DeepVirFinder	0.8806699232379623	0.04333791208791209
Shkoporov	DeepVirFinder	0.8806699232379623	0.043397524071526826
Shkoporov	DeepVirFinder	0.8799720865317515	0.043422865013774105
Shkoporov	DeepVirFinder	0.8792742498255408	0.043448275862068966
Shkoporov	DeepVirFinder	0.8792742498255408	0.04350678498670626
Shkoporov	DeepVirFinder	0.8792742498255408	0.04356695826562014
Shkoporov	DeepVirFinder	0.8785764131193301	0.0435926733838856
Shkoporov	DeepVirFinder	0.8785764131193301	0.043653132693041156
Shkoporov	DeepVirFinder	0.8778785764131193	0.04367903892225965
Shkoporov	DeepVirFinder	0.8771807397069086	0.0437050172108063
Shkoporov	DeepVirFinder	0.8771807397069086	0.043765885588941886
Shkoporov	DeepVirFinder	0.8764829030006979	0.04379205745964227
Shkoporov	DeepVirFinder	0.875785066294487	0.043816772571747785
Shkoporov	DeepVirFinder	0.875785066294487	0.04387805048598
Shkoporov	DeepVirFinder	0.8750872295882763	0.043904488481198795
Shkoporov	DeepVirFinder	0.8750872295882763	0.04396606128602482
Shkoporov	DeepVirFinder	0.8743893928820656	0.04399269714205463
Shkoporov	DeepVirFinder	0.8743893928820656	0.04405456718936784
Shkoporov	DeepVirFinder	0.8743893928820656	0.04411661150623195
Shkoporov	DeepVirFinder	0.8743893928820656	0.04417883082998378
Shkoporov	DeepVirFinder	0.8743893928820656	0.04423966387741412
Shkoporov	DeepVirFinder	0.8743893928820656	0.04430223102216879
Shkoporov	DeepVirFinder	0.8736915561758548	0.04432956838862727
Shkoporov	DeepVirFinder	0.8736915561758548	0.044392440520512
Shkoporov	DeepVirFinder	0.8736915561758548	0.04445549124738132
Shkoporov	DeepVirFinder	0.8736915561758548	0.04451872133129467
Shkoporov	DeepVirFinder	0.8736915561758548	0.04458213153865328
Shkoporov	DeepVirFinder	0.8736915561758548	0.044645722640231075
Shkoporov	DeepVirFinder	0.8736915561758548	0.044707898871589775
Shkoporov	DeepVirFinder	0.8736915561758548	0.04477184952081247
Shkoporov	DeepVirFinder	0.8729937194696441	0.044800171895143966
Shkoporov	DeepVirFinder	0.8722958827634334	0.04482857552718405
Shkoporov	DeepVirFinder	0.8715980460572226	0.04485706076713116
Shkoporov	DeepVirFinder	0.8709002093510119	0.044885627967198964
Shkoporov	DeepVirFinder	0.8709002093510119	0.04495029534649186
Shkoporov	DeepVirFinder	0.8702023726448012	0.04497907949790795
Shkoporov	DeepVirFinder	0.8702023726448012	0.04504406877618841
Shkoporov	DeepVirFinder	0.8702023726448012	0.045107614396816785
Shkoporov	DeepVirFinder	0.8702023726448012	0.0451729759101612
Shkoporov	DeepVirFinder	0.8688066992323796	0.045165971340467986
Shkoporov	DeepVirFinder	0.8674110258199581	0.04515894641235241
Shkoporov	DeepVirFinder	0.8667131891137474	0.045188284518828455
Shkoporov	DeepVirFinder	0.8667131891137474	0.045254144652942245
Shkoporov	DeepVirFinder	0.8660153524075367	0.04528370735267287
Shkoporov	DeepVirFinder	0.8660153524075367	0.0453498995066691
Shkoporov	DeepVirFinder	0.8646196789951152	0.04534143306740833
Shkoporov	DeepVirFinder	0.8646196789951152	0.045407901487942534
Shkoporov	DeepVirFinder	0.8646196789951152	0.045474565073772295
Shkoporov	DeepVirFinder	0.8646196789951152	0.04554142468573109
Shkoporov	DeepVirFinder	0.8639218422889045	0.04557167047044099
Shkoporov	DeepVirFinder	0.8632240055826936	0.045602005456020056
Shkoporov	DeepVirFinder	0.8632240055826936	0.04566934947943587
Shkoporov	DeepVirFinder	0.8625261688764829	0.04569991865710271
Shkoporov	DeepVirFinder	0.8625261688764829	0.04576591254119303
Shkoporov	DeepVirFinder	0.8618283321702721	0.045796714502910965
Shkoporov	DeepVirFinder	0.8611304954640614	0.04582760797712333
Shkoporov	DeepVirFinder	0.8611304954640614	0.04589578606761632
Shkoporov	DeepVirFinder	0.8611304954640614	0.04596416731850859
Shkoporov	DeepVirFinder	0.8597348220516399	0.04595814526056627
Shkoporov	DeepVirFinder	0.8597348220516399	0.04602682407441999
Shkoporov	DeepVirFinder	0.8597348220516399	0.046095708459610134
Shkoporov	DeepVirFinder	0.8597348220516399	0.046163069544364506
Shkoporov	DeepVirFinder	0.8590369853454292	0.046194836385469826
Shkoporov	DeepVirFinder	0.8576413119330076	0.04618911605532171
Shkoporov	DeepVirFinder	0.8576413119330076	0.046258657031014755
Shkoporov	DeepVirFinder	0.8576413119330076	0.04632840772014475
Shkoporov	DeepVirFinder	0.8569434752267969	0.04636061612805799
Shkoporov	DeepVirFinder	0.8562456385205862	0.046392921960072595
Shkoporov	DeepVirFinder	0.8562456385205862	0.04646319297182672
Shkoporov	DeepVirFinder	0.854152128401954	0.04641990291262136
Shkoporov	DeepVirFinder	0.8534542916957432	0.04645068175775761
Shkoporov	DeepVirFinder	0.8534542916957432	0.046521358743200576
Shkoporov	DeepVirFinder	0.8534542916957432	0.04659225113337651
Shkoporov	DeepVirFinder	0.8534542916957432	0.04666335991453317
Shkoporov	DeepVirFinder	0.8527564549895325	0.04669647292598112
Shkoporov	DeepVirFinder	0.8527564549895325	0.04676974892835273
Shkoporov	DeepVirFinder	0.8527564549895325	0.04684145967494634
Shkoporov	DeepVirFinder	0.8527564549895325	0.046915191768725766
Shkoporov	DeepVirFinder	0.8527564549895325	0.04698554290987388
Shkoporov	DeepVirFinder	0.8527564549895325	0.04705791743684535
Shkoporov	DeepVirFinder	0.8527564549895325	0.04713051527306387
Shkoporov	DeepVirFinder	0.8527564549895325	0.04720333745364648
Shkoporov	DeepVirFinder	0.8520586182833217	0.04723769730733519
Shkoporov	DeepVirFinder	0.8506629448709002	0.0472334159950403
Shkoporov	DeepVirFinder	0.8499651081646895	0.04726792921452965
Shkoporov	DeepVirFinder	0.8499651081646895	0.04734141791044776
Shkoporov	DeepVirFinder	0.8492672714584787	0.047374362567635955
Shkoporov	DeepVirFinder	0.8492672714584787	0.04744824359624157
Shkoporov	DeepVirFinder	0.8492672714584787	0.04752235542192198
Shkoporov	DeepVirFinder	0.8492672714584787	0.04759669912785013
Shkoporov	DeepVirFinder	0.848569434752268	0.04763210466528262
Shkoporov	DeepVirFinder	0.848569434752268	0.04770685393699243
Shkoporov	DeepVirFinder	0.848569434752268	0.047781838186176276
Shkoporov	DeepVirFinder	0.848569434752268	0.047857058522570745
Shkoporov	DeepVirFinder	0.848569434752268	0.04793062672447773
Shkoporov	DeepVirFinder	0.8478715980460573	0.047966837741808134
Shkoporov	DeepVirFinder	0.8478715980460573	0.04804270462633452
Shkoporov	DeepVirFinder	0.8478715980460573	0.04811881188118812
Shkoporov	DeepVirFinder	0.8471737613398465	0.04815549385164617
Shkoporov	DeepVirFinder	0.8471737613398465	0.04823202224870878
Shkoporov	DeepVirFinder	0.8471737613398465	0.048308794269797055
Shkoporov	DeepVirFinder	0.8471737613398465	0.0483858110801116
Shkoporov	DeepVirFinder	0.8464759246336357	0.048421220709752105
Shkoporov	DeepVirFinder	0.845778087927425	0.048458678181600094
Shkoporov	DeepVirFinder	0.8450802512212142	0.04849625565656161
Shkoporov	DeepVirFinder	0.8450802512212142	0.048574064417793106
Shkoporov	DeepVirFinder	0.8443824145150035	0.04861194809368848
Shkoporov	DeepVirFinder	0.842986741102582	0.048609713894813084
Shkoporov	DeepVirFinder	0.842986741102582	0.04868808189915763
Shkoporov	DeepVirFinder	0.842986741102582	0.04876670299947519
Shkoporov	DeepVirFinder	0.842986741102582	0.048845578423840526
Shkoporov	DeepVirFinder	0.842986741102582	0.04892272800907176
Shkoporov	DeepVirFinder	0.842986741102582	0.04900210936232354
Shkoporov	DeepVirFinder	0.8415910676901605	0.049000487567040465
Shkoporov	DeepVirFinder	0.8415910676901605	0.049080253947582614
Shkoporov	DeepVirFinder	0.8415910676901605	0.049160280450024456
Shkoporov	DeepVirFinder	0.8415910676901605	0.0492405683488486
Shkoporov	DeepVirFinder	0.8415910676901605	0.04932111892687715
Shkoporov	DeepVirFinder	0.8415910676901605	0.04940193347534
Shkoporov	DeepVirFinder	0.8415910676901605	0.0494809830550199
Shkoporov	DeepVirFinder	0.8408932309839497	0.04952122631816874
Shkoporov	DeepVirFinder	0.840195394277739	0.04956160210760301
Shkoporov	DeepVirFinder	0.840195394277739	0.0496433430915763
Shkoporov	DeepVirFinder	0.840195394277739	0.04972535414859786
Shkoporov	DeepVirFinder	0.8394975575715282	0.04976626815041575
Shkoporov	DeepVirFinder	0.8394975575715282	0.04984875481705548
Shkoporov	DeepVirFinder	0.837404047452896	0.04980699788320259
Shkoporov	DeepVirFinder	0.837404047452896	0.049887752556747315
Shkoporov	DeepVirFinder	0.837404047452896	0.04997085033730324
Shkoporov	DeepVirFinder	0.8367062107466853	0.050012513556352715
Shkoporov	DeepVirFinder	0.8353105373342637	0.050012534469791925
Shkoporov	DeepVirFinder	0.8353105373342637	0.050096258474930946
Shkoporov	DeepVirFinder	0.834612700628053	0.05013834157793242
Shkoporov	DeepVirFinder	0.834612700628053	0.050222558159066094
Shkoporov	DeepVirFinder	0.834612700628053	0.05030705813073105
Shkoporov	DeepVirFinder	0.834612700628053	0.05038971982304614
Shkoporov	DeepVirFinder	0.8339148639218423	0.05043258071323064
Shkoporov	DeepVirFinder	0.8339148639218423	0.05051786091735363
Shkoporov	DeepVirFinder	0.8332170272156315	0.050561084056743595
Shkoporov	DeepVirFinder	0.8332170272156315	0.050646871686108166
Shkoporov	DeepVirFinder	0.8332170272156315	0.050732950924155515
Shkoporov	DeepVirFinder	0.8332170272156315	0.05081932326026814
Shkoporov	DeepVirFinder	0.8332170272156315	0.05090599019398849
Shkoporov	DeepVirFinder	0.8325191905094208	0.050948069695934406
Shkoporov	DeepVirFinder	0.8325191905094208	0.05103524982888433
Shkoporov	DeepVirFinder	0.8318213538032101	0.051079876585533084
Shkoporov	DeepVirFinder	0.8311235170969993	0.05112465659340659
Shkoporov	DeepVirFinder	0.8304256803907886	0.05116959064327485
Shkoporov	DeepVirFinder	0.8297278436845779	0.051214679531357686
Shkoporov	DeepVirFinder	0.829030006978367	0.05125992405937176
Shkoporov	DeepVirFinder	0.8276343335659456	0.05126210235131397
Shkoporov	DeepVirFinder	0.8262386601535241	0.051264288188430894
Shkoporov	DeepVirFinder	0.8262386601535241	0.05135099969640456
Shkoporov	DeepVirFinder	0.8262386601535241	0.051440239822739715
Shkoporov	DeepVirFinder	0.8262386601535241	0.05152979066022544
Shkoporov	DeepVirFinder	0.8262386601535241	0.05161965383441601
Shkoporov	DeepVirFinder	0.8248429867411026	0.05162248329475477
Shkoporov	DeepVirFinder	0.8248429867411026	0.05171282320514503
Shkoporov	DeepVirFinder	0.8248429867411026	0.05180347986150677
Shkoporov	DeepVirFinder	0.8241451500348919	0.0518505509944242
Shkoporov	DeepVirFinder	0.823447313328681	0.051895505321488254
Shkoporov	DeepVirFinder	0.8227494766224703	0.05194290245836638
Shkoporov	DeepVirFinder	0.8206559665038381	0.05190219789919675
Shkoporov	DeepVirFinder	0.8206559665038381	0.051993987089928376
Shkoporov	DeepVirFinder	0.8199581297976274	0.052041810612100274
Shkoporov	DeepVirFinder	0.8192602930914166	0.05208980388676901
Shkoporov	DeepVirFinder	0.8185624563852059	0.05213796781936172
Shkoporov	DeepVirFinder	0.8185624563852059	0.05223083088431739
Shkoporov	DeepVirFinder	0.8185624563852059	0.052321691422454165
Shkoporov	DeepVirFinder	0.8185624563852059	0.052415210688591986
Shkoporov	DeepVirFinder	0.8178646196789952	0.05246430010295895
Shkoporov	DeepVirFinder	0.8171667829727843	0.05251356563074577
Shkoporov	DeepVirFinder	0.8171667829727843	0.052607933869446066
Shkoporov	DeepVirFinder	0.8171667829727843	0.05270264188307305
Shkoporov	DeepVirFinder	0.8171667829727843	0.05279769150998692
Shkoporov	DeepVirFinder	0.8164689462665736	0.05284791544333529
Shkoporov	DeepVirFinder	0.8157711095603629	0.05289592760180995
Shkoporov	DeepVirFinder	0.8157711095603629	0.05299184043517679
Shkoporov	DeepVirFinder	0.8157711095603629	0.053088101725703905
Shkoporov	DeepVirFinder	0.8143754361479414	0.05309372156505914
Shkoporov	DeepVirFinder	0.8143754361479414	0.05319051959890611
Shkoporov	DeepVirFinder	0.8136775994417307	0.05324200913242009
Shkoporov	DeepVirFinder	0.8136775994417307	0.05333943275388838
Shkoporov	DeepVirFinder	0.8122819260293092	0.053345554537121906
Shkoporov	DeepVirFinder	0.8108862526168876	0.05334924934576007
Shkoporov	DeepVirFinder	0.8108862526168876	0.053447403523296994
Shkoporov	DeepVirFinder	0.8101884159106769	0.05349983871710981
Shkoporov	DeepVirFinder	0.8087927424982554	0.05350630164812335
Shkoporov	DeepVirFinder	0.8080949057920447	0.05355903982239489
Shkoporov	DeepVirFinder	0.8080949057920447	0.053658310550947594
Shkoporov	DeepVirFinder	0.8066992323796232	0.0536651037556288
Shkoporov	DeepVirFinder	0.8060013956734124	0.05372093023255814
Shkoporov	DeepVirFinder	0.8060013956734124	0.053821062441752096
Shkoporov	DeepVirFinder	0.8053035589672016	0.053872368236777
Shkoporov	DeepVirFinder	0.8053035589672016	0.0539731537346242
Shkoporov	DeepVirFinder	0.8053035589672016	0.05407431704231292
Shkoporov	DeepVirFinder	0.8046057222609909	0.054128914135486594
Shkoporov	DeepVirFinder	0.8046057222609909	0.05423075114058605
Shkoporov	DeepVirFinder	0.8046057222609909	0.05433297205598228
Shkoporov	DeepVirFinder	0.8039078855547802	0.0543883669326283
Shkoporov	DeepVirFinder	0.801814375436148	0.054349368525613735
Shkoporov	DeepVirFinder	0.801814375436148	0.05444981518339494
Shkoporov	DeepVirFinder	0.8004187020237264	0.054458266071598135
Shkoporov	DeepVirFinder	0.7997208653175157	0.05451431833317477
Shkoporov	DeepVirFinder	0.7997208653175157	0.05461824420932228
Shkoporov	DeepVirFinder	0.7990230286113049	0.0546748161589151
Shkoporov	DeepVirFinder	0.7990230286113049	0.05477944694287628
Shkoporov	DeepVirFinder	0.7990230286113049	0.05488447895695523
Shkoporov	DeepVirFinder	0.7990230286113049	0.054989914513495344
Shkoporov	DeepVirFinder	0.7990230286113049	0.05509310494153876
Shkoporov	DeepVirFinder	0.7990230286113049	0.05519934435713253
Shkoporov	DeepVirFinder	0.7990230286113049	0.05530599430034294
Shkoporov	DeepVirFinder	0.7976273551988835	0.055316265789091615
Shkoporov	DeepVirFinder	0.7976273551988835	0.055423556223633805
Shkoporov	DeepVirFinder	0.7969295184926727	0.05548267988145557
Shkoporov	DeepVirFinder	0.7955338450802513	0.05549335540086647
Shkoporov	DeepVirFinder	0.7948360083740404	0.05555284592498659
Shkoporov	DeepVirFinder	0.7941381716678297	0.05560985144644253
Shkoporov	DeepVirFinder	0.7927424982554082	0.055620838229533884
Shkoporov	DeepVirFinder	0.7927424982554082	0.05572998430141287
Shkoporov	DeepVirFinder	0.7927424982554082	0.05583955957530476
Shkoporov	DeepVirFinder	0.7913468248429868	0.05585106382978723
Shkoporov	DeepVirFinder	0.7913468248429868	0.055961310698776155
Shkoporov	DeepVirFinder	0.790648988136776	0.05602254746835443
Shkoporov	DeepVirFinder	0.7892533147243544	0.05603448275862069
Shkoporov	DeepVirFinder	0.7885554780181437	0.056096108022239875
Shkoporov	DeepVirFinder	0.7871598046057222	0.056105446406366576
Shkoporov	DeepVirFinder	0.7871598046057222	0.05621729379516571
Shkoporov	DeepVirFinder	0.7864619678995115	0.05627965043695381
Shkoporov	DeepVirFinder	0.78506629448709	0.05629221916437328
Shkoporov	DeepVirFinder	0.7843684577808793	0.0563549761845074
Shkoporov	DeepVirFinder	0.7843684577808793	0.056468224064305454
Shkoporov	DeepVirFinder	0.7843684577808793	0.056584776480064436
Shkoporov	DeepVirFinder	0.7843684577808793	0.05669895076674738
Shkoporov	DeepVirFinder	0.7836706210746686	0.05676017184735911
Shkoporov	DeepVirFinder	0.7829727843684577	0.05682451253481894
Shkoporov	DeepVirFinder	0.7829727843684577	0.056939862978939354
Shkoporov	DeepVirFinder	0.782274947662247	0.057004830917874394
Shkoporov	DeepVirFinder	0.782274947662247	0.057121019108280255
Shkoporov	DeepVirFinder	0.782274947662247	0.057237681899412814
Shkoporov	DeepVirFinder	0.782274947662247	0.05735482220516756
Shkoporov	DeepVirFinder	0.7815771109560363	0.057421174057933864
Shkoporov	DeepVirFinder	0.7815771109560363	0.05753621699373266
Shkoporov	DeepVirFinder	0.7815771109560363	0.05765468959126943
Shkoporov	DeepVirFinder	0.7808792742498255	0.05772206747137109
Shkoporov	DeepVirFinder	0.7801814375436148	0.057789723973948104
Shkoporov	DeepVirFinder	0.7801814375436148	0.057909458199523464
Shkoporov	DeepVirFinder	0.7801814375436148	0.058029689608636977
Shkoporov	DeepVirFinder	0.7801814375436148	0.05815042130448351
Shkoporov	DeepVirFinder	0.7787857641311933	0.058167413739184826
Shkoporov	DeepVirFinder	0.7780879274249826	0.058233665848435784
Shkoporov	DeepVirFinder	0.7752965806001396	0.05814622913068509
Shkoporov	DeepVirFinder	0.7752965806001396	0.05826821209419416
Shkoporov	DeepVirFinder	0.7752965806001396	0.05839070794134651
Shkoporov	DeepVirFinder	0.7739009071877181	0.05840838468425765
Shkoporov	DeepVirFinder	0.7725052337752966	0.058426136063756795
Shkoporov	DeepVirFinder	0.7725052337752966	0.05854974348125033
Shkoporov	DeepVirFinder	0.7718073970690859	0.058620872422748715
Shkoporov	DeepVirFinder	0.7718073970690859	0.05874229870405779
Shkoporov	DeepVirFinder	0.7704117236566643	0.05876091121992762
Shkoporov	DeepVirFinder	0.7697138869504536	0.058832942180499254
Shkoporov	DeepVirFinder	0.7690160502442428	0.05890528116313876
Shkoporov	DeepVirFinder	0.7683182135380321	0.05897793014784658
Shkoporov	DeepVirFinder	0.7683182135380321	0.059104573759931285
Shkoporov	DeepVirFinder	0.7676203768318214	0.059177964278028836
Shkoporov	DeepVirFinder	0.7669225401256106	0.05925167133922795
Shkoporov	DeepVirFinder	0.7655268667131891	0.05927166630646207
Shkoporov	DeepVirFinder	0.7655268667131891	0.0593968271157074
Shkoporov	DeepVirFinder	0.7655268667131891	0.059525747463237286
Shkoporov	DeepVirFinder	0.7655268667131891	0.05965522866931318
Shkoporov	DeepVirFinder	0.7648290300069783	0.05973077551910186
Shkoporov	DeepVirFinder	0.7648290300069783	0.05986127041345786
Shkoporov	DeepVirFinder	0.7648290300069783	0.059992336745306254
Shkoporov	DeepVirFinder	0.7634333565945569	0.060014262987547314
Shkoporov	DeepVirFinder	0.7634333565945569	0.06014954915328788
Shkoporov	DeepVirFinder	0.7620376831821354	0.06017191977077364
Shkoporov	DeepVirFinder	0.7620376831821354	0.060304837640821736
Shkoporov	DeepVirFinder	0.7620376831821354	0.06043834403365065
Shkoporov	DeepVirFinder	0.7620376831821354	0.06057244286665187
Shkoporov	DeepVirFinder	0.7620376831821354	0.06070713809206137
Shkoporov	DeepVirFinder	0.7620376831821354	0.060842433697347896
Shkoporov	DeepVirFinder	0.7613398464759247	0.06092249274067456
Shkoporov	DeepVirFinder	0.7606420097697139	0.061002910230579806
Shkoporov	DeepVirFinder	0.7606420097697139	0.061136350889001066
Shkoporov	DeepVirFinder	0.7606420097697139	0.061273820900556525
Shkoporov	DeepVirFinder	0.7606420097697139	0.06141191053017071
Shkoporov	DeepVirFinder	0.7606420097697139	0.06155062397650912
Shkoporov	DeepVirFinder	0.7599441730635031	0.06163336917765578
Shkoporov	DeepVirFinder	0.7599441730635031	0.061773214589596684
Shkoporov	DeepVirFinder	0.7599441730635031	0.06191369606003752
Shkoporov	DeepVirFinder	0.7599441730635031	0.06205481793834407
Shkoporov	DeepVirFinder	0.7585484996510816	0.062078812107367216
Shkoporov	DeepVirFinder	0.7585484996510816	0.06222095020034345
Shkoporov	DeepVirFinder	0.7585484996510816	0.06236374067699369
Shkoporov	DeepVirFinder	0.7571528262386602	0.06239217941345601
Shkoporov	DeepVirFinder	0.755059316120028	0.06236311239193083
Shkoporov	DeepVirFinder	0.7543614794138171	0.06244945118428654
Shkoporov	DeepVirFinder	0.7543614794138171	0.06259409380428489
Shkoporov	DeepVirFinder	0.7543614794138171	0.06273940800928612
Shkoporov	DeepVirFinder	0.7543614794138171	0.062881740445582
Shkoporov	DeepVirFinder	0.7543614794138171	0.06302839484578159
Shkoporov	DeepVirFinder	0.7536636427076064	0.06311729296943487
Shkoporov	DeepVirFinder	0.7536636427076064	0.06326518657372152
Shkoporov	DeepVirFinder	0.7536636427076064	0.06341377488109917
Shkoporov	DeepVirFinder	0.7522679692951849	0.0634453534224001
Shkoporov	DeepVirFinder	0.7515701325889742	0.06353607456787211
Shkoporov	DeepVirFinder	0.7508722958827634	0.06362722488321211
Shkoporov	DeepVirFinder	0.749476622470342	0.06365953411178946
Shkoporov	DeepVirFinder	0.7487787857641311	0.06374762357414449
Shkoporov	DeepVirFinder	0.7480809490579204	0.06383992377322535
Shkoporov	DeepVirFinder	0.7480809490579204	0.06399235912129896
Shkoporov	DeepVirFinder	0.7473831123517097	0.06408568693154619
Shkoporov	DeepVirFinder	0.7466852756454989	0.06417946257197697
Shkoporov	DeepVirFinder	0.7466852756454989	0.06433381433381434
Shkoporov	DeepVirFinder	0.7452896022330775	0.06436837029893924
Shkoporov	DeepVirFinder	0.7445917655268667	0.06446350894151764
Shkoporov	DeepVirFinder	0.7431960921144453	0.06449464058620481
Shkoporov	DeepVirFinder	0.7431960921144453	0.06465124749590238
Shkoporov	DeepVirFinder	0.7431960921144453	0.06480861680764316
Shkoporov	DeepVirFinder	0.7431960921144453	0.06496675410236076
Shkoporov	DeepVirFinder	0.7424982554082344	0.06506451415642389
Shkoporov	DeepVirFinder	0.7418004187020237	0.06516275363207258
Shkoporov	DeepVirFinder	0.7418004187020237	0.0653229275487003
Shkoporov	DeepVirFinder	0.741102581995813	0.06542228793199038
Shkoporov	DeepVirFinder	0.7404047452896022	0.06551809312090898
Shkoporov	DeepVirFinder	0.7404047452896022	0.06568032685402996
Shkoporov	DeepVirFinder	0.7390090718771808	0.0657192503413181
Shkoporov	DeepVirFinder	0.7390090718771808	0.06588279208659947
Shkoporov	DeepVirFinder	0.7390090718771808	0.06604714980666085
Shkoporov	DeepVirFinder	0.73831123517097	0.0661498061773165
Shkoporov	DeepVirFinder	0.7369155617585486	0.0661902971041745
Shkoporov	DeepVirFinder	0.7362177250523377	0.06629382933266306
Shkoporov	DeepVirFinder	0.735519888346127	0.06639370078740157
Shkoporov	DeepVirFinder	0.735519888346127	0.06656141458793811
Shkoporov	DeepVirFinder	0.7348220516399162	0.06666666666666667
Shkoporov	DeepVirFinder	0.7348220516399162	0.06683592510314186
Shkoporov	DeepVirFinder	0.7348220516399162	0.06700604517976455
Shkoporov	DeepVirFinder	0.7341242149337055	0.06711323763955343
Shkoporov	DeepVirFinder	0.7341242149337055	0.06728493763991046
Shkoporov	DeepVirFinder	0.7341242149337055	0.06745751843539596
Shkoporov	DeepVirFinder	0.7341242149337055	0.06763098682095789
Shkoporov	DeepVirFinder	0.7334263782274948	0.06773653003351379
Shkoporov	DeepVirFinder	0.7334263782274948	0.0679116050659085
Shkoporov	DeepVirFinder	0.732728541521284	0.06802280383519047
Shkoporov	DeepVirFinder	0.7320307048150733	0.06813458041049623
Shkoporov	DeepVirFinder	0.7320307048150733	0.06831206043240427
Shkoporov	DeepVirFinder	0.7320307048150733	0.06849046748498303
Shkoporov	DeepVirFinder	0.7320307048150733	0.06866980885048442
Shkoporov	DeepVirFinder	0.7306350314026517	0.06871882383827776
Shkoporov	DeepVirFinder	0.7306350314026517	0.06889517667960782
Shkoporov	DeepVirFinder	0.729937194696441	0.06901101801147984
Shkoporov	DeepVirFinder	0.729937194696441	0.06919362307336112
Shkoporov	DeepVirFinder	0.7285415212840195	0.06924454467069045
Shkoporov	DeepVirFinder	0.7285415212840195	0.0694287424353262
Shkoporov	DeepVirFinder	0.7285415212840195	0.06961392278455691
Shkoporov	DeepVirFinder	0.7285415212840195	0.06980009360165809
Shkoporov	DeepVirFinder	0.7278436845778088	0.06992022524636321
Shkoporov	DeepVirFinder	0.7250523377529658	0.0698346551955908
Shkoporov	DeepVirFinder	0.724354501046755	0.06995551961180752
Shkoporov	DeepVirFinder	0.7236566643405443	0.07007703743749155
Shkoporov	DeepVirFinder	0.7229588276343336	0.0701992139856349
Shkoporov	DeepVirFinder	0.7229588276343336	0.07038999864111972
Shkoporov	DeepVirFinder	0.7229588276343336	0.07058182313666712
Shkoporov	DeepVirFinder	0.7222609909281228	0.07070638065309469
Shkoporov	DeepVirFinder	0.7222609909281228	0.07090012330456227
Shkoporov	DeepVirFinder	0.7222609909281228	0.07109004739336493
Shkoporov	DeepVirFinder	0.7222609909281228	0.07128590123286728
Shkoporov	DeepVirFinder	0.7215631542219121	0.07141377166931417
Shkoporov	DeepVirFinder	0.7201674808094906	0.07147309370455018
Shkoporov	DeepVirFinder	0.7194696441032798	0.0716071676621753
Shkoporov	DeepVirFinder	0.7187718073970691	0.07173701072572782
Shkoporov	DeepVirFinder	0.7180739706908583	0.07186757927084789
Shkoporov	DeepVirFinder	0.7166782972784368	0.0719288415744502
Shkoporov	DeepVirFinder	0.7159804605722261	0.07205562188355924
Shkoporov	DeepVirFinder	0.7159804605722261	0.07225860976125079
Shkoporov	DeepVirFinder	0.7159804605722261	0.07246274454410623
Shkoporov	DeepVirFinder	0.7159804605722261	0.07266803597988526
Shkoporov	DeepVirFinder	0.7159804605722261	0.0728744939271255
Shkoporov	DeepVirFinder	0.7159804605722261	0.07308212835672057
Shkoporov	DeepVirFinder	0.7159804605722261	0.07329094935352524
Shkoporov	DeepVirFinder	0.7159804605722261	0.0735062329846683
Shkoporov	DeepVirFinder	0.7159804605722261	0.0737174881448484
Shkoporov	DeepVirFinder	0.7159804605722261	0.07392463433964983
Shkoporov	DeepVirFinder	0.7152826238660154	0.07406604523448226
Shkoporov	DeepVirFinder	0.7152826238660154	0.0742807449815204
Shkoporov	DeepVirFinder	0.7152826238660154	0.07449669307362454
Shkoporov	DeepVirFinder	0.7145847871598046	0.07464100881988484
Shkoporov	DeepVirFinder	0.7138869504535938	0.07478616857957453
Shkoporov	DeepVirFinder	0.7138869504535938	0.07500549893687221
Shkoporov	DeepVirFinder	0.7131891137473831	0.07515258474887859
Shkoporov	DeepVirFinder	0.7131891137473831	0.07536873156342183
Shkoporov	DeepVirFinder	0.7131891137473831	0.07559171597633137
Shkoporov	DeepVirFinder	0.7131891137473831	0.0758160237388724
Shkoporov	DeepVirFinder	0.7131891137473831	0.07604166666666666
Shkoporov	DeepVirFinder	0.7124912770411723	0.07619402985074628
Shkoporov	DeepVirFinder	0.7124912770411723	0.07642215568862275
Shkoporov	DeepVirFinder	0.7110956036287509	0.0765015015015015
Shkoporov	DeepVirFinder	0.7096999302163294	0.07658132530120482
Shkoporov	DeepVirFinder	0.7096999302163294	0.07680688769730383
Shkoporov	DeepVirFinder	0.7076064200976971	0.07681236269979547
Shkoporov	DeepVirFinder	0.7069085833914864	0.07696983511891194
Shkoporov	DeepVirFinder	0.7062107466852756	0.07712826766252572
Shkoporov	DeepVirFinder	0.7041172365666434	0.07713477562877456
Shkoporov	DeepVirFinder	0.7041172365666434	0.0773713672264397
Shkoporov	DeepVirFinder	0.7034193998604327	0.0775324975001923
Shkoporov	DeepVirFinder	0.702721563154222	0.07769462232852403
Shkoporov	DeepVirFinder	0.7020237264480111	0.07785172573904968
Shkoporov	DeepVirFinder	0.7013258897418004	0.07801583605030275
Shkoporov	DeepVirFinder	0.7013258897418004	0.07825883818719825
Shkoporov	DeepVirFinder	0.7006280530355897	0.07842524605530386
Shkoporov	DeepVirFinder	0.6999302163293789	0.07859269706942486
Shkoporov	DeepVirFinder	0.6999302163293789	0.07883980506209716
Shkoporov	DeepVirFinder	0.6992323796231682	0.07900961993376439
Shkoporov	DeepVirFinder	0.6985345429169574	0.07918050941306755
Shkoporov	DeepVirFinder	0.6964410327983251	0.07918749504086328
Shkoporov	DeepVirFinder	0.6943475226796929	0.07920082782774815
Shkoporov	DeepVirFinder	0.6943475226796929	0.07945380499880221
Shkoporov	DeepVirFinder	0.6929518492672715	0.07954818553232396
Shkoporov	DeepVirFinder	0.69155617585485	0.07964317286827935
Shkoporov	DeepVirFinder	0.688764829030007	0.07957752156736274
Shkoporov	DeepVirFinder	0.688764829030007	0.0798349915069158
Shkoporov	DeepVirFinder	0.6873691556175855	0.07993183478049176
Shkoporov	DeepVirFinder	0.6873691556175855	0.08019213547179029
Shkoporov	DeepVirFinder	0.6866713189113748	0.08036589349885659
Shkoporov	DeepVirFinder	0.6852756454989533	0.08046542117338577
Shkoporov	DeepVirFinder	0.6838799720865317	0.08056560341992766
Shkoporov	DeepVirFinder	0.6824842986741103	0.08066644671725504
Shkoporov	DeepVirFinder	0.6817864619678995	0.08085071168487255
Shkoporov	DeepVirFinder	0.6810886252616888	0.08103620059780804
Shkoporov	DeepVirFinder	0.6782972784368457	0.080973008997001
Shkoporov	DeepVirFinder	0.6769016050244243	0.08107656302240053
Shkoporov	DeepVirFinder	0.6762037683182135	0.08125786163522013
Shkoporov	DeepVirFinder	0.6755059316120028	0.08144720235591081
Shkoporov	DeepVirFinder	0.6748080949057921	0.08163782186576615
Shkoporov	DeepVirFinder	0.6748080949057921	0.0819144430326133
Shkoporov	DeepVirFinder	0.6741102581995813	0.08210794730131747
Shkoporov	DeepVirFinder	0.6734124214933705	0.08230277185501066
Shkoporov	DeepVirFinder	0.6734124214933705	0.08258451005562688
Shkoporov	DeepVirFinder	0.672016748080949	0.08269643623872906
Shkoporov	DeepVirFinder	0.6713189113747383	0.08288816129588145
Shkoporov	DeepVirFinder	0.6699232379623168	0.08300190212692374
Shkoporov	DeepVirFinder	0.6692254012561061	0.0832031927815374
Shkoporov	DeepVirFinder	0.6685275645498954	0.08340588542573568
Shkoporov	DeepVirFinder	0.6685275645498954	0.08369736152367639
Shkoporov	DeepVirFinder	0.6678297278436846	0.08390320883745397
Shkoporov	DeepVirFinder	0.6664340544312631	0.08402252331515045
Shkoporov	DeepVirFinder	0.6664340544312631	0.08431926540702808
Shkoporov	DeepVirFinder	0.6650383810188416	0.08443341897758483
Shkoporov	DeepVirFinder	0.6650383810188416	0.08473370676624878
Shkoporov	DeepVirFinder	0.6643405443126309	0.08494690818238601
Shkoporov	DeepVirFinder	0.6629448709002094	0.08507208740037611
Shkoporov	DeepVirFinder	0.6608513607815771	0.08510829513795273
Shkoporov	DeepVirFinder	0.6601535240753663	0.08532515558762514
Shkoporov	DeepVirFinder	0.6587578506629449	0.08545306418032045
Shkoporov	DeepVirFinder	0.6580600139567341	0.08567275370218952
Shkoporov	DeepVirFinder	0.6573621772505234	0.08588621444201312
Shkoporov	DeepVirFinder	0.6573621772505234	0.08620058565153733
Shkoporov	DeepVirFinder	0.6559665038381018	0.08633357825128582
Shkoporov	DeepVirFinder	0.6545708304256804	0.08646755162241888
Shkoporov	DeepVirFinder	0.6531751570132589	0.08660251665433012
Shkoporov	DeepVirFinder	0.6517794836008374	0.08673848439821694
Shkoporov	DeepVirFinder	0.650383810188416	0.08687546607009694
Shkoporov	DeepVirFinder	0.650383810188416	0.08720059880239521
Shkoporov	DeepVirFinder	0.6489881367759944	0.08734034560480841
Shkoporov	DeepVirFinder	0.6468946266573622	0.0873868778280543
Shkoporov	DeepVirFinder	0.6461967899511515	0.0876230128690386
Shkoporov	DeepVirFinder	0.64480111653873	0.08776595744680851
Shkoporov	DeepVirFinder	0.64480111653873	0.08810068649885583
Shkoporov	DeepVirFinder	0.6427076064200977	0.08815084226646248
Shkoporov	DeepVirFinder	0.6406140963014655	0.08820138355111452
Shkoporov	DeepVirFinder	0.6385205861828332	0.08825231481481481
Shkoporov	DeepVirFinder	0.6371249127704117	0.08840046475600309
Shkoporov	DeepVirFinder	0.636427076064201	0.0886383516376713
Shkoporov	DeepVirFinder	0.6357292393579902	0.08888672065567373
Shkoporov	DeepVirFinder	0.6350314026517795	0.08913703594867274
Shkoporov	DeepVirFinder	0.6343335659455688	0.08938932048382338
Shkoporov	DeepVirFinder	0.6343335659455688	0.0897423240201402
Shkoporov	DeepVirFinder	0.633635729239358	0.08999900882148874
Shkoporov	DeepVirFinder	0.6322400558269365	0.09015822469897503
Shkoporov	DeepVirFinder	0.6315422191207257	0.09041862323908482
Shkoporov	DeepVirFinder	0.630844382414515	0.09067201604814443
Shkoporov	DeepVirFinder	0.6301465457083043	0.09093655589123867
Shkoporov	DeepVirFinder	0.6287508722958828	0.09110212335692619
Shkoporov	DeepVirFinder	0.6273551988834613	0.09126903553299492
Shkoporov	DeepVirFinder	0.6273551988834613	0.09164118246687054
Shkoporov	DeepVirFinder	0.6259595254710397	0.09181166837256909
Shkoporov	DeepVirFinder	0.625261688764829	0.0920863309352518
Shkoporov	DeepVirFinder	0.6245638520586183	0.09236326109391124
Shkoporov	DeepVirFinder	0.6245638520586183	0.09274611398963731
Shkoporov	DeepVirFinder	0.6238660153524075	0.09302809573361082
Shkoporov	DeepVirFinder	0.6224703419399861	0.09320794148380356
Shkoporov	DeepVirFinder	0.6203768318213538	0.09328436516264428
Shkoporov	DeepVirFinder	0.6203768318213538	0.09367755532139094
Shkoporov	DeepVirFinder	0.6182833217027216	0.09375661375661376
Shkoporov	DeepVirFinder	0.6175854849965108	0.09404888416578108
Shkoporov	DeepVirFinder	0.6175854849965108	0.09445037353255069
Shkoporov	DeepVirFinder	0.6168876482903001	0.0947481243301179
Shkoporov	DeepVirFinder	0.6147941381716678	0.09482294693789689
Shkoporov	DeepVirFinder	0.6147941381716678	0.09523294778942817
Shkoporov	DeepVirFinder	0.6147941381716678	0.0956465096080773
Shkoporov	DeepVirFinder	0.6133984647592463	0.09584560026169447
Shkoporov	DeepVirFinder	0.6133984647592463	0.09626546928047311
Shkoporov	DeepVirFinder	0.6120027913468249	0.0964690353096469
Shkoporov	DeepVirFinder	0.6099092812281927	0.09656391558943764
Shkoporov	DeepVirFinder	0.6092114445219818	0.09688158916879369
Shkoporov	DeepVirFinder	0.6085136078157711	0.09719126170307624
Shkoporov	DeepVirFinder	0.6064200976971389	0.09729064039408868
Shkoporov	DeepVirFinder	0.6050244242847174	0.09751434034416825
Shkoporov	DeepVirFinder	0.6043265875785067	0.09784205174556547
Shkoporov	DeepVirFinder	0.6029309141660851	0.09805924412665985
Shkoporov	DeepVirFinder	0.6022330774598744	0.09839242959753734
Shkoporov	DeepVirFinder	0.6001395673412422	0.09849959912953843
Shkoporov	DeepVirFinder	0.5987438939288207	0.09872281670693821
Shkoporov	DeepVirFinder	0.59804605722261	0.09905224225612576
Shkoporov	DeepVirFinder	0.5973482205163991	0.09939619136089178
Shkoporov	DeepVirFinder	0.5966503838101884	0.09974335044330378
Shkoporov	DeepVirFinder	0.5959525471039777	0.10009376465072668
Shkoporov	DeepVirFinder	0.5959525471039777	0.10056523787093735
Shkoporov	DeepVirFinder	0.5959525471039777	0.10104117368670137
Shkoporov	DeepVirFinder	0.5945568736915562	0.10128388017118402
Shkoporov	DeepVirFinder	0.5938590369853455	0.10164835164835165
Shkoporov	DeepVirFinder	0.5931612002791347	0.10200408016320653
Shkoporov	DeepVirFinder	0.5931612002791347	0.10249608103219583
Shkoporov	DeepVirFinder	0.5910676901605024	0.10262934690415607
Shkoporov	DeepVirFinder	0.5910676901605024	0.10312918543772069
Shkoporov	DeepVirFinder	0.5910676901605024	0.10363391655450875
Shkoporov	DeepVirFinder	0.5889741800418702	0.1037747448665929
Shkoporov	DeepVirFinder	0.5875785066294487	0.1040405288520944
Shkoporov	DeepVirFinder	0.5861828332170272	0.10430895318514839
Shkoporov	DeepVirFinder	0.5854849965108164	0.10469178936860495
Shkoporov	DeepVirFinder	0.5847871598046057	0.10509154752947078
Shkoporov	DeepVirFinder	0.584089323098395	0.10549533652634233
Shkoporov	DeepVirFinder	0.5826936496859735	0.10577653914365341
Shkoporov	DeepVirFinder	0.581297976273552	0.10606060606060606
Shkoporov	DeepVirFinder	0.5806001395673412	0.10647555669311493
Shkoporov	DeepVirFinder	0.578506629448709	0.1066375096475431
Shkoporov	DeepVirFinder	0.578506629448709	0.10718903542798035
Shkoporov	DeepVirFinder	0.5778087927424983	0.1076163244086301
Shkoporov	DeepVirFinder	0.5771109560362875	0.10803396472893534
Shkoporov	DeepVirFinder	0.5757152826238661	0.10833880499015101
Shkoporov	DeepVirFinder	0.5750174459176552	0.10877887788778878
Shkoporov	DeepVirFinder	0.5743196092114445	0.10922362309223622
Shkoporov	DeepVirFinder	0.5722260990928123	0.1094062708472315
Shkoporov	DeepVirFinder	0.5715282623866015	0.10985915492957747
Shkoporov	DeepVirFinder	0.5680390788555478	0.10977747808496291
Shkoporov	DeepVirFinder	0.567341242149337	0.11023728813559322
Shkoporov	DeepVirFinder	0.5645498953244941	0.11027808069792802
Shkoporov	DeepVirFinder	0.5631542219120725	0.11060855263157894
Shkoporov	DeepVirFinder	0.5624563852058618	0.11108048511576626
Shkoporov	DeepVirFinder	0.5624563852058618	0.11169623059866962
Shkoporov	DeepVirFinder	0.5624563852058618	0.11231884057971014
Shkoporov	DeepVirFinder	0.5596650383810189	0.11238789237668162
Shkoporov	DeepVirFinder	0.5596650383810189	0.11302142051860203
Shkoporov	DeepVirFinder	0.5589672016748081	0.11352040816326531
Shkoporov	DeepVirFinder	0.5589672016748081	0.11415134672937152
Shkoporov	DeepVirFinder	0.5589672016748081	0.11480579045435
Shkoporov	DeepVirFinder	0.5568736915561758	0.11503531786074672
Shkoporov	DeepVirFinder	0.5568736915561758	0.11570247933884298
Shkoporov	DeepVirFinder	0.5568736915561758	0.1163774245296777
Shkoporov	DeepVirFinder	0.5561758548499651	0.11691359835704855
Shkoporov	DeepVirFinder	0.5526866713189114	0.11686586985391766
Shkoporov	DeepVirFinder	0.5491974877878576	0.1168175745880956
Shkoporov	DeepVirFinder	0.5464061409630147	0.11690056733353239
Shkoporov	DeepVirFinder	0.5443126308443824	0.1171522979873836
Shkoporov	DeepVirFinder	0.5422191207257502	0.11740707162284678
Shkoporov	DeepVirFinder	0.5408234473133287	0.11781696564305259
Shkoporov	DeepVirFinder	0.5394277739009072	0.11823187519118997
Shkoporov	DeepVirFinder	0.5387299371946964	0.1188057863958141
Shkoporov	DeepVirFinder	0.5387299371946964	0.11954165376277485
Shkoporov	DeepVirFinder	0.5387299371946964	0.12028669367404175
Shkoporov	DeepVirFinder	0.5366364270760642	0.12055181062862518
Shkoporov	DeepVirFinder	0.5359385903698535	0.12115475627070516
Shkoporov	DeepVirFinder	0.5359385903698535	0.12192411493887918
Shkoporov	DeepVirFinder	0.5352407536636427	0.12254353730627895
Shkoporov	DeepVirFinder	0.534542916957432	0.12317092780189741
Shkoporov	DeepVirFinder	0.5338450802512212	0.12380644117171064
Shkoporov	DeepVirFinder	0.5331472435450104	0.12445023619482
Shkoporov	DeepVirFinder	0.5331472435450104	0.12526643712083949
Shkoporov	DeepVirFinder	0.531751570132589	0.12576332728172965
Shkoporov	DeepVirFinder	0.5303558967201675	0.12624584717607973
Shkoporov	DeepVirFinder	0.5296580600139568	0.12692307692307692
Shkoporov	DeepVirFinder	0.5282623866015352	0.12744107744107744
Shkoporov	DeepVirFinder	0.5275645498953245	0.128135593220339
Shkoporov	DeepVirFinder	0.5275645498953245	0.12901023890784982
Shkoporov	DeepVirFinder	0.5247732030704815	0.12920962199312716
Shkoporov	DeepVirFinder	0.5247732030704815	0.1301038062283737
Shkoporov	DeepVirFinder	0.5226796929518492	0.13048780487804879
Shkoporov	DeepVirFinder	0.5177948360083741	0.13015260480617435
Shkoporov	DeepVirFinder	0.5163991625959525	0.13071895424836602
Shkoporov	DeepVirFinder	0.5143056524773203	0.13111545988258316
Shkoporov	DeepVirFinder	0.5129099790648988	0.1316968285253539
Shkoporov	DeepVirFinder	0.5122121423586881	0.1324670637069121
Shkoporov	DeepVirFinder	0.5115143056524774	0.1332485002726777
Shkoporov	DeepVirFinder	0.5108164689462665	0.1340413843618385
Shkoporov	DeepVirFinder	0.5080251221214236	0.1342925659472422
Shkoporov	DeepVirFinder	0.5066294487090021	0.13489409141583056
Shkoporov	DeepVirFinder	0.5045359385903698	0.1353425683264695
Shkoporov	DeepVirFinder	0.5024424284717376	0.13579781214635986
Shkoporov	DeepVirFinder	0.49965108164689465	0.13606993538578488
Shkoporov	DeepVirFinder	0.4989532449406839	0.1369207200306396
Shkoporov	DeepVirFinder	0.49685973482205165	0.13739868776534156
Shkoporov	DeepVirFinder	0.4926727145847872	0.13730066122131465
Shkoporov	DeepVirFinder	0.4926727145847872	0.13837710701685613
Shkoporov	DeepVirFinder	0.49127704117236565	0.13904799525972744
Shkoporov	DeepVirFinder	0.49127704117236565	0.14015528568584512
Shkoporov	DeepVirFinder	0.4891835310537334	0.1407065435568045
Shkoporov	DeepVirFinder	0.4870900209351012	0.14123836503439902
Shkoporov	DeepVirFinder	0.48220516399162594	0.14096287229702162
Shkoporov	DeepVirFinder	0.48150732728541523	0.14191690662278897
Shkoporov	DeepVirFinder	0.48150732728541523	0.1430941518042306
Shkoporov	DeepVirFinder	0.47871598046057223	0.14345462149728147
Shkoporov	DeepVirFinder	0.47313328681088623	0.1429776465626318
Shkoporov	DeepVirFinder	0.4703419399860433	0.1433127790771848
Shkoporov	DeepVirFinder	0.4703419399860433	0.14454214025305598
Shkoporov	DeepVirFinder	0.4668527564549895	0.14471122647631407
Shkoporov	DeepVirFinder	0.46545708304256805	0.14553785729871263
Shkoporov	DeepVirFinder	0.4633635729239358	0.14615892581994278
Shkoporov	DeepVirFinder	0.46266573621772505	0.14723517654896737
Shkoporov	DeepVirFinder	0.4612700628053036	0.14810665471655837
Shkoporov	DeepVirFinder	0.4549895324494068	0.14741125932624916
Shkoporov	DeepVirFinder	0.4528960223307746	0.1480383211678832
Shkoporov	DeepVirFinder	0.4515003489183531	0.14894106813996316
Shkoporov	DeepVirFinder	0.4487090020935101	0.14939591078066913
Shkoporov	DeepVirFinder	0.44452198185624564	0.14939024390243902
Shkoporov	DeepVirFinder	0.4438241451500349	0.15056818181818182
Shkoporov	DeepVirFinder	0.44173063503140264	0.1512906309751434
Shkoporov	DeepVirFinder	0.43893928820655964	0.15178571428571427
Shkoporov	DeepVirFinder	0.43754361479413817	0.1527777777777778
Shkoporov	DeepVirFinder	0.4333565945568737	0.15276752767527677
Shkoporov	DeepVirFinder	0.4319609211444522	0.1537888198757764
Shkoporov	DeepVirFinder	0.42847173761339846	0.15407779171894606
Shkoporov	DeepVirFinder	0.4277739009071877	0.15538656527249683
Shkoporov	DeepVirFinder	0.427076064200977	0.15672215108834828
Shkoporov	DeepVirFinder	0.424284717376134	0.1573091849935317
Shkoporov	DeepVirFinder	0.4207955338450802	0.15764705882352942
Shkoporov	DeepVirFinder	0.4207955338450802	0.15931307793923383
Shkoporov	DeepVirFinder	0.418702023726448	0.1601708489054992
Shkoporov	DeepVirFinder	0.4145150034891835	0.16028062601187265
Shkoporov	DeepVirFinder	0.4110258199581298	0.16066557555919259
Shkoporov	DeepVirFinder	0.40753663642707605	0.16105901820187535
Shkoporov	DeepVirFinder	0.40683879972086534	0.16257668711656442
Shkoporov	DeepVirFinder	0.4054431263084438	0.16384658770445573
Shkoporov	DeepVirFinder	0.40404745289602234	0.16514546491728466
Shkoporov	DeepVirFinder	0.4019539427773901	0.1661858049624928
Shkoporov	DeepVirFinder	0.4005582693649686	0.16749343449080828
Shkoporov	DeepVirFinder	0.3963712491277041	0.1677000295246531
Shkoporov	DeepVirFinder	0.39497557571528263	0.1691066626829997
Shkoporov	DeepVirFinder	0.39427773900907187	0.1708497127305715
Shkoporov	DeepVirFinder	0.3935799023028611	0.17263544536271808
Shkoporov	DeepVirFinder	0.3900907187718074	0.1732259064146266
Shkoporov	DeepVirFinder	0.3866015352407537	0.17383118920614998
Shkoporov	DeepVirFinder	0.3845080251221214	0.17508738481093106
Shkoporov	DeepVirFinder	0.3831123517096999	0.17669777920823945
Shkoporov	DeepVirFinder	0.38032100488485693	0.17764015645371578
Shkoporov	DeepVirFinder	0.3782274947662247	0.17899603698811095
Shkoporov	DeepVirFinder	0.3754361479413817	0.18005354752342703
Shkoporov	DeepVirFinder	0.37264480111653875	0.18113975576662145
Shkoporov	DeepVirFinder	0.3712491277041172	0.1829436038514443
Shkoporov	DeepVirFinder	0.36985345429169575	0.18479776847977686
Shkoporov	DeepVirFinder	0.3684577808792743	0.1867043847241867
Shkoporov	DeepVirFinder	0.3649685973482205	0.1875896700143472
Shkoporov	DeepVirFinder	0.3621772505233775	0.1887959257911968
Shkoporov	DeepVirFinder	0.36078157711095604	0.1908453303802141
Shkoporov	DeepVirFinder	0.35799023028611304	0.19220681903334583
Shkoporov	DeepVirFinder	0.3558967201674808	0.19399011030810193
Shkoporov	DeepVirFinder	0.35170969993021634	0.19466975666280417
Shkoporov	DeepVirFinder	0.3496161898115841	0.196547665751275
Shkoporov	DeepVirFinder	0.34822051639916257	0.19888401753686727
Shkoporov	DeepVirFinder	0.34542916957431963	0.20048602673147023
Shkoporov	DeepVirFinder	0.34263782274947663	0.20214079868258542
Shkoporov	DeepVirFinder	0.3377529658060014	0.20259522812892425
Shkoporov	DeepVirFinder	0.3349616189811584	0.20434227330779056
Shkoporov	DeepVirFinder	0.33217027215631545	0.2061498484192291
Shkoporov	DeepVirFinder	0.3307745987438939	0.2091791703442189
Shkoporov	DeepVirFinder	0.3286810886252617	0.21159029649595687
Shkoporov	DeepVirFinder	0.32658757850662945	0.2140896614821592
Shkoporov	DeepVirFinder	0.3258897418004187	0.21761416589002797
Shkoporov	DeepVirFinder	0.3244940683879972	0.22069292833412435
Shkoporov	DeepVirFinder	0.32100488485694345	0.22254475084663763
Shkoporov	DeepVirFinder	0.32030704815073274	0.22644301924025653
Shkoporov	DeepVirFinder	0.31751570132588974	0.22898842476094616
Shkoporov	DeepVirFinder	0.31332868108862527	0.23061119671289163
Shkoporov	DeepVirFinder	0.31053733426378227	0.23335081279496592
Shkoporov	DeepVirFinder	0.30565247732030704	0.23460096411355116
Shkoporov	DeepVirFinder	0.3035589672016748	0.23809523809523808
Shkoporov	DeepVirFinder	0.29867411025819957	0.23937360178970918
Shkoporov	DeepVirFinder	0.2958827634333566	0.2425629290617849
Shkoporov	DeepVirFinder	0.2944870900209351	0.24707259953161592
Shkoporov	DeepVirFinder	0.2903000697836706	0.24940047961630696
Shkoporov	DeepVirFinder	0.28611304954640615	0.25184275184275184
Shkoporov	DeepVirFinder	0.2847173761339846	0.25692695214105793
Shkoporov	DeepVirFinder	0.27983251919050944	0.2590439276485788
Shkoporov	DeepVirFinder	0.2777390090718772	0.2639257294429708
Shkoporov	DeepVirFinder	0.2749476622470342	0.2683923705722071
Shkoporov	DeepVirFinder	0.2693649685973482	0.2701189643107068
Shkoporov	DeepVirFinder	0.26796929518492674	0.27645788336933047
Shkoporov	DeepVirFinder	0.26238660153524074	0.2787249814677539
Shkoporov	DeepVirFinder	0.2568039078855548	0.28113063407181055
Shkoporov	DeepVirFinder	0.25191905094207956	0.2844759653270292
Shkoporov	DeepVirFinder	0.2477320307048151	0.28885272579332794
Shkoporov	DeepVirFinder	0.24284717376133985	0.2926829268292683
Shkoporov	DeepVirFinder	0.23586880669923238	0.29416884247171454
Shkoporov	DeepVirFinder	0.23098394975575715	0.2981981981981982
Shkoporov	DeepVirFinder	0.22679692951849267	0.3037383177570093
Shkoporov	DeepVirFinder	0.2212142358688067	0.30776699029126214
Shkoporov	DeepVirFinder	0.21493370551290997	0.3111111111111111
Shkoporov	DeepVirFinder	0.21004884856943476	0.31684210526315787
Shkoporov	DeepVirFinder	0.2044661549197488	0.321978021978022
Shkoporov	DeepVirFinder	0.2016748080949058	0.332183908045977
Shkoporov	DeepVirFinder	0.19539427773900908	0.33816425120772947
Shkoporov	DeepVirFinder	0.19190509420795535	0.34942820838627703
Shkoporov	DeepVirFinder	0.18353105373342637	0.35207496653279785
Shkoporov	DeepVirFinder	0.17585484996510817	0.35694050991501414
Shkoporov	DeepVirFinder	0.17096999302163293	0.3684210526315789
Shkoporov	DeepVirFinder	0.16329378925331473	0.375
Shkoporov	DeepVirFinder	0.15910676901605025	0.3904109589041096
Shkoporov	DeepVirFinder	0.15073272854152128	0.39705882352941174
Shkoporov	DeepVirFinder	0.1423586880669923	0.40476190476190477
Shkoporov	DeepVirFinder	0.1332868108862526	0.410752688172043
Shkoporov	DeepVirFinder	0.12351709699930216	0.41745283018867924
Shkoporov	DeepVirFinder	0.11723656664340544	0.4375
Shkoporov	DeepVirFinder	0.11095603628750872	0.46355685131195334
Shkoporov	DeepVirFinder	0.09979064898813678	0.4782608695652174
Shkoporov	DeepVirFinder	0.08792742498255408	0.49411764705882355
Shkoporov	DeepVirFinder	0.07745987438939288	0.5285714285714286
Shkoporov	DeepVirFinder	0.061409630146545706	0.5714285714285714
Shkoporov	DeepVirFinder	0.0	1.0
Shkoporov	contrast	1.0	0.030390857899966876
Shkoporov	contrast	1.0	0.030396521379024745
Shkoporov	contrast	1.0	0.030402186969307875
Shkoporov	contrast	1.0	0.030408484547187007
Shkoporov	contrast	1.0	0.030414154598379844
Shkoporov	contrast	0.9993188010899182	0.030400364721485412
Shkoporov	contrast	0.9993188010899182	0.03040666583758239
Shkoporov	contrast	0.9993188010899182	0.030413600082927334
Shkoporov	contrast	0.9993188010899182	0.030419275909260565
Shkoporov	contrast	0.9993188010899182	0.030424953854449675
Shkoporov	contrast	0.9993188010899182	0.03043063391968138
Shkoporov	contrast	0.9993188010899182	0.030437579102433762
Shkoporov	contrast	0.9993188010899182	0.03044326388312443
Shkoporov	contrast	0.9993188010899182	0.03044958279712732
Shkoporov	contrast	0.9993188010899182	0.030457168957355812
Shkoporov	contrast	0.9993188010899182	0.03046349364565163
Shkoporov	contrast	0.9993188010899182	0.030471086739780658
Shkoporov	contrast	0.9993188010899182	0.030477417210287946
Shkoporov	contrast	0.9993188010899182	0.03048438376659809
Shkoporov	contrast	0.9993188010899182	0.030490719763889177
Shkoporov	contrast	0.9993188010899182	0.03049832643811979
Shkoporov	contrast	0.9993188010899182	0.030505302557704304
Shkoporov	contrast	0.9993188010899182	0.03051291651067016
Shkoporov	contrast	0.9993188010899182	0.030518629470136678
Shkoporov	contrast	0.9993188010899182	0.030527520549370513
Shkoporov	contrast	0.9993188010899182	0.030535781191457476
Shkoporov	contrast	0.9993188010899182	0.030542774458162437
Shkoporov	contrast	0.9993188010899182	0.030549770928779675
Shkoporov	contrast	0.9993188010899182	0.03055804361863895
Shkoporov	contrast	0.9993188010899182	0.030565683925408895
Shkoporov	contrast	0.9993188010899182	0.03057396523696386
Shkoporov	contrast	0.9993188010899182	0.030581613508442778
Shkoporov	contrast	0.9993188010899182	0.03059054132955209
Shkoporov	contrast	0.9993188010899182	0.03059692153672882
Shkoporov	contrast	0.9986376021798365	0.0305824432576769
Shkoporov	contrast	0.9986376021798365	0.030591377655356623
Shkoporov	contrast	0.9986376021798365	0.030599039866416197
Shkoporov	contrast	0.997275204359673	0.030568779754447505
Shkoporov	contrast	0.997275204359673	0.03057771836751744
Shkoporov	contrast	0.997275204359673	0.030587301255667217
Shkoporov	contrast	0.997275204359673	0.030596250705343893
Shkoporov	contrast	0.997275204359673	0.030603286090555626
Shkoporov	contrast	0.997275204359673	0.03061416532485728
Shkoporov	contrast	0.997275204359673	0.03062377107476049
Shkoporov	contrast	0.997275204359673	0.03063210093528341
Shkoporov	contrast	0.997275204359673	0.030640435328589368
Shkoporov	contrast	0.997275204359673	0.030650057573537108
Shkoporov	contrast	0.997275204359673	0.030659685863874346
Shkoporov	contrast	0.997275204359673	0.030668677727501256
Shkoporov	contrast	0.997275204359673	0.030680889410482637
Shkoporov	contrast	0.997275204359673	0.03068860706424903
Shkoporov	contrast	0.997275204359673	0.03069825959320612
Shkoporov	contrast	0.997275204359673	0.03070856231908378
Shkoporov	contrast	0.997275204359673	0.030720805791627323
Shkoporov	contrast	0.997275204359673	0.030730478589420653
Shkoporov	contrast	0.997275204359673	0.030744676382880424
Shkoporov	contrast	0.9965940054495913	0.030737231338109544
Shkoporov	contrast	0.9965940054495913	0.030748859791084302
Shkoporov	contrast	0.9965940054495913	0.030760497045898953
Shkoporov	contrast	0.9965940054495913	0.03077279037482647
Shkoporov	contrast	0.9965940054495913	0.030783798001052076
Shkoporov	contrast	0.9965940054495913	0.030798703212496316
Shkoporov	contrast	0.9959128065395095	0.03078996693553482
Shkoporov	contrast	0.9959128065395095	0.03080099439598871
Shkoporov	contrast	0.9959128065395095	0.03081008176683807
Shkoporov	contrast	0.9959128065395095	0.03082307303086524
Shkoporov	contrast	0.9959128065395095	0.03083152322908539
Shkoporov	contrast	0.9959128065395095	0.030844532585075635
Shkoporov	contrast	0.9959128065395095	0.030856250395728247
Shkoporov	contrast	0.9959128065395095	0.03086797711293626
Shkoporov	contrast	0.9959128065395095	0.030882321877442387
Shkoporov	contrast	0.9959128065395095	0.030900598144273244
Shkoporov	contrast	0.9959128065395095	0.030916280741821567
Shkoporov	contrast	0.9959128065395095	0.030927398883059738
Shkoporov	contrast	0.9959128065395095	0.03094441857511747
Shkoporov	contrast	0.9959128065395095	0.030952935447674294
Shkoporov	contrast	0.9959128065395095	0.030966703380496483
Shkoporov	contrast	0.9959128065395095	0.03097654511939318
Shkoporov	contrast	0.9959128065395095	0.030987049871770415
Shkoporov	contrast	0.9959128065395095	0.0310001908356481
Shkoporov	contrast	0.9959128065395095	0.031012027236281103
Shkoporov	contrast	0.9959128065395095	0.031029798794464724
Shkoporov	contrast	0.9959128065395095	0.03104165781986496
Shkoporov	contrast	0.9959128065395095	0.031052866336738812
Shkoporov	contrast	0.9959128065395095	0.03106276292865338
Shkoporov	contrast	0.9959128065395095	0.031073326248671627
Shkoporov	contrast	0.9959128065395095	0.03108786254997023
Shkoporov	contrast	0.9959128065395095	0.031100427577697886
Shkoporov	contrast	0.9959128065395095	0.031119625372498936
Shkoporov	contrast	0.9959128065395095	0.0311335420260227
Shkoporov	contrast	0.9959128065395095	0.03114548049679385
Shkoporov	contrast	0.9959128065395095	0.031158092152934656
Shkoporov	contrast	0.9959128065395095	0.031171378619248645
Shkoporov	contrast	0.9959128065395095	0.03118401126207794
Shkoporov	contrast	0.9959128065395095	0.031201314638154384
Shkoporov	contrast	0.9959128065395095	0.031213971561552586
Shkoporov	contrast	0.9959128065395095	0.031225304884560347
Shkoporov	contrast	0.9959128065395095	0.031247996238271316
Shkoporov	contrast	0.9959128065395095	0.031261359505634315
Shkoporov	contrast	0.9959128065395095	0.03127674139996577
Shkoporov	contrast	0.9959128065395095	0.03129481773230302
Shkoporov	contrast	0.9959128065395095	0.031306880232981435
Shkoporov	contrast	0.9959128065395095	0.031324991429550905
Shkoporov	contrast	0.9959128065395095	0.031338420646488896
Shkoporov	contrast	0.9959128065395095	0.03135656836461126
Shkoporov	contrast	0.9959128065395095	0.03136800549261929
Shkoporov	contrast	0.9959128065395095	0.031378104007039685
Shkoporov	contrast	0.9959128065395095	0.031388209025720294
Shkoporov	contrast	0.9959128065395095	0.031406414470151016
Shkoporov	contrast	0.9959128065395095	0.031425992003783154
Shkoporov	contrast	0.9959128065395095	0.03144086021505376
Shkoporov	contrast	0.9959128065395095	0.03145574250182882
Shkoporov	contrast	0.9959128065395095	0.031468606728513315
Shkoporov	contrast	0.9959128065395095	0.03148487132550878
Shkoporov	contrast	0.9952316076294278	0.03147960612785762
Shkoporov	contrast	0.9952316076294278	0.03149181988662083
Shkoporov	contrast	0.9952316076294278	0.031511517556725044
Shkoporov	contrast	0.9952316076294278	0.03152851809490925
Shkoporov	contrast	0.9952316076294278	0.031542131738595394
Shkoporov	contrast	0.9952316076294278	0.03155234968901175
Shkoporov	contrast	0.9952316076294278	0.03157280546311103
Shkoporov	contrast	0.9952316076294278	0.03158782322926576
Shkoporov	contrast	0.9952316076294278	0.03160422254910444
Shkoporov	contrast	0.9952316076294278	0.03161790166204986
Shkoporov	contrast	0.9952316076294278	0.031641183349937194
Shkoporov	contrast	0.9952316076294278	0.03166724466793827
Shkoporov	contrast	0.9952316076294278	0.0316844136973824
Shkoporov	contrast	0.9952316076294278	0.03169609927539376
Shkoporov	contrast	0.9952316076294278	0.03171398801771295
Shkoporov	contrast	0.9952316076294278	0.03173327541268462
Shkoporov	contrast	0.9952316076294278	0.031747066492829205
Shkoporov	contrast	0.9952316076294278	0.03176294106137357
Shkoporov	contrast	0.9952316076294278	0.03177883151346413
Shkoporov	contrast	0.9952316076294278	0.03179888997714659
Shkoporov	contrast	0.9945504087193461	0.031793040372806065
Shkoporov	contrast	0.9938692098092643	0.03179619055921196
Shkoporov	contrast	0.9938692098092643	0.03181699232379623
Shkoporov	contrast	0.9938692098092643	0.03183018085825861
Shkoporov	contrast	0.9938692098092643	0.031843380330874325
Shkoporov	contrast	0.9938692098092643	0.03186076474570349
Shkoporov	contrast	0.9938692098092643	0.03187329328235937
Shkoporov	contrast	0.9938692098092643	0.03188583167602771
Shkoporov	contrast	0.9938692098092643	0.031906750934896234
Shkoporov	contrast	0.9938692098092643	0.031918617370378474
Shkoporov	contrast	0.9938692098092643	0.0319353850194808
Shkoporov	contrast	0.9938692098092643	0.031950071170480675
Shkoporov	contrast	0.9938692098092643	0.03196827274918381
Shkoporov	contrast	0.9938692098092643	0.03198439144159944
Shkoporov	contrast	0.9938692098092643	0.03200193020552302
Shkoporov	contrast	0.9938692098092643	0.03201948821489707
Shkoporov	contrast	0.9931880108991825	0.032015810276679844
Shkoporov	contrast	0.9931880108991825	0.0320291733485644
Shkoporov	contrast	0.9931880108991825	0.032051704807755724
Shkoporov	contrast	0.9931880108991825	0.03206862421643022
Shkoporov	contrast	0.9931880108991825	0.03208838611704118
Shkoporov	contrast	0.9931880108991825	0.03210180985512352
Shkoporov	contrast	0.9931880108991825	0.032120905025225265
Shkoporov	contrast	0.9931880108991825	0.0321435657752596
Shkoporov	contrast	0.9931880108991825	0.03216554888810448
Shkoporov	contrast	0.9931880108991825	0.03218045776590814
Shkoporov	contrast	0.9931880108991825	0.032198935535875974
Shkoporov	contrast	0.9931880108991825	0.03221601078286232
Shkoporov	contrast	0.9931880108991825	0.03223239156386789
Shkoporov	contrast	0.9931880108991825	0.03225592354151457
Shkoporov	contrast	0.9931880108991825	0.03226448914558853
Shkoporov	contrast	0.9931880108991825	0.0322909284195606
Shkoporov	contrast	0.9925068119891008	0.032287373133005365
Shkoporov	contrast	0.9925068119891008	0.03231171826488069
Shkoporov	contrast	0.9925068119891008	0.032333229772313704
Shkoporov	contrast	0.9925068119891008	0.0323583627601217
Shkoporov	contrast	0.9918256130790191	0.03235627458387964
Shkoporov	contrast	0.9918256130790191	0.03237642035978742
Shkoporov	contrast	0.9918256130790191	0.03239226679125231
Shkoporov	contrast	0.9918256130790191	0.03241390057659342
Shkoporov	contrast	0.9918256130790191	0.03243700848798093
Shkoporov	contrast	0.9918256130790191	0.03245725495441271
Shkoporov	contrast	0.9918256130790191	0.03247607788905494
Shkoporov	contrast	0.9918256130790191	0.03249347229351247
Shkoporov	contrast	0.9918256130790191	0.03251887255996784
Shkoporov	contrast	0.9918256130790191	0.03254285778145325
Shkoporov	contrast	0.9918256130790191	0.032555227618281016
Shkoporov	contrast	0.9918256130790191	0.03258145363408521
Shkoporov	contrast	0.9918256130790191	0.03259604190919674
Shkoporov	contrast	0.9918256130790191	0.032606991691487695
Shkoporov	contrast	0.9918256130790191	0.03263695866582982
Shkoporov	contrast	0.9918256130790191	0.03264940015696827
Shkoporov	contrast	0.9918256130790191	0.03267064578378136
Shkoporov	contrast	0.9918256130790191	0.03268164575430406
Shkoporov	contrast	0.9918256130790191	0.032705137132460295
Shkoporov	contrast	0.9918256130790191	0.03271763066828457
Shkoporov	contrast	0.9918256130790191	0.03273086952612175
Shkoporov	contrast	0.9911444141689373	0.03272972668991114
Shkoporov	contrast	0.9911444141689373	0.03275477814547174
Shkoporov	contrast	0.9911444141689373	0.03277765262446497
Shkoporov	contrast	0.9911444141689373	0.03279538385249966
Shkoporov	contrast	0.9911444141689373	0.03281979563756118
Shkoporov	contrast	0.9911444141689373	0.03284053718541925
Shkoporov	contrast	0.9911444141689373	0.032867985904039033
Shkoporov	contrast	0.9911444141689373	0.03289324953655559
Shkoporov	contrast	0.9911444141689373	0.03290887295591794
Shkoporov	contrast	0.9911444141689373	0.03293345405160706
Shkoporov	contrast	0.9911444141689373	0.03296777994290116
Shkoporov	contrast	0.9911444141689373	0.03299170105664142
Shkoporov	contrast	0.9911444141689373	0.033011162537435336
Shkoporov	contrast	0.9911444141689373	0.0330403978472648
Shkoporov	contrast	0.9911444141689373	0.033056912416221745
Shkoporov	contrast	0.9911444141689373	0.03308246742911712
Shkoporov	contrast	0.9911444141689373	0.03310580204778157
Shkoporov	contrast	0.9911444141689373	0.03312916960768688
Shkoporov	contrast	0.9911444141689373	0.03315030416258458
Shkoporov	contrast	0.9911444141689373	0.03318205660334329
Shkoporov	contrast	0.9911444141689373	0.03319719820210363
Shkoporov	contrast	0.9911444141689373	0.03322145352421399
Shkoporov	contrast	0.9911444141689373	0.03323587189912742
Shkoporov	contrast	0.9911444141689373	0.0332624648515191
Shkoporov	contrast	0.9911444141689373	0.03328376987304129
Shkoporov	contrast	0.9911444141689373	0.03331120217953708
Shkoporov	contrast	0.9911444141689373	0.033331042540031615
Shkoporov	contrast	0.9911444141689373	0.03335549391348204
Shkoporov	contrast	0.9911444141689373	0.03337844967997981
Shkoporov	contrast	0.9911444141689373	0.0333960705104664
Shkoporov	contrast	0.9911444141689373	0.033419849782943246
Shkoporov	contrast	0.9911444141689373	0.03344058837048954
Shkoporov	contrast	0.9911444141689373	0.03345827488674776
Shkoporov	contrast	0.9911444141689373	0.03347520993903141
Shkoporov	contrast	0.9911444141689373	0.033511446865355385
Shkoporov	contrast	0.9911444141689373	0.03352534562211982
Shkoporov	contrast	0.9911444141689373	0.03354930941455879
Shkoporov	contrast	0.9911444141689373	0.03355936894547468
Shkoporov	contrast	0.9911444141689373	0.03358415658757271
Shkoporov	contrast	0.9911444141689373	0.033600443387294184
Shkoporov	contrast	0.9911444141689373	0.03362840039753161
Shkoporov	contrast	0.9904632152588556	0.033630938613128554
Shkoporov	contrast	0.9904632152588556	0.03365584926623767
Shkoporov	contrast	0.9904632152588556	0.033673776604367864
Shkoporov	contrast	0.9904632152588556	0.03369796977843701
Shkoporov	contrast	0.9904632152588556	0.03372689104868827
Shkoporov	contrast	0.9904632152588556	0.033748027109831956
Shkoporov	contrast	0.9904632152588556	0.03378252788104089
Shkoporov	contrast	0.9897820163487738	0.03378755464607944
Shkoporov	contrast	0.9897820163487738	0.03381035485747528
Shkoporov	contrast	0.9897820163487738	0.03383633738531042
Shkoporov	contrast	0.9897820163487738	0.033860781617767004
Shkoporov	contrast	0.9897820163487738	0.03388763206381044
Shkoporov	contrast	0.9897820163487738	0.03392957220250327
Shkoporov	contrast	0.9897820163487738	0.03395018458806486
Shkoporov	contrast	0.9897820163487738	0.03397558808399195
Shkoporov	contrast	0.9897820163487738	0.03399387034134244
Shkoporov	contrast	0.9897820163487738	0.03401933928027909
Shkoporov	contrast	0.9897820163487738	0.034040060911327163
Shkoporov	contrast	0.9897820163487738	0.03406639782425209
Shkoporov	contrast	0.989100817438692	0.03407970708350937
Shkoporov	contrast	0.989100817438692	0.03409491159273957
Shkoporov	contrast	0.989100817438692	0.03412616339193381
Shkoporov	contrast	0.989100817438692	0.03415506210011291
Shkoporov	contrast	0.989100817438692	0.0341856194377737
Shkoporov	contrast	0.989100817438692	0.034209782301385355
Shkoporov	contrast	0.989100817438692	0.03423155810170451
Shkoporov	contrast	0.989100817438692	0.03425336164189667
Shkoporov	contrast	0.989100817438692	0.03427438391086772
Shkoporov	contrast	0.989100817438692	0.034302723900871745
Shkoporov	contrast	0.989100817438692	0.034325429658873315
Shkoporov	contrast	0.989100817438692	0.034353041379799845
Shkoporov	contrast	0.989100817438692	0.034375
Shkoporov	contrast	0.989100817438692	0.034397801573012414
Shkoporov	contrast	0.989100817438692	0.03442471372009768
Shkoporov	contrast	0.989100817438692	0.03445984431365103
Shkoporov	contrast	0.989100817438692	0.03447129765918048
Shkoporov	contrast	0.989100817438692	0.034498324978022764
Shkoporov	contrast	0.989100817438692	0.03452129050664511
Shkoporov	contrast	0.989100817438692	0.03455332920850983
Shkoporov	contrast	0.989100817438692	0.0345804853652147
Shkoporov	contrast	0.989100817438692	0.034599437639994284
Shkoporov	contrast	0.989100817438692	0.03461180901527973
Shkoporov	contrast	0.989100817438692	0.03462749213011543
Shkoporov	contrast	0.989100817438692	0.03466469310287201
Shkoporov	contrast	0.989100817438692	0.034705291839954105
Shkoporov	contrast	0.989100817438692	0.03473019517795637
Shkoporov	contrast	0.989100817438692	0.034759294280994904
Shkoporov	contrast	0.989100817438692	0.034778443113772456
Shkoporov	contrast	0.989100817438692	0.03481513451301971
Shkoporov	contrast	0.989100817438692	0.034828496042216356
Shkoporov	contrast	0.989100817438692	0.03486529318541997
Shkoporov	contrast	0.989100817438692	0.03489545782263879
Shkoporov	contrast	0.989100817438692	0.034912238518874726
Shkoporov	contrast	0.989100817438692	0.034939961979931176
Shkoporov	contrast	0.989100817438692	0.03496351946832334
Shkoporov	contrast	0.989100817438692	0.035000602627455704
Shkoporov	contrast	0.989100817438692	0.035014951287739945
Shkoporov	contrast	0.989100817438692	0.03503691906761257
Shkoporov	contrast	0.989100817438692	0.035075005435176464
Shkoporov	contrast	0.989100817438692	0.035106382978723406
Shkoporov	contrast	0.989100817438692	0.03513101546055019
Shkoporov	contrast	0.989100817438692	0.03516334487685564
Shkoporov	contrast	0.989100817438692	0.03518038427058852
Shkoporov	contrast	0.989100817438692	0.0351982934160768
Shkoporov	contrast	0.989100817438692	0.035224764076562914
Shkoporov	contrast	0.989100817438692	0.03524186306157617
Shkoporov	contrast	0.989100817438692	0.035280396539994166
Shkoporov	contrast	0.989100817438692	0.03530613237368088
Shkoporov	contrast	0.989100817438692	0.035321591904252214
Shkoporov	contrast	0.989100817438692	0.03535685586967638
Shkoporov	contrast	0.989100817438692	0.03538529024711215
Shkoporov	contrast	0.989100817438692	0.03541117939713199
Shkoporov	contrast	0.989100817438692	0.03543278264476927
Shkoporov	contrast	0.989100817438692	0.035457009596835246
Shkoporov	contrast	0.989100817438692	0.03548040269768351
Shkoporov	contrast	0.989100817438692	0.03550209051566053
Shkoporov	contrast	0.989100817438692	0.03553336759415608
Shkoporov	contrast	0.9884196185286104	0.03553324354107996
Shkoporov	contrast	0.9884196185286104	0.035569828156791605
Shkoporov	contrast	0.9884196185286104	0.03559513296045531
Shkoporov	contrast	0.9884196185286104	0.03560561444837063
Shkoporov	contrast	0.9884196185286104	0.03562747071967
Shkoporov	contrast	0.9884196185286104	0.035653733690444014
Shkoporov	contrast	0.9884196185286104	0.03568354523768537
Shkoporov	contrast	0.9884196185286104	0.035711648741109006
Shkoporov	contrast	0.9884196185286104	0.03573187549251379
Shkoporov	contrast	0.9884196185286104	0.03576975224947615
Shkoporov	contrast	0.9884196185286104	0.03580947680157947
Shkoporov	contrast	0.9884196185286104	0.03583423886199743
Shkoporov	contrast	0.9884196185286104	0.03585549075812988
Shkoporov	contrast	0.9884196185286104	0.03590162311955661
Shkoporov	contrast	0.9884196185286104	0.03592740238195459
Shkoporov	contrast	0.9884196185286104	0.0359612381967335
Shkoporov	contrast	0.9884196185286104	0.03598085649812781
Shkoporov	contrast	0.9884196185286104	0.03601211158542639
Shkoporov	contrast	0.9884196185286104	0.03604342101994684
Shkoporov	contrast	0.9884196185286104	0.03606671472247769
Shkoporov	contrast	0.9884196185286104	0.03609183394274059
Shkoporov	contrast	0.9884196185286104	0.036121483694299225
Shkoporov	contrast	0.9884196185286104	0.03613497696426348
Shkoporov	contrast	0.9884196185286104	0.03616109255844091
Shkoporov	contrast	0.9884196185286104	0.03617912531790755
Shkoporov	contrast	0.9884196185286104	0.03620891872332992
Shkoporov	contrast	0.9870572207084468	0.03619242681586572
Shkoporov	contrast	0.9870572207084468	0.03620961091536097
Shkoporov	contrast	0.9870572207084468	0.03623315245930334
Shkoporov	contrast	0.9870572207084468	0.036271245838444016
Shkoporov	contrast	0.9863760217983651	0.0362761799779537
Shkoporov	contrast	0.9863760217983651	0.03629072681704261
Shkoporov	contrast	0.9863760217983651	0.03632896783581715
Shkoporov	contrast	0.9863760217983651	0.03636637617098224
Shkoporov	contrast	0.9856948228882834	0.03637963544940289
Shkoporov	contrast	0.9856948228882834	0.03640709523210467
Shkoporov	contrast	0.9856948228882834	0.03643276178966186
Shkoporov	contrast	0.9856948228882834	0.036462139347360464
Shkoporov	contrast	0.9856948228882834	0.03648696353825206
Shkoporov	contrast	0.9856948228882834	0.03651090028259992
Shkoporov	contrast	0.9856948228882834	0.03655702086807135
Shkoporov	contrast	0.9856948228882834	0.03657180407420513
Shkoporov	contrast	0.9856948228882834	0.03658752433689853
Shkoporov	contrast	0.9856948228882834	0.03661993217593764
Shkoporov	contrast	0.9856948228882834	0.03665889744629104
Shkoporov	contrast	0.9856948228882834	0.03667376317923763
Shkoporov	contrast	0.9856948228882834	0.03669980724358324
Shkoporov	contrast	0.9856948228882834	0.036746406622987456
Shkoporov	contrast	0.9856948228882834	0.036771619526822695
Shkoporov	contrast	0.9856948228882834	0.03679312449145647
Shkoporov	contrast	0.9856948228882834	0.03680529060155157
Shkoporov	contrast	0.9856948228882834	0.03684934297646939
Shkoporov	contrast	0.9856948228882834	0.036880336434306105
Shkoporov	contrast	0.9856948228882834	0.03692268435825466
Shkoporov	contrast	0.9856948228882834	0.03694342320261438
Shkoporov	contrast	0.9856948228882834	0.03695663278336824
Shkoporov	contrast	0.9856948228882834	0.03699631826549397
Shkoporov	contrast	0.9856948228882834	0.03701145897278494
Shkoporov	contrast	0.9856948228882834	0.03705315988937827
Shkoporov	contrast	0.9850136239782016	0.03706646843198072
Shkoporov	contrast	0.9850136239782016	0.03711594240098565
Shkoporov	contrast	0.9850136239782016	0.03713595973085418
Shkoporov	contrast	0.9850136239782016	0.03718370705616128
Shkoporov	contrast	0.9850136239782016	0.037207626791549805
Shkoporov	contrast	0.9850136239782016	0.03725171960738852
Shkoporov	contrast	0.9850136239782016	0.03728918458920006
Shkoporov	contrast	0.9850136239782016	0.037310351945505214
Shkoporov	contrast	0.9850136239782016	0.03735082915741075
Shkoporov	contrast	0.9850136239782016	0.03738366080661841
Shkoporov	contrast	0.9850136239782016	0.0374233287610963
Shkoporov	contrast	0.9850136239782016	0.03744464872983401
Shkoporov	contrast	0.9850136239782016	0.03747958839843446
Shkoporov	contrast	0.9850136239782016	0.03751362009028174
Shkoporov	contrast	0.9850136239782016	0.03754186463120181
Shkoporov	contrast	0.9850136239782016	0.037578939161620625
Shkoporov	contrast	0.9850136239782016	0.0375916393698331
Shkoporov	contrast	0.9850136239782016	0.037630770832249
Shkoporov	contrast	0.9850136239782016	0.03767489122221933
Shkoporov	contrast	0.9850136239782016	0.03768962101861023
Shkoporov	contrast	0.9850136239782016	0.03772108311159806
Shkoporov	contrast	0.9850136239782016	0.037764429354922954
Shkoporov	contrast	0.9850136239782016	0.0377841651424092
Shkoporov	contrast	0.9850136239782016	0.037824688064035154
Shkoporov	contrast	0.9850136239782016	0.03786529799937153
Shkoporov	contrast	0.9850136239782016	0.03788216185061958
Shkoporov	contrast	0.9850136239782016	0.03791991188734167
Shkoporov	contrast	0.9850136239782016	0.037978673110258966
Shkoporov	contrast	0.9850136239782016	0.03800462573591253
Shkoporov	contrast	0.9843324250681199	0.03801631149697448
Shkoporov	contrast	0.9843324250681199	0.03804033064813352
Shkoporov	contrast	0.9843324250681199	0.038066385669125395
Shkoporov	contrast	0.9843324250681199	0.03811257055441262
Shkoporov	contrast	0.9843324250681199	0.03812664907651715
Shkoporov	contrast	0.9843324250681199	0.03816390671631936
Shkoporov	contrast	0.9843324250681199	0.03818710359408034
Shkoporov	contrast	0.9843324250681199	0.03821942446043165
Shkoporov	contrast	0.9843324250681199	0.03824370103747618
Shkoporov	contrast	0.9843324250681199	0.03828423060618906
Shkoporov	contrast	0.9843324250681199	0.03831874834261469
Shkoporov	contrast	0.9843324250681199	0.03833501353000478
Shkoporov	contrast	0.9843324250681199	0.03836554800339847
Shkoporov	contrast	0.9843324250681199	0.03838797088358748
Shkoporov	contrast	0.9836512261580381	0.03842162679935077
Shkoporov	contrast	0.9836512261580381	0.03845846539004448
Shkoporov	contrast	0.9836512261580381	0.038478961814160474
Shkoporov	contrast	0.9836512261580381	0.03851796526981248
Shkoporov	contrast	0.9836512261580381	0.03856116644858066
Shkoporov	contrast	0.9836512261580381	0.03858383433533734
Shkoporov	contrast	0.9836512261580381	0.03862615022469506
Shkoporov	contrast	0.9836512261580381	0.03864992907042103
Shkoporov	contrast	0.9836512261580381	0.03868928006859041
Shkoporov	contrast	0.9836512261580381	0.03873494460688323
Shkoporov	contrast	0.9836512261580381	0.038767182130584193
Shkoporov	contrast	0.9836512261580381	0.03878592532903572
Shkoporov	contrast	0.9836512261580381	0.038824509988438685
Shkoporov	contrast	0.9836512261580381	0.03883599591200043
Shkoporov	contrast	0.9836512261580381	0.03887049449514119
Shkoporov	contrast	0.9836512261580381	0.038908199283270016
Shkoporov	contrast	0.9836512261580381	0.03896279107417501
Shkoporov	contrast	0.9836512261580381	0.03900383555723624
Shkoporov	contrast	0.9836512261580381	0.0390238629300327
Shkoporov	contrast	0.9836512261580381	0.039076664952777854
Shkoporov	contrast	0.9836512261580381	0.03908935870712758
Shkoporov	contrast	0.9836512261580381	0.03912006935413957
Shkoporov	contrast	0.9836512261580381	0.039144460408251786
Shkoporov	contrast	0.9829700272479565	0.03916300276827878
Shkoporov	contrast	0.9829700272479565	0.039216219154255896
Shkoporov	contrast	0.9829700272479565	0.03924181442401827
Shkoporov	contrast	0.9829700272479565	0.03928668663218078
Shkoporov	contrast	0.9829700272479565	0.03931665849272519
Shkoporov	contrast	0.9829700272479565	0.039343457752815114
Shkoporov	contrast	0.9829700272479565	0.03937351633059565
Shkoporov	contrast	0.9822888283378747	0.03939244932524723
Shkoporov	contrast	0.9822888283378747	0.039418293149636435
Shkoporov	contrast	0.9822888283378747	0.0394711630580571
Shkoporov	contrast	0.9822888283378747	0.03951117930732135
Shkoporov	contrast	0.9816076294277929	0.03950001370576464
Shkoporov	contrast	0.9816076294277929	0.03954120132810142
Shkoporov	contrast	0.9816076294277929	0.039562913543640006
Shkoporov	contrast	0.9816076294277929	0.03960532102022867
Shkoporov	contrast	0.9816076294277929	0.03965654842171891
Shkoporov	contrast	0.9816076294277929	0.03971556927486702
Shkoporov	contrast	0.9816076294277929	0.03974843461230795
Shkoporov	contrast	0.9816076294277929	0.03978574781192192
Shkoporov	contrast	0.9816076294277929	0.03980333121564511
Shkoporov	contrast	0.9816076294277929	0.03985507246376811
Shkoporov	contrast	0.9816076294277929	0.039882649248567714
Shkoporov	contrast	0.9809264305177112	0.039891406726134414
Shkoporov	contrast	0.9809264305177112	0.03991794644342186
Shkoporov	contrast	0.9809264305177112	0.03996447602131439
Shkoporov	contrast	0.9809264305177112	0.04000777929041758
Shkoporov	contrast	0.9809264305177112	0.04003002251688766
Shkoporov	contrast	0.9809264305177112	0.04007681389329548
Shkoporov	contrast	0.9802452316076294	0.040073519173466264
Shkoporov	contrast	0.9802452316076294	0.040109262201410374
Shkoporov	contrast	0.9802452316076294	0.04014506904728693
Shkoporov	contrast	0.9795640326975477	0.040173208548679985
Shkoporov	contrast	0.9795640326975477	0.040203533885036905
Shkoporov	contrast	0.9795640326975477	0.040238408372275235
Shkoporov	contrast	0.9795640326975477	0.04027108771143721
Shkoporov	contrast	0.9795640326975477	0.04031964110472452
Shkoporov	contrast	0.9795640326975477	0.04037737968214747
Shkoporov	contrast	0.9795640326975477	0.040415964024733
Shkoporov	contrast	0.9795640326975477	0.0404546221797108
Shkoporov	contrast	0.9795640326975477	0.04050704225352113
Shkoporov	contrast	0.9795640326975477	0.04053216077569198
Shkoporov	contrast	0.9795640326975477	0.04059509358326511
Shkoporov	contrast	0.9795640326975477	0.04063409534036
Shkoporov	contrast	0.9795640326975477	0.04066742081447964
Shkoporov	contrast	0.9795640326975477	0.04070886649303589
Shkoporov	contrast	0.978882833787466	0.040738220785847934
Shkoporov	contrast	0.978882833787466	0.04078099724721174
Shkoporov	contrast	0.978882833787466	0.04081690620916889
Shkoporov	contrast	0.978882833787466	0.04084591114522043
Shkoporov	contrast	0.978882833787466	0.04089822404371585
Shkoporov	contrast	0.978882833787466	0.04093084197333941
Shkoporov	contrast	0.978882833787466	0.040988048717875585
Shkoporov	contrast	0.978882833787466	0.04100793333713829
Shkoporov	contrast	0.978882833787466	0.04106770312366037
Shkoporov	contrast	0.978882833787466	0.04111940939136407
Shkoporov	contrast	0.978882833787466	0.04115709580409566
Shkoporov	contrast	0.978882833787466	0.04121848377936494
Shkoporov	contrast	0.978882833787466	0.041237409246133096
Shkoporov	contrast	0.978882833787466	0.04128835766003908
Shkoporov	contrast	0.978882833787466	0.04135727853565878
Shkoporov	contrast	0.978882833787466	0.04137394909593459
Shkoporov	contrast	0.978882833787466	0.04143120747318648
Shkoporov	contrast	0.978882833787466	0.041469467851783445
Shkoporov	contrast	0.978882833787466	0.04152099164957092
Shkoporov	contrast	0.978882833787466	0.04155941811030454
Shkoporov	contrast	0.978882833787466	0.04162924766070859
Shkoporov	contrast	0.978882833787466	0.04168479679749369
Shkoporov	contrast	0.978882833787466	0.041717470823898276
Shkoporov	contrast	0.978882833787466	0.04179269427640763
Shkoporov	contrast	0.978882833787466	0.041826755151938524
Shkoporov	contrast	0.9782016348773842	0.041857346897134697
Shkoporov	contrast	0.9782016348773842	0.041878098571011955
Shkoporov	contrast	0.9782016348773842	0.04191721641660342
Shkoporov	contrast	0.9782016348773842	0.04196376388077148
Shkoporov	contrast	0.9782016348773842	0.042047317873038184
Shkoporov	contrast	0.9782016348773842	0.042068258385821004
Shkoporov	contrast	0.9782016348773842	0.042099091175608325
Shkoporov	contrast	0.9782016348773842	0.042173274596182087
Shkoporov	contrast	0.9782016348773842	0.04219930059655
Shkoporov	contrast	0.9782016348773842	0.042252692285058555
Shkoporov	contrast	0.9782016348773842	0.042288776982654534
Shkoporov	contrast	0.9782016348773842	0.04233989857294492
Shkoporov	contrast	0.9782016348773842	0.04240867074215174
Shkoporov	contrast	0.9782016348773842	0.04243248034986112
Shkoporov	contrast	0.9782016348773842	0.04246259388491336
Shkoporov	contrast	0.9782016348773842	0.04251791318765914
Shkoporov	contrast	0.9782016348773842	0.04260369073755414
Shkoporov	contrast	0.9782016348773842	0.042651776167280504
Shkoporov	contrast	0.9782016348773842	0.04270886000654314
Shkoporov	contrast	0.9782016348773842	0.042736823308830094
Shkoporov	contrast	0.9782016348773842	0.04281072056762961
Shkoporov	contrast	0.9782016348773842	0.04285160096684671
Shkoporov	contrast	0.9782016348773842	0.042895122024076235
Shkoporov	contrast	0.9782016348773842	0.04296442569488077
Shkoporov	contrast	0.9782016348773842	0.0429927247687195
Shkoporov	contrast	0.9782016348773842	0.04304169289332494
Shkoporov	contrast	0.9782016348773842	0.04307655387568995
Shkoporov	contrast	0.9782016348773842	0.043160710528688646
Shkoporov	contrast	0.9782016348773842	0.043215263775617685
Shkoporov	contrast	0.9782016348773842	0.04327125896462364
Shkoporov	contrast	0.9782016348773842	0.04328430190499156
Shkoporov	contrast	0.9782016348773842	0.04335225214346093
Shkoporov	contrast	0.9782016348773842	0.043409915356711
Shkoporov	contrast	0.9782016348773842	0.0434558934785898
Shkoporov	contrast	0.9782016348773842	0.043516470196066546
Shkoporov	contrast	0.9782016348773842	0.04355606782128666
Shkoporov	contrast	0.9782016348773842	0.043583829063979604
Shkoporov	contrast	0.9782016348773842	0.043634153752658764
Shkoporov	contrast	0.9782016348773842	0.04370586803019236
Shkoporov	contrast	0.9782016348773842	0.043772480643784674
Shkoporov	contrast	0.9782016348773842	0.043800518529815466
Shkoporov	contrast	0.9782016348773842	0.04383260584231251
Shkoporov	contrast	0.9782016348773842	0.04388887190928818
Shkoporov	contrast	0.9782016348773842	0.04392108885150635
Shkoporov	contrast	0.9782016348773842	0.04395873511494781
Shkoporov	contrast	0.9782016348773842	0.04399375019147698
Shkoporov	contrast	0.9782016348773842	0.04400992981703393
Shkoporov	contrast	0.9775204359673024	0.044053539632836
Shkoporov	contrast	0.9775204359673024	0.04412397761515282
Shkoporov	contrast	0.9775204359673024	0.04417287446900203
Shkoporov	contrast	0.9775204359673024	0.04424505904480005
Shkoporov	contrast	0.9775204359673024	0.044298326850651354
Shkoporov	contrast	0.9775204359673024	0.04438052823653121
Shkoporov	contrast	0.9775204359673024	0.044405248174278995
Shkoporov	contrast	0.9768392370572208	0.04444582196875775
Shkoporov	contrast	0.9768392370572208	0.04448304742997177
Shkoporov	contrast	0.9768392370572208	0.04452171753236673
Shkoporov	contrast	0.9768392370572208	0.044572920552032824
Shkoporov	contrast	0.9768392370572208	0.044642301226573686
Shkoporov	contrast	0.9768392370572208	0.04469935475826813
Shkoporov	contrast	0.9768392370572208	0.044759348273924714
Shkoporov	contrast	0.9768392370572208	0.0448433297892301
Shkoporov	contrast	0.9768392370572208	0.044896681277395115
Shkoporov	contrast	0.9768392370572208	0.04494875090116917
Shkoporov	contrast	0.9768392370572208	0.04499246987951807
Shkoporov	contrast	0.9768392370572208	0.04505608445659346
Shkoporov	contrast	0.9768392370572208	0.045100012580198766
Shkoporov	contrast	0.9768392370572208	0.04514971191083404
Shkoporov	contrast	0.9768392370572208	0.04520379535352898
Shkoporov	contrast	0.9768392370572208	0.04528516389818733
Shkoporov	contrast	0.9768392370572208	0.04536682590401468
Shkoporov	contrast	0.9768392370572208	0.04544734256647545
Shkoporov	contrast	0.9768392370572208	0.04554405132439814
Shkoporov	contrast	0.9768392370572208	0.04559038596045018
Shkoporov	contrast	0.9768392370572208	0.04564989017285837
Shkoporov	contrast	0.9768392370572208	0.04568624952211036
Shkoporov	contrast	0.9768392370572208	0.04581323280406377
Shkoporov	contrast	0.9768392370572208	0.04587332053742802
Shkoporov	contrast	0.9768392370572208	0.045901219551230756
Shkoporov	contrast	0.9768392370572208	0.04598069708532401
Shkoporov	contrast	0.9768392370572208	0.04608413407462159
Shkoporov	contrast	0.9768392370572208	0.04613009071607798
Shkoporov	contrast	0.9768392370572208	0.04621483128686068
Shkoporov	contrast	0.9768392370572208	0.046283445760578384
Shkoporov	contrast	0.9768392370572208	0.04633279483037157
Shkoporov	contrast	0.9768392370572208	0.04637324968470071
Shkoporov	contrast	0.9768392370572208	0.04644985747603006
Shkoporov	contrast	0.9768392370572208	0.046493531757611124
Shkoporov	contrast	0.9768392370572208	0.04656600097418412
Shkoporov	contrast	0.9768392370572208	0.04659929158678062
Shkoporov	contrast	0.9768392370572208	0.046704012506513806
Shkoporov	contrast	0.9768392370572208	0.04678324416025056
Shkoporov	contrast	0.9768392370572208	0.04682601880877743
Shkoporov	contrast	0.9768392370572208	0.04690413109606516
Shkoporov	contrast	0.9768392370572208	0.046967116467968036
Shkoporov	contrast	0.976158038147139	0.04698360655737705
Shkoporov	contrast	0.976158038147139	0.04702677868206878
Shkoporov	contrast	0.976158038147139	0.04710716633793557
Shkoporov	contrast	0.976158038147139	0.04716608518201567
Shkoporov	contrast	0.976158038147139	0.04722048307905229
Shkoporov	contrast	0.976158038147139	0.04727812603101287
Shkoporov	contrast	0.976158038147139	0.04738286545646927
Shkoporov	contrast	0.976158038147139	0.04746290408055114
Shkoporov	contrast	0.976158038147139	0.04752744519253093
Shkoporov	contrast	0.9754768392370572	0.04760954850721458
Shkoporov	contrast	0.9754768392370572	0.04768247202983484
Shkoporov	contrast	0.9754768392370572	0.04776039755861655
Shkoporov	contrast	0.9754768392370572	0.047797062750333776
Shkoporov	contrast	0.9754768392370572	0.047896180346511476
Shkoporov	contrast	0.9754768392370572	0.04796034563601045
Shkoporov	contrast	0.9754768392370572	0.048018241566628664
Shkoporov	contrast	0.9754768392370572	0.04808919336422862
Shkoporov	contrast	0.9754768392370572	0.048189527527258046
Shkoporov	contrast	0.9754768392370572	0.048243102112320184
Shkoporov	contrast	0.9754768392370572	0.048334289668208054
Shkoporov	contrast	0.9754768392370572	0.04841927303465765
Shkoporov	contrast	0.9754768392370572	0.04846679753604549
Shkoporov	contrast	0.9754768392370572	0.04855389414437324
Shkoporov	contrast	0.9754768392370572	0.0486958887339749
Shkoporov	contrast	0.9754768392370572	0.048732346435256084
Shkoporov	contrast	0.9754768392370572	0.048830389415535705
Shkoporov	contrast	0.9754768392370572	0.04890376340413906
Shkoporov	contrast	0.9754768392370572	0.04897903341656121
Shkoporov	contrast	0.9754768392370572	0.0490663011821141
Shkoporov	contrast	0.9754768392370572	0.04914544580959572
Shkoporov	contrast	0.9754768392370572	0.04922992299229923
Shkoporov	contrast	0.9754768392370572	0.049273966003716196
Shkoporov	contrast	0.9754768392370572	0.04935548355966085
Shkoporov	contrast	0.9754768392370572	0.04938782548715296
Shkoporov	contrast	0.9754768392370572	0.04949023673751512
Shkoporov	contrast	0.9754768392370572	0.049567324333679476
Shkoporov	contrast	0.9754768392370572	0.049668759321563595
Shkoporov	contrast	0.9754768392370572	0.049760233511710335
Shkoporov	contrast	0.9747956403269755	0.049766988940669124
Shkoporov	contrast	0.9747956403269755	0.049926732258739795
Shkoporov	contrast	0.9747956403269755	0.0500437139360028
Shkoporov	contrast	0.9747956403269755	0.050105042016806725
Shkoporov	contrast	0.9747956403269755	0.05015948683795436
Shkoporov	contrast	0.9741144414168937	0.05020362308664513
Shkoporov	contrast	0.9741144414168937	0.05029721079103795
Shkoporov	contrast	0.9741144414168937	0.05041246562786435
Shkoporov	contrast	0.9741144414168937	0.05047652665019414
Shkoporov	contrast	0.9741144414168937	0.050571135551861934
Shkoporov	contrast	0.9741144414168937	0.05061051141390904
Shkoporov	contrast	0.9741144414168937	0.050660714918340594
Shkoporov	contrast	0.9741144414168937	0.05075961948033508
Shkoporov	contrast	0.9741144414168937	0.05086795674445077
Shkoporov	contrast	0.9741144414168937	0.05091685953355884
Shkoporov	contrast	0.9741144414168937	0.05102404909726682
Shkoporov	contrast	0.9741144414168937	0.05111158767603117
Shkoporov	contrast	0.9741144414168937	0.05123244482659788
Shkoporov	contrast	0.9741144414168937	0.05134096865687718
Shkoporov	contrast	0.9741144414168937	0.051411109113787525
Shkoporov	contrast	0.9741144414168937	0.051516679876071766
Shkoporov	contrast	0.9741144414168937	0.05160219399538106
Shkoporov	contrast	0.9741144414168937	0.051716031969910675
Shkoporov	contrast	0.9741144414168937	0.05174971953823327
Shkoporov	contrast	0.9741144414168937	0.0518660911827645
Shkoporov	contrast	0.973433242506812	0.051882510982826854
Shkoporov	contrast	0.973433242506812	0.05198443013569064
Shkoporov	contrast	0.973433242506812	0.052035540018935254
Shkoporov	contrast	0.973433242506812	0.05212474922487689
Shkoporov	contrast	0.973433242506812	0.05219138056975895
Shkoporov	contrast	0.973433242506812	0.05230791756652879
Shkoporov	contrast	0.973433242506812	0.05242305293664478
Shkoporov	contrast	0.973433242506812	0.05248466595658721
Shkoporov	contrast	0.973433242506812	0.05259864546525324
Shkoporov	contrast	0.973433242506812	0.052705344299782395
Shkoporov	contrast	0.973433242506812	0.05274814514045255
Shkoporov	contrast	0.973433242506812	0.05284372457658457
Shkoporov	contrast	0.973433242506812	0.05292396577904522
Shkoporov	contrast	0.973433242506812	0.05305955740383187
Shkoporov	contrast	0.9720708446866485	0.053107554893933755
Shkoporov	contrast	0.9720708446866485	0.053186731270965334
Shkoporov	contrast	0.9720708446866485	0.05329598506069094
Shkoporov	contrast	0.9720708446866485	0.053367740005235795
Shkoporov	contrast	0.9720708446866485	0.05348976684908914
Shkoporov	contrast	0.9720708446866485	0.053620411077293054
Shkoporov	contrast	0.9720708446866485	0.05369102265031229
Shkoporov	contrast	0.9720708446866485	0.053798303487276156
Shkoporov	contrast	0.9720708446866485	0.053849056603773586
Shkoporov	contrast	0.9720708446866485	0.053889728096676734
Shkoporov	contrast	0.9720708446866485	0.05406326955862853
Shkoporov	contrast	0.9713896457765667	0.05413202748358198
Shkoporov	contrast	0.9713896457765667	0.05422053231939163
Shkoporov	contrast	0.9713896457765667	0.0543465833301574
Shkoporov	contrast	0.9713896457765667	0.05441086691086691
Shkoporov	contrast	0.9713896457765667	0.05451903960850283
Shkoporov	contrast	0.970708446866485	0.05457052043043695
Shkoporov	contrast	0.9700272479564033	0.05468299988479705
Shkoporov	contrast	0.9700272479564033	0.05480295566502463
Shkoporov	contrast	0.9700272479564033	0.054904380012338064
Shkoporov	contrast	0.9693460490463215	0.05501643147109994
Shkoporov	contrast	0.9693460490463215	0.05511231603408211
Shkoporov	contrast	0.9693460490463215	0.055259989903304725
Shkoporov	contrast	0.9686648501362398	0.0553501226110311
Shkoporov	contrast	0.9686648501362398	0.055499180391850755
Shkoporov	contrast	0.9686648501362398	0.05555555555555555
Shkoporov	contrast	0.9686648501362398	0.05570572335174521
Shkoporov	contrast	0.9686648501362398	0.055784394492173706
Shkoporov	contrast	0.9686648501362398	0.055876458799952844
Shkoporov	contrast	0.9686648501362398	0.05597764043616896
Shkoporov	contrast	0.9686648501362398	0.056119026007340464
Shkoporov	contrast	0.9686648501362398	0.056247775008899964
Shkoporov	contrast	0.9686648501362398	0.056327985739750445
Shkoporov	contrast	0.9686648501362398	0.05652951699463327
Shkoporov	contrast	0.9686648501362398	0.056619550069679475
Shkoporov	contrast	0.9686648501362398	0.056705347529608804
Shkoporov	contrast	0.9686648501362398	0.056850437772358375
Shkoporov	contrast	0.9686648501362398	0.056950618767271415
Shkoporov	contrast	0.9686648501362398	0.057048864639332425
Shkoporov	contrast	0.9686648501362398	0.05715434083601286
Shkoporov	contrast	0.967983651226158	0.05723146320834508
Shkoporov	contrast	0.967983651226158	0.0573238129815644
Shkoporov	contrast	0.967983651226158	0.05742342196718662
Shkoporov	contrast	0.967983651226158	0.05753269363132111
Shkoporov	contrast	0.967983651226158	0.057731372389696924
Shkoporov	contrast	0.967983651226158	0.05781358069897067
Shkoporov	contrast	0.967983651226158	0.057912540245343765
Shkoporov	contrast	0.967983651226158	0.05812098654341691
Shkoporov	contrast	0.967983651226158	0.05820669315528612
Shkoporov	contrast	0.967983651226158	0.05827830865767133
Shkoporov	contrast	0.967983651226158	0.0583740705747032
Shkoporov	contrast	0.967983651226158	0.058544825313118
Shkoporov	contrast	0.967983651226158	0.05863178742366727
Shkoporov	contrast	0.967983651226158	0.05876028615142869
Shkoporov	contrast	0.967983651226158	0.05891620713959948
Shkoporov	contrast	0.967983651226158	0.05903859736590635
Shkoporov	contrast	0.967983651226158	0.05913441531419059
Shkoporov	contrast	0.967983651226158	0.05924289168681731
Shkoporov	contrast	0.967983651226158	0.05943865813360104
Shkoporov	contrast	0.967983651226158	0.059583211036102146
Shkoporov	contrast	0.967983651226158	0.0597033738078232
Shkoporov	contrast	0.967983651226158	0.059884529478696956
Shkoporov	contrast	0.967983651226158	0.060041407867494824
Shkoporov	contrast	0.967983651226158	0.06015324048596707
Shkoporov	contrast	0.967983651226158	0.06035251645784668
Shkoporov	contrast	0.967983651226158	0.06050413012007153
Shkoporov	contrast	0.967983651226158	0.06064615253296914
Shkoporov	contrast	0.967983651226158	0.06072390068800479
Shkoporov	contrast	0.967983651226158	0.06091914601731973
Shkoporov	contrast	0.967983651226158	0.061052631578947365
Shkoporov	contrast	0.967983651226158	0.06116300090388671
Shkoporov	contrast	0.967983651226158	0.06132665832290363
Shkoporov	contrast	0.967983651226158	0.061509825989091854
Shkoporov	contrast	0.967983651226158	0.061611168921262574
Shkoporov	contrast	0.967983651226158	0.061852528945764776
Shkoporov	contrast	0.967983651226158	0.06196581196581197
Shkoporov	contrast	0.967983651226158	0.062068664278850355
Shkoporov	contrast	0.967983651226158	0.062185462343004684
Shkoporov	contrast	0.967983651226158	0.06239845430992842
Shkoporov	contrast	0.967983651226158	0.06248076331178824
Shkoporov	contrast	0.967983651226158	0.06263222849083216
Shkoporov	contrast	0.967983651226158	0.06290672451193059
Shkoporov	contrast	0.967983651226158	0.0629680506934905
Shkoporov	contrast	0.967983651226158	0.06309666533457661
Shkoporov	contrast	0.967983651226158	0.06330185317177477
Shkoporov	contrast	0.9673024523160763	0.06344950848972297
Shkoporov	contrast	0.9673024523160763	0.06359727696166248
Shkoporov	contrast	0.9673024523160763	0.0637800934243622
Shkoporov	contrast	0.9673024523160763	0.06400144228602335
Shkoporov	contrast	0.9673024523160763	0.06411414123171393
Shkoporov	contrast	0.9673024523160763	0.06425920897818807
Shkoporov	contrast	0.9673024523160763	0.0645190603843882
Shkoporov	contrast	0.9673024523160763	0.06467480415376207
Shkoporov	contrast	0.9673024523160763	0.06489351978795357
Shkoporov	contrast	0.9673024523160763	0.0651585371449548
Shkoporov	contrast	0.9673024523160763	0.06524535930895056
Shkoporov	contrast	0.9673024523160763	0.06536850342954473
Shkoporov	contrast	0.9673024523160763	0.06551326412918108
Shkoporov	contrast	0.9673024523160763	0.06572552649849572
Shkoporov	contrast	0.9666212534059946	0.06590803529958197
Shkoporov	contrast	0.9666212534059946	0.06607068026260651
Shkoporov	contrast	0.9659400544959128	0.06621217781098244
Shkoporov	contrast	0.9659400544959128	0.0663919842681899
Shkoporov	contrast	0.965258855585831	0.06659147516330655
Shkoporov	contrast	0.965258855585831	0.06678606777584013
Shkoporov	contrast	0.965258855585831	0.06688694831248525
Shkoporov	contrast	0.965258855585831	0.06703249917214626
Shkoporov	contrast	0.9645776566757494	0.06713445856248815
Shkoporov	contrast	0.9645776566757494	0.06736441484300666
Shkoporov	contrast	0.9645776566757494	0.0675765963539181
Shkoporov	contrast	0.9638964577656676	0.06765155861541404
Shkoporov	contrast	0.9638964577656676	0.06792760789208391
Shkoporov	contrast	0.9638964577656676	0.06810415363141936
Shkoporov	contrast	0.9632152588555858	0.06840170278637771
Shkoporov	contrast	0.9625340599455041	0.06849580687381841
Shkoporov	contrast	0.9625340599455041	0.06868559206688703
Shkoporov	contrast	0.9625340599455041	0.06877920560747663
Shkoporov	contrast	0.9625340599455041	0.06904471048130956
Shkoporov	contrast	0.9625340599455041	0.06924773339867679
Shkoporov	contrast	0.9625340599455041	0.0693973773390305
Shkoporov	contrast	0.9625340599455041	0.06960934036159416
Shkoporov	contrast	0.9625340599455041	0.06989859015582488
Shkoporov	contrast	0.9618528610354223	0.07011271661949452
Shkoporov	contrast	0.9618528610354223	0.0702662353819358
Shkoporov	contrast	0.9604904632152589	0.07042605264472304
Shkoporov	contrast	0.9591280653950953	0.07060121345835632
Shkoporov	contrast	0.9591280653950953	0.0707182320441989
Shkoporov	contrast	0.9584468664850136	0.0708958984178172
Shkoporov	contrast	0.9584468664850136	0.0711540406594518
Shkoporov	contrast	0.9584468664850136	0.07134526646721769
Shkoporov	contrast	0.9584468664850136	0.07162856997403655
Shkoporov	contrast	0.9584468664850136	0.07192516102647992
Shkoporov	contrast	0.9584468664850136	0.07218345988097681
Shkoporov	contrast	0.9584468664850136	0.07232445769507556
Shkoporov	contrast	0.9577656675749319	0.07254527630153243
Shkoporov	contrast	0.9577656675749319	0.07274044182316726
Shkoporov	contrast	0.9577656675749319	0.0728950642886769
Shkoporov	contrast	0.9577656675749319	0.07326732673267326
Shkoporov	contrast	0.9577656675749319	0.07347024089460208
Shkoporov	contrast	0.9577656675749319	0.0737438371971048
Shkoporov	contrast	0.9570844686648501	0.0740213898108635
Shkoporov	contrast	0.9570844686648501	0.07418946034428134
Shkoporov	contrast	0.9570844686648501	0.07448838935425724
Shkoporov	contrast	0.9570844686648501	0.07457141340693169
Shkoporov	contrast	0.9570844686648501	0.07486944474048812
Shkoporov	contrast	0.9564032697547684	0.07503206498503634
Shkoporov	contrast	0.9564032697547684	0.07520488510364776
Shkoporov	contrast	0.9564032697547684	0.07563840103437129
Shkoporov	contrast	0.9564032697547684	0.07588778984919733
Shkoporov	contrast	0.9564032697547684	0.07608106643546114
Shkoporov	contrast	0.9564032697547684	0.0764247999564531
Shkoporov	contrast	0.9564032697547684	0.07665847665847667
Shkoporov	contrast	0.9564032697547684	0.07678844891708597
Shkoporov	contrast	0.9550408719346049	0.07695263186783029
Shkoporov	contrast	0.9550408719346049	0.0771516618974246
Shkoporov	contrast	0.9543596730245232	0.07735630279940368
Shkoporov	contrast	0.9536784741144414	0.07766128584900427
Shkoporov	contrast	0.9536784741144414	0.07782533770637612
Shkoporov	contrast	0.9536784741144414	0.07815116668527408
Shkoporov	contrast	0.9536784741144414	0.07844016136261767
Shkoporov	contrast	0.9529972752043597	0.07868834017661286
Shkoporov	contrast	0.9529972752043597	0.07890580936266216
Shkoporov	contrast	0.9516348773841962	0.07908293235210868
Shkoporov	contrast	0.9516348773841962	0.07944270685243104
Shkoporov	contrast	0.9509536784741145	0.07983073140046892
Shkoporov	contrast	0.9509536784741145	0.08015617822691777
Shkoporov	contrast	0.9509536784741145	0.0803730784731418
Shkoporov	contrast	0.9495912806539509	0.08063863018453173
Shkoporov	contrast	0.9489100817438693	0.08079577750710516
Shkoporov	contrast	0.9489100817438693	0.0811251528740318
Shkoporov	contrast	0.9482288828337875	0.08141779259519213
Shkoporov	contrast	0.9475476839237057	0.08168898285177355
Shkoporov	contrast	0.9475476839237057	0.08191990577149588
Shkoporov	contrast	0.946866485013624	0.082258255414842
Shkoporov	contrast	0.946866485013624	0.0825906120023767
Shkoporov	contrast	0.946866485013624	0.08317874453952487
Shkoporov	contrast	0.946866485013624	0.08329338446788111
Shkoporov	contrast	0.946866485013624	0.08355876164712954
Shkoporov	contrast	0.946866485013624	0.08375512171607616
Shkoporov	contrast	0.946866485013624	0.08413534289691907
Shkoporov	contrast	0.946866485013624	0.08447793849519873
Shkoporov	contrast	0.946866485013624	0.08471993661242153
Shkoporov	contrast	0.946866485013624	0.08505170409349569
Shkoporov	contrast	0.946866485013624	0.08545432189843846
Shkoporov	contrast	0.9461852861035422	0.08560335264390484
Shkoporov	contrast	0.9455040871934605	0.08597621407333994
Shkoporov	contrast	0.9455040871934605	0.08627548483341621
Shkoporov	contrast	0.9455040871934605	0.08659305009669974
Shkoporov	contrast	0.9448228882833788	0.08698106108114888
Shkoporov	contrast	0.9448228882833788	0.08737007874015748
Shkoporov	contrast	0.9448228882833788	0.08798528292311596
Shkoporov	contrast	0.9448228882833788	0.08830457757687656
Shkoporov	contrast	0.944141689373297	0.08863025962399283
Shkoporov	contrast	0.944141689373297	0.08902877697841727
Shkoporov	contrast	0.944141689373297	0.0892811131151765
Shkoporov	contrast	0.9427792915531336	0.08964311160049226
Shkoporov	contrast	0.9427792915531336	0.09003382773874577
Shkoporov	contrast	0.9420980926430518	0.09032131661442007
Shkoporov	contrast	0.9420980926430518	0.09080165452038605
Shkoporov	contrast	0.9420980926430518	0.09132329635499208
Shkoporov	contrast	0.9420980926430518	0.09158333885173167
Shkoporov	contrast	0.94141689373297	0.09190663031189732
Shkoporov	contrast	0.94141689373297	0.09244765536156264
Shkoporov	contrast	0.9400544959128065	0.09268587547854121
Shkoporov	contrast	0.9400544959128065	0.09301071645211297
Shkoporov	contrast	0.9400544959128065	0.093584700935847
Shkoporov	contrast	0.9400544959128065	0.09395424836601307
Shkoporov	contrast	0.9400544959128065	0.09421081376297105
Shkoporov	contrast	0.9393732970027248	0.09460757409440175
Shkoporov	contrast	0.9393732970027248	0.09478314660801429
Shkoporov	contrast	0.9386920980926431	0.09532374100719425
Shkoporov	contrast	0.9386920980926431	0.09572768322334144
Shkoporov	contrast	0.9386920980926431	0.09634342445640774
Shkoporov	contrast	0.9386920980926431	0.09662716499544212
Shkoporov	contrast	0.9373297002724795	0.0969970393345552
Shkoporov	contrast	0.9373297002724795	0.09716827907633642
Shkoporov	contrast	0.9373297002724795	0.09758173179207148
Shkoporov	contrast	0.9373297002724795	0.09830678002429091
Shkoporov	contrast	0.9373297002724795	0.09865920986592099
Shkoporov	contrast	0.9366485013623979	0.09889951808962094
Shkoporov	contrast	0.9366485013623979	0.09917772648586266
Shkoporov	contrast	0.9346049046321526	0.09960795702047336
Shkoporov	contrast	0.9339237057220708	0.10002188662727074
Shkoporov	contrast	0.9332425068119891	0.10055045871559633
Shkoporov	contrast	0.9332425068119891	0.10099520825654257
Shkoporov	contrast	0.9332425068119891	0.101662214306916
Shkoporov	contrast	0.9332425068119891	0.10225406777130915
Shkoporov	contrast	0.9332425068119891	0.10286829854332483
Shkoporov	contrast	0.9332425068119891	0.10365438450480442
Shkoporov	contrast	0.9305177111716622	0.10400487284909396
Shkoporov	contrast	0.9298365122615804	0.10470200199432385
Shkoporov	contrast	0.9284741144414169	0.10525909336628311
Shkoporov	contrast	0.9284741144414169	0.1058805251301173
Shkoporov	contrast	0.9284741144414169	0.10634313801981743
Shkoporov	contrast	0.9284741144414169	0.1071035674996071
Shkoporov	contrast	0.9277929155313351	0.10776169000712081
Shkoporov	contrast	0.9277929155313351	0.10813815005954744
Shkoporov	contrast	0.9277929155313351	0.10896
Shkoporov	contrast	0.9257493188010899	0.10941148055712101
Shkoporov	contrast	0.9257493188010899	0.11003157639057566
Shkoporov	contrast	0.9257493188010899	0.11072185106729672
Shkoporov	contrast	0.9257493188010899	0.11144825323929801
Shkoporov	contrast	0.9250681198910081	0.11177874722199357
Shkoporov	contrast	0.9243869209809265	0.11287639327898852
Shkoporov	contrast	0.9243869209809265	0.11344256813241933
Shkoporov	contrast	0.9243869209809265	0.11391873740765615
Shkoporov	contrast	0.9237057220708447	0.11454637607704005
Shkoporov	contrast	0.9230245231607629	0.11520149634415916
Shkoporov	contrast	0.9223433242506812	0.11558818507768483
Shkoporov	contrast	0.9216621253405994	0.1162770711584737
Shkoporov	contrast	0.9216621253405994	0.11670835849219356
Shkoporov	contrast	0.9216621253405994	0.11711243832770708
Shkoporov	contrast	0.9196185286103542	0.1178627553693033
Shkoporov	contrast	0.9189373297002725	0.11845802599227256
Shkoporov	contrast	0.9182561307901907	0.11874559548978153
Shkoporov	contrast	0.9168937329700273	0.11928394186458703
Shkoporov	contrast	0.9155313351498637	0.11989295272078501
Shkoporov	contrast	0.9141689373297003	0.12034795085642543
Shkoporov	contrast	0.9134877384196185	0.12135746606334842
Shkoporov	contrast	0.9128065395095368	0.12187357889949978
Shkoporov	contrast	0.9128065395095368	0.12234091116589062
Shkoporov	contrast	0.9128065395095368	0.12317308576155897
Shkoporov	contrast	0.9128065395095368	0.12403961862445617
Shkoporov	contrast	0.912125340599455	0.12445394553397156
Shkoporov	contrast	0.9107629427792916	0.12512868507253158
Shkoporov	contrast	0.9100817438692098	0.12604962732333239
Shkoporov	contrast	0.9100817438692098	0.12694792854427975
Shkoporov	contrast	0.909400544959128	0.1276412658954011
Shkoporov	contrast	0.9087193460490464	0.1284668721109399
Shkoporov	contrast	0.9087193460490464	0.12913843175217812
Shkoporov	contrast	0.9080381471389646	0.12948033025740652
Shkoporov	contrast	0.9066757493188011	0.1300439667806546
Shkoporov	contrast	0.9066757493188011	0.1308236681737763
Shkoporov	contrast	0.9059945504087193	0.13140993972927575
Shkoporov	contrast	0.9053133514986376	0.13206797177779986
Shkoporov	contrast	0.9032697547683923	0.132626525305061
Shkoporov	contrast	0.9025885558583107	0.13329979879275655
Shkoporov	contrast	0.9019073569482289	0.13383200242595775
Shkoporov	contrast	0.9005449591280654	0.13444523543170955
Shkoporov	contrast	0.8998637602179836	0.13514066496163682
Shkoporov	contrast	0.8978201634877384	0.13598844407758975
Shkoporov	contrast	0.896457765667575	0.13651452282157675
Shkoporov	contrast	0.8944141689373297	0.13715658623211113
Shkoporov	contrast	0.8937329700272479	0.1376271897618798
Shkoporov	contrast	0.8910081743869209	0.13848597141344626
Shkoporov	contrast	0.8903269754768393	0.13939846416382254
Shkoporov	contrast	0.8889645776566758	0.1401417525773196
Shkoporov	contrast	0.888283378746594	0.14051724137931035
Shkoporov	contrast	0.8876021798365122	0.14147665580890337
Shkoporov	contrast	0.8862397820163488	0.1419375954614881
Shkoporov	contrast	0.8841961852861036	0.14246515201404894
Shkoporov	contrast	0.8835149863760218	0.14348932404026993
Shkoporov	contrast	0.8828337874659401	0.14409606404269512
Shkoporov	contrast	0.8828337874659401	0.14488541084404696
Shkoporov	contrast	0.8828337874659401	0.14571621317742298
Shkoporov	contrast	0.8828337874659401	0.14606108418798602
Shkoporov	contrast	0.8814713896457765	0.14684521107580573
Shkoporov	contrast	0.8807901907356949	0.14721621313901856
Shkoporov	contrast	0.8794277929155313	0.14794865917946368
Shkoporov	contrast	0.8773841961852861	0.14818223653934653
Shkoporov	contrast	0.8773841961852861	0.14909133001504804
Shkoporov	contrast	0.8767029972752044	0.1493905977945444
Shkoporov	contrast	0.8760217983651226	0.15032144944476913
Shkoporov	contrast	0.8760217983651226	0.15100986378581494
Shkoporov	contrast	0.8746594005449592	0.15204262877442273
Shkoporov	contrast	0.8732970027247956	0.15218423551756885
Shkoporov	contrast	0.8732970027247956	0.15291030534351144
Shkoporov	contrast	0.8719346049046321	0.15338526063511085
Shkoporov	contrast	0.8705722070844687	0.1540130151843818
Shkoporov	contrast	0.8698910081743869	0.15446957783960324
Shkoporov	contrast	0.8692098092643051	0.1553256238587949
Shkoporov	contrast	0.8685286103542235	0.15613519470977222
Shkoporov	contrast	0.8685286103542235	0.15638415307248865
Shkoporov	contrast	0.8685286103542235	0.1574074074074074
Shkoporov	contrast	0.8671662125340599	0.15788168175617015
Shkoporov	contrast	0.8664850136239782	0.15894039735099338
Shkoporov	contrast	0.8664850136239782	0.1602216903892178
Shkoporov	contrast	0.8658038147138964	0.16066236885349514
Shkoporov	contrast	0.8651226158038147	0.16176283276015793
Shkoporov	contrast	0.864441416893733	0.16248399487836107
Shkoporov	contrast	0.8623978201634878	0.16318638824439288
Shkoporov	contrast	0.797683923705722	0.25456521739130433
Shkoporov	contrast	0.7970027247956403	0.25573770491803277
Shkoporov	contrast	0.7956403269754768	0.25749559082892415
Shkoporov	contrast	0.7949591280653951	0.2617178739627719
Shkoporov	contrast	0.7935967302452316	0.26297968397291194
Shkoporov	contrast	0.7915531335149864	0.2647527910685805
Shkoporov	contrast	0.7901907356948229	0.2661160816701078
Shkoporov	contrast	0.7888283378746594	0.26682027649769585
Shkoporov	contrast	0.7888283378746594	0.2691771269177127
Shkoporov	contrast	0.7861035422343324	0.27108292224571295
Shkoporov	contrast	0.7840599455040872	0.2715903728173667
Shkoporov	contrast	0.782016348773842	0.2732032365540219
Shkoporov	contrast	0.7806539509536785	0.27475425557420285
Shkoporov	contrast	0.779291553133515	0.276195074843071
Shkoporov	contrast	0.7772479564032697	0.2768745450133463
Shkoporov	contrast	0.7752043596730245	0.2790583619421285
Shkoporov	contrast	0.7731607629427792	0.2805239742956006
Shkoporov	contrast	0.7717983651226158	0.2824027916251246
Shkoporov	contrast	0.7704359673024523	0.2831038798498123
Shkoporov	contrast	0.7683923705722071	0.2852085967130215
Shkoporov	contrast	0.7670299727520435	0.2854969574036511
Shkoporov	contrast	0.7643051771117166	0.28710337768679633
Shkoporov	contrast	0.7622615803814714	0.28810504634397527
Shkoporov	contrast	0.760899182561308	0.2898287493513233
Shkoporov	contrast	0.7574931880108992	0.291710388247639
Shkoporov	contrast	0.7568119891008175	0.2935270805812417
Shkoporov	contrast	0.7547683923705722	0.295230482280842
Shkoporov	contrast	0.752724795640327	0.29856795460686303
Shkoporov	contrast	0.7493188010899182	0.3003823047515019
Shkoporov	contrast	0.7479564032697548	0.30206327372764785
Shkoporov	contrast	0.7438692098092643	0.30494275342083216
Shkoporov	contrast	0.7418256130790191	0.3072799097065463
Shkoporov	contrast	0.7397820163487738	0.31081854607899256
Shkoporov	contrast	0.739100817438692	0.31196089706728003
Shkoporov	contrast	0.7363760217983651	0.31406159209761764
Shkoporov	contrast	0.7329700272479565	0.31740412979351035
Shkoporov	contrast	0.7316076294277929	0.3204057279236277
Shkoporov	contrast	0.728882833787466	0.3228726614363307
Shkoporov	contrast	0.726158038147139	0.3250991155840195
Shkoporov	contrast	0.7254768392370572	0.32678735808530224
Shkoporov	contrast	0.7213896457765667	0.3315591734502192
Shkoporov	contrast	0.715258855585831	0.3322784810126582
Shkoporov	contrast	0.7125340599455041	0.3350416399743754
Shkoporov	contrast	0.7104904632152589	0.3383068439831333
Shkoporov	contrast	0.7070844686648501	0.3411107459743674
Shkoporov	contrast	0.7009536784741145	0.3428857047650783
Shkoporov	contrast	0.696866485013624	0.34363453140745714
Shkoporov	contrast	0.694141689373297	0.3458927359131025
Shkoporov	contrast	0.69141689373297	0.3492773571920165
Shkoporov	contrast	0.6866485013623979	0.3528176408820441
Shkoporov	contrast	0.6811989100817438	0.35423308537017356
Shkoporov	contrast	0.6798365122615804	0.3584770114942529
Shkoporov	contrast	0.6771117166212534	0.3614545454545455
Shkoporov	contrast	0.6723433242506812	0.36246786632390743
Shkoporov	contrast	0.6709809264305178	0.3652206154987023
Shkoporov	contrast	0.6662125340599455	0.36836158192090396
Shkoporov	contrast	0.6628065395095368	0.3708079268292683
Shkoporov	contrast	0.6573569482288828	0.37301894085813686
Shkoporov	contrast	0.6573569482288828	0.3760717069368667
Shkoporov	contrast	0.6546321525885559	0.37864460204885736
Shkoporov	contrast	0.6498637602179836	0.381294964028777
Shkoporov	contrast	0.646457765667575	0.3862433862433862
Shkoporov	contrast	0.6444141689373297	0.3896210873146623
Shkoporov	contrast	0.6430517711171662	0.3913764510779436
Shkoporov	contrast	0.638283378746594	0.39519190215099115
Shkoporov	contrast	0.6362397820163488	0.3982942430703625
Shkoporov	contrast	0.6321525885558583	0.4013840830449827
Shkoporov	contrast	0.6246594005449592	0.4028998242530756
Shkoporov	contrast	0.6185286103542235	0.40517626059794737
Shkoporov	contrast	0.611716621253406	0.4052346570397112
Shkoporov	contrast	0.6089918256130791	0.40990371389270974
Shkoporov	contrast	0.6055858310626703	0.4138733705772812
Shkoporov	contrast	0.6001362397820164	0.415762151958471
Shkoporov	contrast	0.5946866485013624	0.41850431447746883
Shkoporov	contrast	0.5871934604904632	0.41926070038910507
Shkoporov	contrast	0.5817438692098093	0.4202755905511811
Shkoporov	contrast	0.5776566757493188	0.4229426433915212
Shkoporov	contrast	0.5735694822888283	0.42525252525252527
Shkoporov	contrast	0.5667574931880109	0.4290871583290356
Shkoporov	contrast	0.5592643051771117	0.4296180010465725
Shkoporov	contrast	0.5544959128065395	0.43160127253446445
Shkoporov	contrast	0.547683923705722	0.430406852248394
Shkoporov	contrast	0.5429155313351499	0.43197831978319784
Shkoporov	contrast	0.5374659400544959	0.4332784184514003
Shkoporov	contrast	0.529291553133515	0.43335192414947016
Shkoporov	contrast	0.5252043596730245	0.4388161639157655
Shkoporov	contrast	0.5190735694822888	0.43843498273878023
Shkoporov	contrast	0.510899182561308	0.4370629370629371
Shkoporov	contrast	0.5054495912806539	0.4385342789598109
Shkoporov	contrast	0.502724795640327	0.4405970149253731
Shkoporov	contrast	0.49591280653950953	0.4414796846573681
Shkoporov	contrast	0.49318801089918257	0.44335578689528476
Shkoporov	contrast	0.48978201634877383	0.446029776674938
Shkoporov	contrast	0.48637602179836514	0.4473684210526316
Shkoporov	contrast	0.48024523160762944	0.45076726342711
Shkoporov	contrast	0.4782016348773842	0.4529032258064516
Shkoporov	contrast	0.470708446866485	0.45222513089005234
Shkoporov	contrast	0.46662125340599453	0.45184696569920846
Shkoporov	contrast	0.46185286103542234	0.4523015343562375
Shkoporov	contrast	0.45776566757493187	0.4549763033175355
Shkoporov	contrast	0.4529972752043597	0.4570446735395189
Shkoporov	contrast	0.44482288828337874	0.45505226480836236
Shkoporov	contrast	0.4359673024523161	0.45357902197023386
Shkoporov	contrast	0.4318801089918256	0.4544802867383513
Shkoporov	contrast	0.42779291553133514	0.4570596797671033
Shkoporov	contrast	0.41825613079019075	0.4568452380952381
Shkoporov	contrast	0.41348773841961856	0.46089597570235386
Shkoporov	contrast	0.41076294277929154	0.4659969088098918
Shkoporov	contrast	0.4053133514986376	0.4637568199532346
Shkoporov	contrast	0.3991825613079019	0.46214511041009465
Shkoporov	contrast	0.39373297002724794	0.46166134185303515
Shkoporov	contrast	0.38896457765667575	0.46385052802599513
Shkoporov	contrast	0.3801089918256131	0.4603960396039604
Shkoporov	contrast	0.3726158038147139	0.4612141652613828
Shkoporov	contrast	0.3698910081743869	0.46689595872742906
Shkoporov	contrast	0.364441416893733	0.4692982456140351
Shkoporov	contrast	0.36103542234332425	0.4744852282900627
Shkoporov	contrast	0.35490463215258855	0.4732061762034514
Shkoporov	contrast	0.35013623978201636	0.4759259259259259
Shkoporov	contrast	0.3460490463215259	0.4761012183692596
Shkoporov	contrast	0.3405994550408719	0.4789272030651341
Shkoporov	contrast	0.33651226158038144	0.48289345063538613
Shkoporov	contrast	0.33310626702997276	0.4851190476190476
Shkoporov	contrast	0.32833787465940056	0.48884381338742394
Shkoporov	contrast	0.3242506811989101	0.4887063655030801
Shkoporov	contrast	0.3215258855585831	0.490134994807892
Shkoporov	contrast	0.3167574931880109	0.49206349206349204
Shkoporov	contrast	0.3119891008174387	0.49728555917481
Shkoporov	contrast	0.30517711171662126	0.49612403100775193
Shkoporov	contrast	0.3010899182561308	0.4983089064261556
Shkoporov	contrast	0.2949591280653951	0.4959908361970218
Shkoporov	contrast	0.29291553133514986	0.4994192799070848
Shkoporov	contrast	0.2888283378746594	0.5
Shkoporov	contrast	0.2840599455040872	0.5018050541516246
Shkoporov	contrast	0.2779291553133515	0.49938800489596086
Shkoporov	contrast	0.273841961852861	0.4987593052109181
Shkoporov	contrast	0.2670299727520436	0.4962025316455696
Shkoporov	contrast	0.26294277929155313	0.4967824967824968
Shkoporov	contrast	0.2595367847411444	0.49934469200524245
Shkoporov	contrast	0.25817438692098094	0.5053333333333333
Shkoporov	contrast	0.2547683923705722	0.508843537414966
Shkoporov	contrast	0.24931880108991825	0.5062240663900415
Shkoporov	contrast	0.24455040871934605	0.5049226441631505
Shkoporov	contrast	0.23773841961852862	0.5036075036075036
Shkoporov	contrast	0.23024523160762944	0.49926144756277696
Shkoporov	contrast	0.22615803814713897	0.503793626707132
Shkoporov	contrast	0.22343324250681199	0.5046153846153846
Shkoporov	contrast	0.22002724795640327	0.5046875
Shkoporov	contrast	0.21321525885558584	0.5016025641025641
Shkoporov	contrast	0.21049046321525886	0.503257328990228
Shkoporov	contrast	0.20776566757493187	0.5049668874172185
Shkoporov	contrast	0.20572207084468666	0.5092748735244519
Shkoporov	contrast	0.1989100817438692	0.5078260869565218
Shkoporov	contrast	0.1927792915531335	0.5053571428571428
Shkoporov	contrast	0.18664850136239783	0.5027522935779817
Shkoporov	contrast	0.18256130790190736	0.5037593984962406
Shkoporov	contrast	0.1784741144414169	0.5038461538461538
Shkoporov	contrast	0.17643051771117166	0.5088408644400786
Shkoporov	contrast	0.17166212534059946	0.5060240963855421
Shkoporov	contrast	0.16893732970027248	0.511340206185567
Shkoporov	contrast	0.16348773841961853	0.5084745762711864
Shkoporov	contrast	0.16076294277929154	0.5130434782608696
Shkoporov	contrast	0.1553133514986376	0.5100671140939598
Shkoporov	contrast	0.15122615803814715	0.5080091533180778
Shkoporov	contrast	0.14577656675749318	0.5059101654846335
Shkoporov	contrast	0.13896457765667575	0.5
Shkoporov	contrast	0.13487738419618528	0.5025380710659898
Shkoporov	contrast	0.13147138964577657	0.5052356020942408
Shkoporov	contrast	0.1287465940054496	0.5108108108108108
Shkoporov	contrast	0.12602179836512262	0.5167597765363129
Shkoporov	contrast	0.12057220708446867	0.5115606936416185
Shkoporov	contrast	0.11852861035422343	0.5194029850746269
Shkoporov	contrast	0.11307901907356949	0.5107692307692308
Shkoporov	contrast	0.11035422343324251	0.5175718849840255
Shkoporov	contrast	0.10831062670299728	0.5282392026578073
Shkoporov	contrast	0.10286103542234333	0.5261324041811847
Shkoporov	contrast	0.09877384196185286	0.5234657039711191
Shkoporov	contrast	0.09536784741144415	0.5303030303030303
Shkoporov	contrast	0.08787465940054497	0.5222672064777328
Shkoporov	contrast	0.08514986376021798	0.5274261603375527
Shkoporov	contrast	0.07970027247956403	0.5154185022026432
Shkoporov	contrast	0.07493188010899182	0.514018691588785
Shkoporov	contrast	0.07220708446866485	0.5170731707317073
Shkoporov	contrast	0.06607629427792916	0.5
Shkoporov	contrast	0.06130790190735695	0.4918032786885246
Shkoporov	contrast	0.05790190735694823	0.4885057471264368
Shkoporov	contrast	0.05040871934604905	0.4625
Shkoporov	contrast	0.04700272479564033	0.45695364238410596
Shkoporov	contrast	0.04495912806539509	0.4647887323943662
Shkoporov	contrast	0.04223433242506812	0.4696969696969697
Shkoporov	contrast	0.03814713896457766	0.45528455284552843
Shkoporov	contrast	0.035422343324250684	0.46017699115044247
Shkoporov	contrast	0.031335149863760216	0.46
Shkoporov	contrast	0.02861035422343324	0.46153846153846156
Shkoporov	contrast	0.02452316076294278	0.45569620253164556
Shkoporov	contrast	0.020435967302452316	0.42857142857142855
Shkoporov	contrast	0.0170299727520436	0.4166666666666667
Shkoporov	contrast	0.01430517711171662	0.42
Shkoporov	contrast	0.01226158038147139	0.45
Shkoporov	contrast	0.009536784741144414	0.4827586206896552
Shkoporov	contrast	0.005449591280653951	0.4
Shkoporov	contrast	0.004087193460490463	0.6
Shkoporov	contrast	0.0	1.0
